,报表日期,20190930,20190630,20190331,20181231,20180930,20180630,20180331,20171231,20170930,20170630,20170331,20161231,20160930,20160630,20160331,20151231,20150930,20150630,20150331,20141231,20140930,20140630,20140331,20131231,20130930,20130630,20130331,20121231,20120930,20120630,20120331,20111231,20110930,20110630,20110331,20101231,20100930,20100630,20100331,20091231,20090930,20090630,20090331,20081231,20080930,20080630,20080331,20071231,20070930,20070630,20070331,20061231,20060930,20060630,20060331,20051231,20050930,20050630,20050331,20041231,20040930,20040630,20040331,20031231,20030930,20030630,20030331,20021231,20020630,20011231,19700101
0,单位,元,元,元,元,元,元,元,元,元,元,元,元,元,元,元,元,元,元,元,元,元,元,元,元,元,元,元,元,元,元,元,元,元,元,元,元,元,元,元,元,元,元,元,元,元,元,元,元,元,元,元,元,元,元,元,元,元,元,元,元,元,元,元,元,元,元,元,元,元,元,
1,一、经营活动产生的现金流量,,,,,,,,,,,,,,,,,,,,,,,,,,,,,,,,,,,,,,,,,,,,,,,,,,,,,,,,,,,,,,,,,,,,,,,
2,销售商品、提供劳务收到的现金,6553437672.95,2424117879.49,1159505692.88,5763099934.49,4065431374.39,2873918790.40,1341031682.13,4417051156.29,3166319084.18,2005076808.67,964756856.60,2921341629.36,2149637328.29,1444543709.81,672537442.27,2953979517.45,2301983210.08,1527264873.55,715056314.05,2972456034.15,2201204867.79,1449885237.76,666962465.05,3043169727.61,2322161084.43,1573189528.11,772725526.59,2337214659.01,1805547037.85,1142862403.23,536408818.40,1978136420.68,1325760324.57,862156578.11,442390143.06,1554065003.72,1185497237.91,805787711.58,344321152.36,1462734821.81,1168246353.53,882766407.63,492294804.78,2455475213.17,1956489730.03,1305951828.53,519889179.66,1465771107.74,1054498169.35,683440035.45,257029307.10,1045055914.50,747949112.11,494124641.25,222022552.94,896225006.48,707786347.62,511294721.30,195606995.96,589888328.43,427017876.05,285184640.56,134161987.99,411510812.90,354878213.86,207909080.40,74114219.13,343896754.22,130695212.87,332700999.00,0.0
3,收到的税费返还,275133443.10,111198347.99,60595691.73,306049796.41,242374808.85,173947001.45,87095726.65,231844822.18,149679557.11,86614175.86,28825482.93,122516754.61,106122882.24,69963983.68,54868454.02,92477452.71,48608764.77,15203999.72,8963806.27,40963328.52,36438393.60,25796750.73,8188490.27,78960078.55,66480459.52,22704086.07,9319055.54,54983608.43,31156076.64,8886888.90,2933509.79,43458760.14,49726267.83,35980398.17,29103943.16,65789647.31,54160328.23,36136553.29,17844643.06,43487880.13,38471755.52,22583835.59,8885515.29,12916146.75,4328782.60,2578295.04,815404.29,21202027.12,16638867.17,14558727.10,3022554.66,25515224.53,12323270.14,9792254.62,1565803.78,22126560.36,16100206.27,11720296.52,1351684.90,21033320.31,14051413.69,7429484.73,1315177.00,2200000.00,1300000.00,500000.00,0,0,0,0,0.0
4,收到的其他与经营活动有关的现金,74148775.10,20626773.63,12907546.69,24679200.28,18910953.81,12832096.62,7374156.34,27327744.81,19597270.94,14203505.70,3451682.70,35994973.19,12041945.10,6728515.11,2950232.23,47329284.16,20482208.03,17456085.95,4887206.32,39826934.35,28158394.36,22161502.34,20126566.93,37961319.54,13533383.87,10466564.31,3333346.59,37964516.48,19552804.03,14713731.97,4582718.67,34929940.23,33116879.72,57722327.25,14922764.41,82575634.37,45692042.56,42527163.65,10397736.09,30336457.07,17034013.17,16820940.70,1347936.25,22907331.05,14471412.02,11522622.02,1643837.88,13497178.81,6037257.50,3195465.66,2029422.88,4861992.88,6497175.08,5361357.35,6994829.82,14345792.16,9721381.35,9094060.13,1078197.40,8626447.60,3330188.40,1576759.00,813552.61,2687158.44,1772257.11,982110.63,673510.29,3140596.35,2010.00,345628.77,0.0
5,经营活动现金流入小计,6902719891.15,2555943001.11,1233008931.30,6093828931.18,4326717137.05,3060697888.47,1435501565.12,4676223723.28,3335595912.23,2105894490.23,997034022.23,3079853357.16,2267802155.63,1521236208.60,730356128.52,3093786254.32,2371074182.88,1559924959.22,728907326.64,3053246297.02,2265801655.75,1497843490.83,695277522.25,3160091125.70,2402174927.82,1606360178.49,785377928.72,2430162783.92,1856255918.52,1166463024.10,543925046.86,2056525121.05,1408603472.12,955859303.53,486416850.63,1702430285.40,1285349608.70,884451428.52,372563531.51,1536559159.01,1223752122.22,922171183.92,502528256.32,2491298690.97,1975289924.65,1320052745.59,522348421.83,1500470313.67,1077174294.02,701194228.21,262081284.64,1075433131.91,766769557.33,509278253.22,230583186.54,932697359.00,733607935.24,532109077.95,198036878.26,619548096.34,444399478.14,294190884.29,136290717.60,416397971.34,357950470.97,209391191.03,74787729.42,347037350.57,130697222.87,333046627.77,0.0
6,购买商品、接受劳务支付的现金,4720370378.73,1842881167.04,876941961.05,4062890324.64,2901242047.50,2002824430.67,852070437.02,2978966299.56,2096901193.48,1266795865.73,568032542.46,2252591965.52,1670607959.20,1153903269.14,492238047.93,2268375872.54,1796960779.23,1085185842.38,430347440.43,2037747499.14,1430550206.76,1062890432.88,450713668.32,2046991893.29,1371436385.69,954466930.33,465089067.31,1717305653.72,1325880918.45,779369817.35,416122117.18,1426514393.61,983592185.42,586114286.40,312568212.36,1107148278.60,875405332.32,598800660.70,269299714.88,1081662432.23,892742764.54,682294624.96,370655863.84,1633922247.86,1350700908.78,915018396.15,380624715.58,1122158507.77,795089377.23,487054831.63,217208378.52,781246617.56,561368036.48,354263507.20,153009368.57,662408223.22,507836185.36,336538983.32,152345691.50,493544407.94,336235000.39,252443636.43,153380906.04,271250941.47,226751825.74,145160427.79,63399741.31,243797974.08,101498611.77,203477054.62,0.0
7,支付给职工以及为职工支付的现金,565156546.00,205799220.40,133743058.44,359603763.49,278199316.99,180049039.68,95960330.22,291854358.33,229375561.44,175244457.08,75525666.83,276454703.42,209715349.15,166498204.56,87040697.95,223867990.47,146147638.42,112839311.54,41615058.68,169936223.59,100246502.84,61361490.23,36784058.91,143553006.96,86608711.24,56335120.14,27606414.70,99512418.32,75073918.03,46589719.69,23031024.31,81775684.63,53453714.72,45398912.07,26070267.75,75971169.20,54921154.04,46136870.44,25255109.75,67018083.72,57269846.92,43586164.02,25090277.70,59175886.65,45770928.65,33720400.31,19563663.65,52503776.46,30479681.04,19693487.12,11252499.63,37544455.64,26401864.97,18578182.37,10910146.66,26425745.68,18045426.15,12271276.31,5011809.76,21028731.52,15988136.97,9618468.76,4902292.49,21565882.12,12874970.17,8898526.19,5818980.26,20060848.05,6600974.23,17619021.73,0.0
8,支付的各项税费,272279792.86,88067405.51,24673579.64,209747444.14,187367793.25,136564305.97,43718531.79,109622192.19,78979174.74,50199545.23,16301091.24,127208515.06,111221730.31,84369435.04,12499009.38,177210313.24,122036885.54,85703281.76,38000533.07,118595700.62,97354623.46,67440028.13,10526592.16,111519940.27,59408879.50,43907289.05,5713514.74,73039999.82,47686152.09,38760705.63,13920105.77,86689475.81,69574147.31,50681215.72,28541135.49,54014984.73,45371455.46,32266553.30,6847163.31,34181404.29,21032093.80,14513091.60,4578083.67,120534829.61,86859479.03,69053141.37,17907332.86,79436051.97,61329095.36,48845170.68,15599166.74,39450072.05,29793790.06,25160606.33,6845810.60,31907271.70,27728324.00,17014473.46,5624346.19,26265132.29,23165354.33,11724293.30,2145355.28,15871541.48,12417277.49,6337200.18,715964.87,20572105.90,7567885.50,24183298.70,0.0
9,支付的其他与经营活动有关的现金,358634153.43,87612119.94,20839524.34,141371948.84,87522628.18,53166039.77,25672975.84,157079182.87,83629514.87,71070067.38,24037979.26,166688509.67,97641503.52,71891395.86,25355191.95,179002048.24,107964624.47,92742500.44,56641570.10,173419405.29,121998417.38,80512753.35,19062787.85,145799207.32,75169353.77,43266550.32,22657582.32,95125573.30,74041428.79,62275882.28,14885853.63,96164479.65,69276305.26,56118931.56,54801443.29,88376255.75,65426649.09,43472800.16,14019911.32,98584345.27,26681700.44,21036392.69,10885029.06,107625200.91,51190771.21,38570429.20,19614191.80,65092782.04,33481507.19,22842622.56,7587272.81,37420285.91,29709177.28,23109490.47,12924380.21,37410590.79,36391297.86,32056642.56,15353906.82,39175720.14,39619401.62,19313461.53,6633015.63,36153698.64,48476435.78,15035468.64,10308333.82,29380076.27,9625368.48,35972885.63,0.0
10,经营活动现金流出小计,5916440871.02,2224359912.89,1056198123.47,4773613481.11,3454331785.92,2372603816.09,1017422274.87,3537522032.95,2488885444.53,1563309935.42,683897279.79,2822943693.67,2089186542.18,1476662304.60,617132947.21,2848456224.49,2173109927.66,1376470936.12,566604602.28,2499698828.64,1750149750.44,1272204704.59,517087107.24,2447864047.84,1592623330.20,1097975889.84,521066579.07,1984983645.16,1522682417.36,926996124.95,467959100.89,1691144033.70,1175896352.71,738313345.75,421981058.89,1325510688.28,1041124590.91,720676884.60,315421899.26,1281446265.51,997726405.70,761430273.27,411209254.27,1921258165.03,1534522087.67,1056362367.03,437709903.89,1319191118.24,920379660.82,578436111.99,251647317.70,895661431.16,647272868.79,421111786.37,183689706.04,758151831.39,590001233.37,397881375.65,178335754.27,580013991.89,415007893.31,293099860.02,167061569.44,344842063.71,300520509.18,175431622.80,80243020.26,313811004.30,125292839.98,281252260.68,0.0
11,经营活动产生的现金流量净额,986279020.13,331583088.22,176810807.83,1320215450.07,872385351.13,688094072.38,418079290.25,1138701690.33,846710467.70,542584554.81,313136742.44,256909663.49,178615613.45,44573904.00,113223181.31,245330029.83,197964255.22,183454023.10,162302724.36,553547468.38,515651905.31,225638786.24,178190415.01,712227077.86,809551597.62,508384288.65,264311349.65,445179138.76,333573501.16,239466899.15,75965945.97,365381087.35,232707119.41,217545957.78,64435791.74,376919597.12,244225017.79,163774543.92,57141632.25,255112893.50,226025716.52,160740910.65,91319002.05,570040525.94,440767836.98,263690378.56,84638517.94,181279195.43,156794633.20,122758116.22,10433966.94,179771700.75,119496688.54,88166466.85,46893480.50,174545527.61,143606701.87,134227702.30,19701123.99,39534104.45,29391584.83,1091024.27,-30770851.84,71555907.63,57429961.79,33959568.23,-5455290.84,33226346.27,5404382.89,51794367.09,0.0
12,二、投资活动产生的现金流量,,,,,,,,,,,,,,,,,,,,,,,,,,,,,,,,,,,,,,,,,,,,,,,,,,,,,,,,,,,,,,,,,,,,,,,
13,收回投资所收到的现金,1485000000.00,1275000000.00,299000000.00,1294867142.87,785867142.87,773867142.87,727677142.87,1258222857.13,820474285.71,623300000.00,623300000.00,71120000.00,0,0,0,478880000.00,225580000.00,200000000.00,0,546000000.00,0,0,0,170000000.00,0,0,0,0,0,0,0,0,0,0,0,0,0,0,0,0,0,0,0,0,0,0,0,0,0,0,0,12918932.09,172755.87,131121.51,0,1956286.00,8380.00,2520.00,2520.00,3689120.00,2400000.00,2400000.00,3420120.00,919000.00,644000.00,0,0,2800000.00,2800000.00,23000000.00,0.0
14,取得投资收益所收到的现金,61719317.71,50673606.87,21696647.95,91297664.44,44730608.27,30675654.84,16854555.44,72591204.46,28755702.73,11024202.73,6195139.72,73622980.82,5338871.24,3546257.54,1773128.77,49596555.35,29282950.53,24188116.16,3007246.03,32695561.63,8810958.90,5786301.37,2761643.84,10200000.00,0,0,0,0,0,0,0,0,0,0,0,0,0,0,0,0,0,0,0,0,0,0,0,35150000.00,0,0,0,112042.27,361798.18,0,0,294276.76,195640.90,57541.05,1168.52,965717.76,950551.09,950551.09,925615.14,271570.31,202440.95,0,0,453600.00,453600.00,1765483.95,0.0
15,处置固定资产、无形资产和其他长期资产所收回的现金净额,2864542.22,0,0,230.77,230.77,230.77,230.77,20852.10,13921.36,0,47744.59,214145.20,4979.61,4979.61,0,2807015.94,0,0,0,1180789.32,0,0,0,1390126.49,0,0,0,510391.54,0,0,0,333610.33,0,0,0,7846.15,7846.15,7846.15,7846.15,28709.99,0,0,0,0,0,0,0,892585.32,0,0,0,850000.00,0,0,0,0,1103331.51,1537287.04,0,0,1551116.53,0,0,158000.00,150000.00,150000.00,150000.00,0,0,0,0.0
16,处置子公司及其他营业单位收到的现金净额,0,0,0,0,0,0,0,0,0,0,0,0,0,0,0,0,0,0,0,0,0,0,0,0,0,0,0,0,0,0,0,0,0,0,0,0,0,0,0,0,0,0,0,0,0,0,0,0,0,0,0,0,0,0,0,0,0,0,0,0,0,0,0,0,0,0,0,0,0,0,0.0
17,收到的其他与投资活动有关的现金,400771400.03,0,0,0,0,0,0,0,0,0,0,0,0,0,0,0,0,0,0,0,0,0,0,0,0,0,0,0,0,0,0,0,0,0,0,0,0,0,0,0,0,0,0,0,0,0,0,0,0,0,0,0,0,0,0,0,0,0,0,0,0,0,0,0,0,0,0,0,0,0,0.0
18,投资活动现金流入小计,1950355259.96,1325673606.87,320696647.95,1386165038.08,830597981.91,804543028.48,744531929.08,1330834913.69,849243909.80,634324202.73,629542884.31,144957126.02,5343850.85,3551237.15,1773128.77,531283571.29,254862950.53,224188116.16,3007246.03,579876350.95,8810958.90,5786301.37,2761643.84,181590126.49,0.00,0.00,0.00,510391.54,0.00,0.00,0.00,333610.33,0.00,0.00,0,7846.15,7846.15,7846.15,7846.15,28709.99,0,0,0,0,0,0,0,36042585.32,0,0,0,13880974.36,534554.05,131121.51,0,2250562.76,1307352.41,1597348.09,3688.52,4654837.76,4901667.62,3350551.09,4345735.14,1348570.31,996440.95,150000.00,150000.00,3253600.00,3253600.00,24765483.95,0.0
19,购建固定资产、无形资产和其他长期资产所支付的现金,548257652.67,403241308.59,285914458.32,604865906.28,464610538.23,351271064.66,208046890.70,656892096.48,602101721.84,480876210.30,293984586.91,561540050.96,331124623.99,177188343.44,59327993.54,328984659.59,294424278.22,274635655.11,169494541.10,378647115.75,307730456.05,169332715.54,46205643.46,97837669.05,110954399.22,78968658.11,55154738.66,74110387.11,49162012.24,36464861.49,22727553.71,61978339.49,64346918.05,52325835.80,38631000.96,103369705.27,81645098.31,50785438.60,54069779.86,162480944.63,171819854.15,149937840.99,80585680.83,519571841.67,392000447.80,230454571.68,150320279.60,257040764.77,149521960.05,104252326.63,68354633.47,165537325.26,112068855.95,84023677.57,77970190.50,118081972.57,135173641.54,95894884.80,38288753.65,121730557.71,96427535.19,51563584.53,31699974.84,146877453.99,63745639.21,37238901.01,37052970.81,90628380.30,4469041.05,24682982.10,0.0
20,投资所支付的现金,1137810904.51,225000000.00,225000000.00,1554190000.00,830190000.00,421190000.00,321190000.00,1278600000.00,798600000.00,398600000.00,398600000.00,423300000.00,193300000.00,0,0,1000000000.00,0,0,0,550000000.00,200000000.00,200000000.00,0,546000000.00,0,0,0,170000000.00,0,0,0,0,0,0,0,0,0,0,0,0,0,0,0,0,0,0,0,0,0,0,0,5804746.21,263200.00,18480.00,0,1459887.00,2520.00,0,2520.00,2936480.00,765360.00,765360.00,1265120.00,4330759.90,644000.00,0,0,0,0,0,0.0
21,取得子公司及其他营业单位支付的现金净额,0,0,0,0,0,0,0,0,0,0,0,0,0,0,0,0,0,0,0,0,0,0,0,0,0,0,0,0,0,0,0,0,0,0,0,0,0,0,0,0,0,0,0,0,0,0,0,0,0,0,0,0,0,0,0,0,0,0,0,0,0,0,0,0,0,0,0,0,0,0,0.0
22,支付的其他与投资活动有关的现金,29760000.00,29760000.00,29760000.00,31167000.00,0,0,0,0,0,0,0,0,0,0,0,0,0,0,0,0,0,0,0,0,0,0,0,0,0,0,0,0,0,0,0,0,0,0,0,0,0,0,0,0,0,0,0,0,0,0,0,0,0,0,0,0,0,2520.00,0,0,0,0,0,0,0,0,0,0,0,0,0.0
23,投资活动现金流出小计,1715828557.18,658001308.59,540674458.32,2190222906.28,1294800538.23,772461064.66,529236890.70,1935492096.48,1400701721.84,879476210.30,692584586.91,984840050.96,524424623.99,177188343.44,59327993.54,1328984659.59,294424278.22,274635655.11,169494541.10,928647115.75,507730456.05,369332715.54,46205643.46,643837669.05,110954399.22,78968658.11,55154738.66,244110387.11,49162012.24,36464861.49,22727553.71,61978339.49,64346918.05,52325835.80,38631000.96,103369705.27,81645098.31,50785438.60,54069779.86,162480944.63,171819854.15,149937840.99,80585680.83,519571841.67,392000447.80,230454571.68,150320279.60,257040764.77,149521960.05,104252326.63,68354633.47,171342071.47,112332055.95,84042157.57,77970190.50,119541859.57,135176161.54,95897404.80,38291273.65,124667037.71,97192895.19,52328944.53,32965094.84,151208213.89,64389639.21,37238901.01,37052970.81,90628380.30,4469041.05,24682982.10,0.0
24,投资活动产生的现金流量净额,234526702.78,667672298.28,-219977810.37,-804057868.20,-464202556.32,32081963.82,215295038.38,-604657182.79,-551457812.04,-245152007.57,-63041702.60,-839882924.94,-519080773.14,-173637106.29,-57554864.77,-797701088.30,-39561327.69,-50447538.95,-166487295.07,-348770764.80,-498919497.15,-363546414.17,-43443999.62,-462247542.56,-110954399.22,-78968658.11,-55154738.66,-243599995.57,-49162012.24,-36464861.49,-22727553.71,-61644729.16,-64346918.05,-52325835.80,-38631000.96,-103361859.12,-81637252.16,-50777592.45,-54061933.71,-162452234.64,-171819854.15,-149937840.99,-80585680.83,-519571841.67,-392000447.80,-230454571.68,-150320279.60,-220998179.45,-149521960.05,-104252326.63,-68354633.47,-157461097.11,-111797501.90,-83911036.06,-77970190.50,-117291296.81,-133868809.13,-94300056.71,-38287585.13,-120012199.95,-92291227.57,-48978393.44,-28619359.70,-149859643.58,-63393198.26,-37088901.01,-36902970.81,-87374780.30,-1215441.05,82501.85,0.0
25,三、筹资活动产生的现金流量,,,,,,,,,,,,,,,,,,,,,,,,,,,,,,,,,,,,,,,,,,,,,,,,,,,,,,,,,,,,,,,,,,,,,,,
26,吸收投资收到的现金,0,0,0,0,0,0,0,20000000.00,20000000.00,10000000.00,10000000.00,0,0,0,0,20000000.00,20000000.00,20000000.00,0,10000000.00,10000000.00,10000000.00,0,0,0,0,0,0,0,0,0,0,0,0,0,0,0,0,0,474570000.00,450834550.57,0,0,0,0,0,0,263370000.00,263370000.00,0,0,0,0,0,0,0,0,65000000.00,0,2630000.00,0,0,0,2500000.00,0,0,0,196728600.00,196728600.00,0,0.0
27,其中：子公司吸收少数股东投资收到的现金,0,0,0,0,0,0,0,20000000.00,20000000.00,10000000.00,10000000.00,0,0,0,0,20000000.00,20000000.00,20000000.00,0,10000000.00,10000000.00,10000000.00,0,0,0,0,0,0,0,0,0,0,0,0,0,0,0,0,0,23735449.43,0,0,0,0,0,0,0,13167000.00,12870000.00,0,0,0,0,0,0,0,0,0,0,0,0,0,0,0,0,0,0,0,0,0,0.0
28,取得借款收到的现金,847038959.18,250000000.00,150000000.00,475295359.49,400000000.00,0,0,480903291.95,481147424.24,195000000.00,195000000.00,525000000.00,290000000.00,0,0,0,0,0,0,49327200.00,49327200.00,49245600.00,0,404725244.36,277983014.68,259640114.68,122775428.32,494076016.75,328409531.54,182171000.00,171639670.00,187321861.62,172946540.65,87818240.65,0,154604497.35,153421543.94,144301111.56,64853938.73,313004985.47,261015263.39,212654235.39,137857304.84,413292209.25,200369356.32,110601606.24,44940112.60,71747013.00,65000000.00,65000000.00,65000000.00,102000000.00,92000000.00,32000000.00,32000000.00,207300000.00,155000000.00,0,65000000.00,140000000.00,60000000.00,60000000.00,60000000.00,65000000.00,0,0,0,28000000.00,0,0,0.0
29,发行债券收到的现金,0,0,0,0,0,0,0,0,0,0,0,0,0,0,0,0,0,0,0,0,0,0,0,0,0,0,0,0,0,0,0,0,0,0,0,0,0,0,0,0,0,0,0,0,0,0,0,0,0,0,0,0,0,0,0,0,0,0,0,0,0,0,0,0,0,0,0,0,0,0,0.0
30,收到其他与筹资活动有关的现金,200224000.00,0,0,2650000.00,29892264.17,24741130.55,2000000.00,3274210.00,17476528.20,17445211.90,1433162.00,804588.00,804588.00,804588.00,0,1180043.90,1180043.90,1180043.90,0,104891646.00,104891646.00,104891646.00,93000000.00,107899441.96,107899441.96,107899441.96,15575185.09,16625000.00,16625000.00,16625000.00,0,71767044.65,63338062.36,41270000.00,22440000.00,0,0,0,0,0,0,0,0,0,0,0,0,0,1926000.00,1926000.00,0,42287800.00,35000000.00,5000000.00,0,0,0,0,0,0,0,0,0,0,0,0,0,21639344.56,21639344.56,520000.00,0.0
31,筹资活动现金流入小计,1047262959.18,250000000.00,150000000.00,477945359.49,429892264.17,24741130.55,2000000.00,504177501.95,518623952.44,222445211.90,206433162.00,525804588.00,290804588.00,804588.00,0.00,21180043.90,21180043.90,21180043.90,0.00,164218846.00,164218846.00,164137246.00,93000000.00,512624686.32,385882456.64,367539556.64,138350613.41,510701016.75,345034531.54,198796000.00,171639670.00,259088906.27,236284603.01,129088240.65,22440000.00,154604497.35,153421543.94,144301111.56,64853938.73,787574985.47,711849813.96,212654235.39,137857304.84,413292209.25,200369356.32,110601606.24,44940112.60,335117013.00,330296000.00,66926000.00,65000000.00,144287800.00,127000000.00,37000000.00,32000000.00,207300000.00,155000000.00,65000000.00,65000000.00,142630000.00,60000000.00,60000000.00,60000000.00,67500000.00,0,0,0,246367944.56,218367944.56,520000.00,0.0
32,偿还债务支付的现金,1030490483.06,43366017.20,0,562972000.00,412972000.00,213272000.00,213272000.00,395200000.00,390312000.00,50100000.00,50000000.00,195100000.00,0,0,0,0,0,0,0,172136600.00,172136600.00,122891000.00,122891000.00,510295243.18,354828040.58,354828040.58,125336089.98,300616647.77,137019747.00,117986847.00,22512198.39,245311170.67,160993600.67,66956700.67,50670292.02,275467751.67,263467751.67,186361946.00,156705746.00,406578174.91,309132881.24,219132881.24,181763539.08,271350966.01,90000000.00,30000000.00,0,105000000.00,55000000.00,55000000.00,55000000.00,70000000.00,60000000.00,0,0,112300000.00,30000000.00,26630970.53,0,110000000.00,0,0,0,15000000.00,0,0,0,28000000.00,0,25000000.00,0.0
33,分配股利、利润或偿付利息所支付的现金,644919542.08,12287893.85,5916342.07,190207413.64,186074808.48,182995347.81,5500372.19,163552771.20,159819803.25,20269355.38,14947910.18,146437200.46,141947205.95,140710505.17,260581.76,66649817.80,67582593.68,15606930.02,178775.28,53342525.84,53342525.84,53049993.56,173460.58,71014140.36,68338271.02,68296042.02,1656727.27,42680104.31,41058151.12,35307318.11,140813.13,39707354.37,39272281.50,37695782.23,250537.62,31288960.74,31127721.49,29895989.67,1698025.12,37365272.67,35047639.20,31919514.52,3438760.64,37729801.27,34812297.83,31036523.34,3809593.21,68806604.12,30529867.62,5727588.62,2641169.28,9980118.03,5808753.17,3661533.17,2112261.28,29671979.69,27925177.64,0,1413977.11,26897495.18,25339992.18,23940970.00,604750.00,20055316.71,20000000.00,20000000.00,0,20141520.00,0,20718897.00,0.0
34,其中：子公司支付给少数股东的股利、利润,0,0,0,0,0,0,0,9500000.00,9500000.00,9500000.00,9500000.00,0,0,0,0,15000000.00,15000000.00,15000000.00,0,15000000.00,15000000.00,15000000.00,0,7500000.00,7500000.00,7500000.00,0,2500000.00,2500000.00,0,0,2500000.00,2500000.00,0,0,0,0,0,0,1800000.00,1800000.00,0,0,0,0,0,0,0,0,0,0,0,0,0,0,0,0,0,0,0,0,0,0,0,0,0,0,0,0,0,0.0
35,支付其他与筹资活动有关的现金,294686417.45,0,0,0,64270022.35,64270022.08,4556089.62,0,17348271.74,14202086.90,5274700.00,3274210.00,286210.00,0,0,1454588.00,3454588.00,3454588.00,0,3180043.90,53628138.30,52448094.40,0,104891646.00,10373722.90,4709043.60,0,107899441.96,148000000.00,101000000.00,0,16625000.00,16625000.00,16625000.00,0,71767044.65,0,0,0,0,0,0,0,0,0,0,0,0,0,0,0,0,0,0,0,35000000.00,0,0,0,0,0,0,0,0,0,0,0,2115000.00,2470197.00,0,0.0
36,筹资活动现金流出小计,1970096442.59,55653911.05,5916342.07,753179413.64,663316830.83,460537369.89,223328461.81,558752771.20,567480074.99,84571442.28,70222610.18,344811410.46,142233415.95,140710505.17,260581.76,68104405.80,71037181.68,19061518.02,178775.28,228659169.74,279107264.14,228389087.96,123064460.58,686201029.54,433540034.50,427833126.20,126992817.25,451196194.04,326077898.12,254294165.11,22653011.52,301643525.04,216890882.17,121277482.90,50920829.64,378523757.06,294595473.16,216257935.67,158403771.12,443943447.58,344180520.44,251052395.76,185202299.72,309080767.28,124812297.83,61036523.34,3809593.21,173806604.12,85529867.62,60727588.62,57641169.28,79980118.03,65808753.17,3661533.17,2112261.28,176971979.69,57925177.64,26630970.53,1413977.11,136897495.18,25339992.18,23940970.00,604750.00,35055316.71,20000000.00,20000000.00,0,50256520.00,2470197.00,45718897.00,0.0
37,筹资活动产生的现金流量净额,-922833483.41,194346088.95,144083657.93,-275234054.15,-233424566.66,-435796239.34,-221328461.81,-54575269.25,-48856122.55,137873769.62,136210551.82,180993177.54,148571172.05,-139905917.17,-260581.76,-46924361.90,-49857137.78,2118525.88,-178775.28,-64440323.74,-114888418.14,-64251841.96,-30064460.58,-173576343.22,-47657577.86,-60293569.56,11357796.16,59504822.71,18956633.42,-55498165.11,148986658.48,-42554618.77,19393720.84,7810757.75,-28480829.64,-223919259.71,-141173929.22,-71956824.11,-93549832.39,343631537.89,367669293.52,-38398160.37,-47344994.88,104211441.97,75557058.49,49565082.90,41130519.39,161310408.88,244766132.38,6198411.38,7358830.72,64307681.97,61191246.83,33338466.83,29887738.72,30328020.31,97074822.36,38369029.47,63586022.89,5732504.82,34660007.82,36059030.00,59395250.00,32444683.29,-20000000.00,-20000000.00,0,196111424.56,215897747.56,-45198897.00,0.0
38,四、汇率变动对现金及现金等价物的影响,9841190.51,2161012.16,-1469404.38,14073972.16,17984483.56,-1509509.33,-18496320.92,-17651409.66,-11943383.44,-3276600.11,-1624618.37,11782829.38,3837413.59,2703008.30,262485.31,19879196.12,18500496.83,13375236.79,6417706.87,9251081.06,8471439.26,7397434.62,665209.58,-14948093.08,-12001869.16,-9641223.14,-5087221.11,-1729270.36,2149343.84,1368863.52,-181580.67,-2783663.08,-3738529.33,-2831661.53,1182108.03,-6563038.93,-3653576.95,-2982906.33,-1426480.53,-8384002.21,-4610517.96,-2881503.79,1101354.26,-9279469.27,-5725757.46,-5859511.23,-1955624.17,-8809791.39,-2254533.55,-902824.27,-90216.09,-1072041.21,-535892.46,-370744.67,-203187.02,-1363191.87,-496108.83,-127953.93,-50905.57,-143277.61,-85590.43,-52926.99,-9267.93,-95037.29,80044.84,34949.44,-21309.35,4331.76,0,0,0.0
39,五、现金及现金等价物净增加额,307813430.01,1195762487.61,99447251.01,254997499.88,192742711.71,282870287.53,393549545.90,461817828.63,234453149.67,432029716.75,384680973.29,-390197254.53,-188056574.05,-266266111.16,55670220.09,-579416224.25,127046286.58,148500246.82,2054360.88,149587460.90,-89684570.72,-194762035.27,105347164.39,61455099.00,638937751.38,359480837.84,215427186.04,259354695.54,305517466.18,148872736.07,202043470.07,258398076.34,184015392.87,170199218.20,-1493930.83,43075439.36,17760259.46,38057221.03,-91896614.38,427908194.54,417264637.93,-30476594.50,-35510319.40,145400656.97,118598690.21,76941378.55,-26506866.44,112781633.47,249784271.98,23801376.70,-50652051.90,85546244.40,68354541.01,37223152.95,-1392158.30,86219059.24,106316606.27,78168721.13,44948656.18,-74888868.29,-28325225.35,-11881266.16,-4229.47,-45954089.95,-25883191.63,-23094383.34,-42379571.00,141967322.29,220086689.40,6677971.94,0.0
40,加:期初现金及现金等价物余额,1693526353.56,1445984291.04,1445984291.04,1190986791.16,1190986791.16,1190986791.16,1190986791.16,729168962.53,729168962.53,729168962.53,729168962.53,1119366217.06,1119366217.06,1119366217.06,1119366217.06,1698782441.31,1698782441.31,1698782441.31,1698782441.31,1549194980.41,1549194980.41,1549194980.41,1549194980.41,1487739881.41,1487739881.41,1487739881.41,1404302405.45,1228385185.87,1228385185.87,1228385185.87,1228385185.87,969987109.53,969987109.53,969987109.53,969987109.53,926911670.17,926911670.17,926911670.17,926911670.17,499003475.63,499003475.63,513184766.11,513184766.11,353602818.66,353602818.66,353602818.66,353602818.66,240821185.19,240821185.19,240821185.19,240821185.19,155274940.79,155274940.79,155274940.79,155274940.79,69055881.55,69055881.55,69055881.55,69055881.55,143944749.84,143944749.84,143944749.84,143944749.84,189898839.79,189898839.79,189898839.79,189898839.79,47931517.50,47931517.50,41253545.56,0.0
41,六、期末现金及现金等价物余额,2001339783.57,2641746778.65,1545431542.05,1445984291.04,1383729502.87,1473857078.69,1584536337.06,1190986791.16,963622112.20,1161198679.28,1113849935.82,729168962.53,931309643.01,853100105.90,1175036437.15,1119366217.06,1825828727.89,1847282688.13,1700836802.19,1698782441.31,1459510409.69,1354432945.14,1654542144.80,1549194980.41,2126677632.79,1847220719.25,1619729591.49,1487739881.41,1533902652.05,1377257921.94,1430428655.94,1228385185.87,1154002502.40,1140186327.73,968493178.70,969987109.53,944671929.63,964968891.20,835015055.79,926911670.17,916268113.56,482708171.61,477674446.71,499003475.63,472201508.87,430544197.21,327095952.22,353602818.66,490605457.17,264622561.89,190169133.29,240821185.19,223629481.80,192498093.74,153882782.49,155274940.79,175372487.82,147224602.68,114004537.73,69055881.55,115619524.49,132063483.68,143940520.37,143944749.84,164015648.16,166804456.45,147519268.79,189898839.79,268018206.90,47931517.50,0.0
42,附注,,,,,,,,,,,,,,,,,,,,,,,,,,,,,,,,,,,,,,,,,,,,,,,,,,,,,,,,,,,,,,,,,,,,,,,
43,净利润,0,629222168.46,0,939334718.59,0,590061200.45,0,605475183.90,0,264432703.09,0,455742874.61,0,218267551.73,0,470404523.52,0,259737976.53,0,468974915.99,0,255562593.36,0,390823719.77,0,204629435.89,0,199780251.29,0,109771477.27,0,156581825.24,0,86922252.30,0,137559203.32,0,116342268.92,0,162296839.40,0,123453914.72,0,189288246.50,0,120903250.49,0,94543145.19,0,41410277.55,0,47618243.33,34457497.43,30962605.53,14018837.29,42940906.33,33015751.36,28400202.73,12410394.25,33708222.69,29731822.34,25497701.83,11846967.23,27219553.60,27166298.47,20679476.88,9725876.20,24250405.18,18096580.83,23676226.22,0.0
44,少数股东权益,0,0,0,0,0,0,0,0,0,0,0,0,0,0,0,0,0,0,0,0,0,0,0,0,0,0,0,0,0,0,0,0,0,0,0,0,0,0,0,0,0,0,0,0,0,0,0,0,0,0,0,707206.63,709458.93,518323.57,266320.36,1428358.06,1026783.57,807061.58,276195.14,309382.29,240321.66,303368.10,5456.51,0,0,0,0,0,0,0,0.0
45,未确认的投资损失,0,0,0,0,0,0,0,0,0,0,0,0,0,0,0,0,0,0,0,0,0,0,0,0,0,0,0,0,0,0,0,0,0,0,0,0,0,0,0,0,0,0,0,0,0,0,0,0,0,0,0,0,0,0,0,0,0,0,0,0,0,0,0,0,0,0,0,0,0,0,0.0
46,资产减值准备,0,32978738.36,0,34613662.33,0,21514628.82,0,66868059.33,0,14729933.60,0,14829801.66,0,38963596.54,0,27182509.33,0,24019436.50,0,3181863.32,0,14310203.92,0,9499222.25,0,6722521.08,0,10198017.11,0,12263072.20,0,-2118248.48,0,10383823.86,0,7316111.38,0,16823563.45,0,4159638.28,0,11102701.78,0,-6070896.59,0,5281589.03,0,14338406.32,0,11857111.77,0,3868917.24,1740813.88,2576938.85,4718400.61,1376902.85,1304891.49,705202.07,3607165.80,2595075.50,2740998.30,4720650.75,3392998.35,376316.14,1315332.27,1868706.84,0,463444.46,1477190.65,128717.74,0.0
47,固定资产折旧、油气资产折耗、生产性物资折旧,0,159414654.05,0,289322176.42,0,140186404.72,0,234558918.85,0,93036167.10,0,142198957.48,0,71160959.36,0,178980619.86,0,87890563.77,0,142835474.76,0,71489984.48,0,148316156.12,0,73780536.85,0,151661713.29,0,76111260.27,0,158860682.39,0,82806051.16,0,174011759.14,0,88127527.45,0,168455819.63,0,76089369.51,0,107995293.02,0,53321793.47,0,86569222.61,0,37289551.07,0,71080543.37,50903450.33,34167187.33,16431265.32,59231716.35,41065338.04,28441465.04,13229182.85,45063428.66,33270208.11,21431867.71,9541985.06,26772343.20,20018720.19,12222781.24,5074353.90,14179545.19,6763597.54,13407974.65,0.0
48,无形资产摊销,0,2577075.10,0,5495826.25,0,2626951.14,0,4857385.88,0,2202872.22,0,4405331.72,0,2198859.46,0,3901980.78,0,1747559.62,0,2922595.28,0,1431100.24,0,2873000.48,0,1441900.24,0,2851400.48,0,1425700.24,0,2847800.48,0,1315300.24,0,3026700.48,0,836000.24,0,1262573.44,0,612676.40,0,1017046.40,0,404370.00,0,808740.00,0,404370.00,0,808740.00,606555.00,404370.00,202185.00,808740.00,606555.00,404370.00,202185.00,808740.00,606555.00,404370.00,202185.00,0,0,0,0,0,0,0,0.0
49,长期待摊费用摊销,0,117915.31,0,237785.02,0,117915.31,0,0,0,0,0,0,0,0,0,0,0,0,0,0,0,0,0,0,0,0,0,0,0,0,0,0,0,0,0,0,0,0,0,0,0,0,0,0,0,0,0,0,0,0,0,0,0,0,0,0,0,0,0,16941.13,16941.13,16941.13,16941.13,-16941.13,0,0,0,0,0,0,0.0
50,待摊费用的减少,0,0,0,0,0,0,0,0,0,0,0,0,0,0,0,0,0,0,0,0,0,0,0,0,0,0,0,0,0,0,0,0,0,0,0,0,0,0,0,0,0,0,0,0,0,0,0,0,0,0,0,0,0,0,0,0,0,0,0,0,0,0,0,0,-1594876.12,-2384129.77,0,0,0,0,0.0
51,预提费用的增加,0,0,0,0,0,0,0,0,0,0,0,0,0,0,0,0,0,0,0,0,0,0,0,0,0,0,0,0,0,0,0,0,0,0,0,0,0,0,0,0,0,0,0,0,0,0,0,0,0,0,0,-753120.99,7516355.01,5512861.19,5822968.30,-395823.97,12267028.65,11811581.80,3684720.18,1314225.94,5620859.92,5758626.80,8739724.04,-1579621.91,5518668.54,11219957.29,1748260.87,1865163.43,17697302.12,-44179.71,0.0
52,处置固定资产、无形资产和其他长期资产的损失,0,0,0,0,0,0,0,14102.63,0,0,0,0,0,0,0,0,0,1507281.45,0,0,0,0,0,0,0,0,0,0,0,0,0,0,0,0,0,47009.01,0,47009.01,0,-562.94,0,0,0,0,0,0,0,84756.97,0,0,0,0,0,0,0,0,-573564.73,-573564.73,0,0,-2000.00,0,0,293779.92,301014.12,301014.12,293779.92,0,0,0,0.0
53,固定资产报废损失,0,836200.95,0,24316420.66,0,2013116.44,0,10898103.43,0,39382.06,0,6904988.69,0,81978.31,0,3055191.26,0,-128346.78,0,1986887.50,0,741389.88,0,12947712.33,0,7166346.07,0,9946429.64,0,0,0,685512.62,0,1330.51,0,1382735.82,0,560305.51,0,4971.66,0,0,0,48801.39,0,0,0,136629.12,0,0,0,1669335.64,0,0,0,0,0,0,0,828199.92,828199.92,828199.92,268766.16,1559.20,0,0,0,1712508.67,0,890117.26,0.0
54,公允价值变动损失,0,-30660000.00,0,30660000.00,0,31724000.00,0,0,0,0,0,0,0,0,0,0,0,0,0,0,0,0,0,0,0,0,0,0,0,0,0,0,0,0,0,0,0,0,0,0,0,0,0,0,0,0,0,0,0,0,0,0,0,0,0,0,0,0,0,0,0,0,0,0,0,0,0,0,0,0,0.0
55,递延收益增加（减：减少）,0,0,0,0,0,0,0,0,0,0,0,0,0,0,0,0,0,0,0,0,0,0,0,0,0,0,0,0,0,0,0,0,0,0,0,0,0,0,0,0,0,0,0,0,0,0,0,0,0,0,0,0,0,0,0,0,0,0,0,0,0,0,0,0,0,0,0,0,0,0,0.0
56,预计负债,0,0,0,0,0,0,0,0,0,0,0,0,0,0,0,0,0,0,0,0,0,0,0,0,0,0,0,0,0,0,0,0,0,0,0,0,0,0,0,0,0,0,0,0,0,0,0,0,0,0,0,0,0,0,0,0,0,0,0,0,0,0,0,0,0,0,0,0,0,0,0.0
57,财务费用,0,10070985.42,0,444820.76,0,8154721.98,0,40846369.16,0,14564118.25,0,-4412741.01,0,-1447011.28,0,-19879196.12,0,-12768306.77,0,-7913688.20,0,-6270974.04,0,15402937.14,0,9612711.86,0,6362820.95,0,-389018.21,0,4075562.68,0,3594231.96,0,9369288.21,0,6391810.00,0,20549274.88,0,9601018.31,0,21858281.97,0,12090971.58,0,20515737.08,0,3789445.89,0,6584383.24,6321785.63,4009417.84,2315448.30,8181541.56,5428726.47,3307953.57,1463882.68,5145862.79,3425582.61,2128311.99,614017.93,150354.00,-80044.84,-34949.44,21309.35,19188.24,0,301580.17,0.0
58,投资损失,0,-17905679.45,0,-54559050.27,0,-38626644.81,0,-75157382.20,0,-33653810.70,0,-80822207.65,0,-39073654.80,0,-49596555.35,0,-24188116.16,0,-32695561.63,0,-5786301.37,0,-10200000.00,0,0,0,0,0,0,0,15753.88,0,14258.76,0,32842.85,0,-4198.98,0,-17306.79,0,4950.59,0,-11976.59,0,6661.63,0,-36627.88,0,19428.33,0,-5306191.52,-361338.46,5165.53,2928.19,-82760.49,22359.15,23227.07,18098.69,-903371.92,-893563.64,-913277.99,-925615.14,-264142.01,-202440.95,0,0,-61446.58,-61446.58,-1308683.95,0.0
59,递延所得税资产减少,0,-1584917.90,0,-1623084.50,0,509163.99,0,-45991254.43,0,-623604.90,0,-3574697.43,0,-4708860.21,0,-34746128.98,0,-5639421.73,0,238214.35,0,-2175314.18,0,-278777.76,0,-2444868.03,0,-3378310.53,0,-3859682.15,0,-441685.99,0,-2409231.14,0,-3284773.68,0,-4323982.46,0,-2387110.33,0,-1419981.25,0,2912701.40,0,-2901477.85,0,-4457880.94,0,-5610147.89,0,0,0,0,0,0,0,0,0,0,0,0,0,0,0,0,0,0,0,0,0.0
60,递延所得税负债增加,0,0,0,20605433.64,0,0,0,0,0,0,0,0,0,0,0,0,0,0,0,0,0,0,0,0,0,0,0,0,0,0,0,0,0,0,0,0,0,0,0,0,0,0,0,0,0,0,0,0,0,0,0,0,0,0,0,0,0,0,0,0,0,0,0,0,0,0,0,0,0,0,0.0
61,存货的减少,0,-80782937.70,0,-14063879.64,0,87972258.75,0,-65142071.92,0,28053547.69,0,-49609162.01,0,15677911.13,0,-110897683.56,0,-37075098.02,0,-62282465.05,0,3190016.93,0,48278949.95,0,33245334.66,0,-19235756.18,0,-18056301.80,0,-47164244.96,0,32704600.80,0,32563851.03,0,11749959.69,0,84198077.98,0,97836513.86,0,-77991021.53,0,20344505.49,0,-36999205.39,0,20828778.66,0,19113885.93,34980557.53,38552353.57,27531813.97,-31340626.69,-33250045.75,-20520991.48,20690402.58,-29193546.67,-10287354.26,3668235.64,13487936.17,-25338791.67,2099575.01,-2584956.23,1371705.95,-17075558.73,985765.56,-6445085.67,0.0
62,经营性应收项目的减少,0,-344039424.30,0,229349843.93,0,-32156640.51,0,-412666157.80,0,-129249089.12,0,-312138871.75,0,-218349632.44,0,-383293916.00,0,-230224919.28,0,-75762777.23,0,-281292833.11,0,-188876487.49,0,-146706983.46,0,-10917215.28,0,-128821718.17,0,2297928.96,0,-225442417.72,0,-67324249.68,0,-187402383.12,0,-190052631.33,0,-350832538.27,0,220834797.26,0,-132321970.78,0,-213529666.84,0,-242541102.33,0,-132653220.45,-148883507.27,-185347310.53,-148998775.44,34509059.07,-42747430.37,-37890856.10,-62725787.44,-62719659.60,-114426813.16,-107691129.50,-65430150.59,-19078487.02,-77525678.55,-104846151.28,-72836454.58,-4641732.43,-63678898.92,8194174.66,0.0
63,经营性应付项目的增加,0,-40108097.14,0,-193943153.31,0,-138417977.47,0,764664441.17,0,278736469.47,0,74564169.09,0,-47186505.53,0,144418225.33,0,111736237.61,0,100135455.32,0,167182318.36,0,273058903.20,0,313018748.35,0,86683520.22,0,181525917.47,0,80547012.58,0,219749107.90,0,72660218.32,0,106538090.84,0,1568802.09,0,185406220.21,0,110159252.71,0,186560685.50,0,219305939.18,0,255310403.17,0,166628689.80,131505060.53,156804553.97,124582088.60,57407514.54,125440308.99,119312050.75,26844684.26,42560603.72,78519826.90,44937157.89,-12752063.69,63019985.31,80413393.65,97517818.58,49145877.55,12314828.84,24124291.69,12993525.72,0.0
64,已完工尚未结算款的减少(减:增加),0,0,0,0,0,0,0,0,0,0,0,0,0,0,0,0,0,0,0,0,0,0,0,0,0,0,0,0,0,0,0,0,0,0,0,0,0,0,0,0,0,0,0,0,0,0,0,0,0,0,0,0,0,0,0,0,0,0,0,0,0,0,0,0,0,0,0,0,0,0,0.0
65,已结算尚未完工款的增加(减:减少),0,0,0,0,0,0,0,0,0,0,0,0,0,0,0,0,0,0,0,0,0,0,0,0,0,0,0,0,0,0,0,0,0,0,0,0,0,0,0,0,0,0,0,0,0,0,0,0,0,0,0,0,0,0,0,0,0,0,0,0,0,0,0,0,0,0,0,0,0,0,0.0
66,其他,0,11446407.06,0,10023930.19,0,12414973.57,0,9475992.33,0,10315866.05,0,8821220.09,0,8988711.73,0,15800459.76,0,6839176.36,0,11926553.97,0,0,0,0,0,0,0,0,0,0,0,0,0,7906649.15,0,9558900.92,0,8088573.37,0,5074507.53,0,8886064.79,0,0,0,0,0,0,0,0,0,404288.53,0,0,0,480000.00,0,0,0,0,0,0,220000.00,0,0,0,0,200000.00,0,0,0.0
67,经营活动产生现金流量净额,0,331583088.22,0,1320215450.07,0,688094072.38,0,1138701690.33,0,542584554.81,0,256909663.49,0,44573904.00,0,245330029.83,0,183454023.10,0,553547468.38,0,225638786.24,0,712227077.86,0,508384288.65,0,445179138.76,0,239466899.15,0,365381087.35,0,217545957.78,0,376919597.12,0,163774543.92,0,255112893.50,0,160740910.65,0,570040525.94,0,263690378.56,0,181279195.43,0,122758116.22,0,179771700.75,119496688.54,88166466.85,46893480.50,174545527.61,143606701.87,134227702.30,19701123.99,39534104.45,29391584.83,1091024.27,-30770851.84,71555907.63,57429961.79,33959568.23,-5455290.84,33226346.27,5404382.89,51794367.09,0.0
68,债务转为资本,0,0,0,0,0,0,0,0,0,0,0,0,0,0,0,0,0,0,0,0,0,0,0,0,0,0,0,0,0,0,0,0,0,0,0,0,0,0,0,0,0,0,0,0,0,0,0,0,0,0,0,0,0,0,0,0,0,0,0,0,0,0,0,0,0,0,0,0,0,0,0.0
69,一年内到期的可转换公司债券,0,0,0,0,0,0,0,0,0,0,0,0,0,0,0,0,0,0,0,0,0,0,0,0,0,0,0,0,0,0,0,0,0,0,0,0,0,0,0,0,0,0,0,0,0,0,0,0,0,0,0,0,0,0,0,0,0,0,0,0,0,0,0,0,0,0,0,0,0,0,0.0
70,融资租入固定资产,0,0,0,0,0,0,0,0,0,0,0,0,0,0,0,0,0,0,0,0,0,0,0,0,0,0,0,0,0,0,0,0,0,0,0,0,0,0,0,0,0,0,0,0,0,0,0,0,0,0,0,0,0,0,0,0,0,0,0,0,0,0,0,0,0,0,0,0,0,0,0.0
71,现金的期末余额,0,2641746778.65,0,1445984291.04,0,1473857078.69,0,1190986791.16,0,1161198679.28,0,729168962.53,0,853100105.90,0,1119366217.06,0,1847282688.13,0,1698782441.31,0,1354432945.14,0,1549194980.41,0,1847220719.25,0,1487739881.41,0,1377257921.94,0,1228385185.87,0,1140186327.73,968493178.70,969987109.53,944671929.63,964968891.20,835015055.79,926911670.17,916268113.56,468526881.13,477674446.71,499003475.63,472201508.87,430544197.21,327095952.22,353602818.66,490605457.17,264622561.89,190169133.29,240821185.19,223629481.80,192498093.74,153882782.49,155274940.79,175372487.82,147224602.68,114004537.73,69055881.55,115619524.49,132063483.68,143940520.37,143944749.84,164015648.16,166804456.45,147519268.79,189898839.79,268018206.90,47931517.50,0.0
72,现金的期初余额,0,1445984291.04,0,1190986791.16,0,1190986791.16,0,729168962.53,0,729168962.53,0,1119366217.06,0,1119366217.06,0,1698782441.31,0,1698782441.31,0,1549194980.41,0,1549194980.41,0,1487739881.41,0,1487739881.41,0,1228385185.87,0,1228385185.87,0,969987109.53,0,969987109.53,969987109.53,926911670.17,926911670.17,926911670.17,926911670.17,499003475.63,499003475.63,499003475.63,513184766.11,353602818.66,353602818.66,353602818.66,353602818.66,240821185.19,240821185.19,240821185.19,240821185.19,155274940.79,155274940.79,155274940.79,155274940.79,69055881.55,69055881.55,69055881.55,69055881.55,143944749.84,143944749.84,143944749.84,143944749.84,189898839.79,189898839.79,189898839.79,189898839.79,47931517.50,47931517.50,41253545.56,0.0
73,现金等价物的期末余额,0,0,0,0,0,0,0,0,0,0,0,0,0,0,0,0,0,0,0,0,0,0,0,0,0,0,0,0,0,0,0,0,0,0,0,0,0,0,0,0,0,0,0,0,0,0,0,0,0,0,0,0,0,0,0,0,0,0,0,0,0,0,0,0,0,0,0,0,0,0,0.0
74,现金等价物的期初余额,0,0,0,0,0,0,0,0,0,0,0,0,0,0,0,0,0,0,0,0,0,0,0,0,0,0,0,0,0,0,0,0,0,0,0,0,0,0,0,0,0,0,0,0,0,0,0,0,0,0,0,0,0,0,0,0,0,0,0,0,0,0,0,0,0,0,0,0,0,0,0.0
75,现金及现金等价物的净增加额,0,1195762487.61,0,254997499.88,0,282870287.53,0,461817828.63,0,432029716.75,0,-390197254.53,0,-266266111.16,0,-579416224.25,0,148500246.82,0,149587460.90,0,-194762035.27,0,61455099.00,0,359480837.84,0,259354695.54,0,148872736.07,0,258398076.34,0,170199218.20,-1493930.83,43075439.36,17760259.46,38057221.03,-91896614.38,427908194.54,417264637.93,-30476594.50,-35510319.40,145400656.97,118598690.21,76941378.55,-26506866.44,112781633.47,249784271.98,23801376.70,-50652051.90,85546244.40,68354541.01,37223152.95,-1392158.30,86219059.24,106316606.27,78168721.13,44948656.18,-74888868.29,-28325225.35,-11881266.16,-4229.47,-45954089.95,-25883191.63,-23094383.34,-42379571.00,141967322.29,220086689.40,6677971.94,0.0
