,code,name,arturnover,arturndays,inventory_turnover,inventory_days,currentasset_turnover,currentasset_days
0,300242,佳云科技,5.313,67.7583,25944.0376,0.0139,2.9747,121.0206
1,000429,粤高速A,28.2592,12.7392,14077.8921,0.0256,1.1727,306.9839
2,300770,新媒股份,4.5774,78.6473,5675.5575,0.0634,0.6627,543.2322
3,600452,涪陵电力,82.3496,4.3716,3778.1747,0.0953,5.7861,62.2181
4,002039,黔源电力,31.4567,11.4443,3371.2599,0.1068,2.5861,139.2058
5,601619,嘉泽新能,0.8611,418.0699,2176.9883,0.1654,0.6454,557.7936
6,603813,原尚股份,3.5232,102.1798,2164.2967,0.1663,2.5341,142.0623
7,600897,厦门空港,7.2895,49.3861,1975.6273,0.1822,1.2929,278.4438
8,300347,泰格医药,3.0214,119.1501,1740.1035,0.2069,1.1274,319.3188
9,002968,新大正,7.5760000000000005,47.5185,1617.2238,0.2226,1.7816,202.0656
10,300746,汉嘉设计,2.9066,123.8561,1549.3329999999999,0.2324,1.2221,294.5749
11,600865,百大集团,80.8732,4.4514,1105.3816,0.3257,1.0238,351.6312
12,002883,中设股份,0.9248,389.2734,846.9448,0.4251,0.6679999999999999,538.9222
13,603569,长久物流,2.4665,145.9558,828.5382,0.4345,1.2094,297.6683
14,300383,光环新网,4.0027,89.9393,616.8693,0.5836,2.0701,173.9046
15,002127,南极电商,5.16,69.7674,543.995,0.6618,1.1055,325.6445
16,000755,山西路桥,10.7441,33.5068,540.7374,0.6658,1.1208,321.1991
17,603967,中创物流,8.2613,43.5767,532.6715,0.6758,3.5359,101.8128
18,000089,深圳机场,8.4251,42.7295,489.9335,0.7348,1.0608,339.3665
19,002285,世联行,4.5934,78.3733,476.1458,0.7561,0.6913,520.758
20,603258,电魂网络,15.8506,22.7121,432.1908,0.833,0.4731,760.9385
21,600318,新力金融,34.5527,10.4189,416.0516,0.8653,0.2407,1495.6377
22,603444,吉比特,8.4557,42.5748,415.8773,0.8656,0.8835,407.4703
23,601518,吉林高速,,,398.30199999999996,0.9038,0.8324,432.4844
24,000610,西安旅游,40.6786,8.8499,390.6239,0.9216,1.3894,259.1046
25,601598,中国外运,7.5636,47.5964,374.7044,0.9608,2.7135,132.67
26,603613,国联股份,115.8404,3.1077,331.9248,1.0846,4.8172,74.7322
27,600009,上海机场,7.3544,48.9503,311.394,1.1561,0.9474,379.9873
28,600722,金牛化工,39.3948,9.1383,309.6573,1.1626,0.7538,477.5803
29,300215,电科院,12.1535,29.6211,282.6297,1.2738,1.3057,275.7142
30,603713,密尔克卫,4.1188,87.4041,252.4539,1.426,2.1655,166.2434
31,600012,皖通高速,,,237.3462,1.5168,1.0836,332.2259
32,000088,盐田港,16.6917,21.5676,194.8919,1.8472,0.5361,671.5165
33,688111,金山办公,5.5257,65.1501,187.2421,1.9226,0.3866,931.195
34,000791,甘肃电投,2.6334,136.7054,178.2992,2.0191,1.0109,356.1183
35,600643,爱建集团,2.0248,177.7953,158.9916,2.2643,0.1745,2063.0372
36,300773,拉卡拉,18.1694,19.8135,153.5882,2.3439,0.8241,436.8402
37,601698,中国卫通,8.9887,40.0503,136.7455,2.6326,0.6321,569.5301
38,600874,创业环保,1.2467,288.7623,134.7273,2.6721,0.6359,566.1267
39,600588,用友网络,6.4857,55.5067,131.8575,2.7302,0.9195,391.5171
40,002930,宏川智慧,8.9719,40.1253,131.8417,2.7305,1.4291,251.9068
41,002967,广电计量,2.5114,143.3463,128.2695,2.8066,1.3114,274.5158
42,603128,华贸物流,4.8143,74.7772,126.04,2.8562,2.6604,135.31799999999998
43,300226,上海钢联,48.7263,7.3882,121.0704,2.9735,12.4832,28.8388
44,600834,申通地铁,23.3152,15.4406,117.4303,3.0656,0.9805,367.1596
45,600814,杭州解百,118.368,3.0414,116.8519,3.0808,1.8079,199.1261
46,002352,顺丰控股,11.5365,31.2053,109.0182,3.3022,2.9991,120.036
47,000582,北部湾港,13.7747,26.1349,105.6067,3.4089,1.493,241.1253
48,002306,ST云网,9.9018,36.357,101.5499,3.5451,1.5583,231.021
49,300036,超图软件,3.1379,114.7264,97.9064,3.677,1.0215,352.4229
50,600050,中国联通,15.1706,23.7301,90.2092,3.9907,3.6422,98.8414
51,600190,锦州港,25.8369,13.9336,88.6461,4.0611,5.4962,65.4998
52,600317,营口港,20.8379,17.2762,85.98200000000001,4.1869,1.2705,283.353
53,002905,金逸影视,14.9193,24.1298,85.5472,4.2082,1.5259,235.9263
54,600896,览海医疗,5.5609,64.7377,84.5905,4.2558,0.2541,1416.7651
55,603885,吉祥航空,37.3252,9.645,84.2514,4.2729,3.362,107.0791
56,000096,广聚能源,376.6779,0.9557,82.5226,4.3624,1.0322,348.7696
57,600029,南方航空,50.3991,7.143,75.539,4.7658,7.563,47.6002
58,000885,城发环境,21.4424,16.7892,74.7505,4.816,1.9948,180.4692
59,600033,福建高速,4.7188,76.2906,71.4707,5.037,1.6642,216.3202
60,600880,博瑞传播,4.1967,85.7817,71.3718,5.044,0.3259,1104.6333
61,300640,德艺文创,6.5111,55.2902,70.8373,5.0821,1.9071,188.7683
62,002315,焦点科技,18.6458,19.3073,70.2509,5.1245,0.619,581.5832
63,601333,广深铁路,5.1256,70.2357,69.2682,5.1972,3.2431,111.0049
64,000875,吉电股份,2.1497,167.4652,68.8901,5.2257,1.3541,265.8592
65,300785,值得买,3.8986,92.3408,67.0602,5.3683,1.2879,279.5248
66,002561,徐家汇,68.2217,5.2769,66.6399,5.4022,1.0912,329.912
67,000520,长航凤凰,24.8042,14.5137,61.9376,5.8123,2.9583,121.6915
68,002302,西部建设,2.7119999999999997,132.7434,58.9238,6.1096,1.2841,280.35200000000003
69,601111,中国国航,23.5041,15.3165,56.9623,6.32,5.6107,64.1631
70,001872,招商港口,9.834,36.6077,56.1291,6.4138,0.9483,379.6267
71,603393,新天然气,6.8223,52.7681,54.8739,6.5605,0.7494,480.3843
72,002492,恒基达鑫,3.7241,96.6677,54.6617,6.586,0.5581,645.0457
73,600968,海油发展,3.4685,103.7913,54.3957,6.6182,2.6298,136.8925
74,002911,佛燃能源,20.0724,17.9351,54.07,6.6579999999999995,3.2137,112.0204
75,600780,通宝能源,30.695999999999998,11.7279,52.684,6.8332,2.8461,126.4889
76,002320,海峡股份,92.772,3.8805,50.7271,7.0968,0.7215,498.9605
77,601008,连云港,6.5461,54.9946,49.3803,7.2904,0.6156,584.7953
78,600115,东方航空,76.7609,4.6899,49.2082,7.3159,6.7756,53.1318
79,600871,石化油服,5.0582,71.1716,49.0503,7.3394,2.2343,161.1243
80,603103,横店影视,50.5559,7.1208,48.9896,7.3485,1.7852,201.6581
81,603300,华铁应急,1.5186,237.0605,48.3639,7.4436,0.7064,509.6263
82,000613,大东海A,70.3315,5.1186,46.6008,7.7252,1.7613,204.3945
83,300468,四方精创,2.8454,126.52,44.9791,8.0037,0.7147,503.7078
84,600678,四川金顶,376.8286,0.9553,44.7877,8.0379,3.343,107.6877
85,600717,天津港,7.5883,47.4415,43.5574,8.265,1.7401,206.8847
86,002949,华阳国际,3.4102,105.5657,43.0038,8.3714,1.2332,291.9235
87,300598,诚迈科技,2.145,167.8322,42.6775,8.4354,1.4179,253.8966
88,601298,青岛港,5.5213,65.202,42.6547,8.4399,0.636,566.0377
89,300496,中科创达,3.1849,113.0334,42.1893,8.533,1.2229999999999999,294.3581
90,601018,宁波港,10.7387,33.5236,40.7282,8.8391,1.4903,241.5621
91,002187,广百股份,71.3439,5.046,40.3213,8.9283,3.4651,103.8931
92,600021,上海电力,3.8509,93.4846,39.7254,9.0622,1.5774,228.2237
93,600017,日照港,8.1818,44.0001,39.0083,9.2288,1.9282,186.7026
94,600395,盘江股份,13.2937,27.0805,38.1592,9.4342,1.3430000000000002,268.0566
95,002238,天威视讯,21.6436,16.6331,37.6597,9.5593,0.9972,361.0108
96,600618,氯碱化工,33.604,10.713,37.4075,9.6237,2.737,131.5309
97,601880,大连港,6.7098,53.6529,36.5733,9.8432,0.8079999999999999,445.5446
98,600753,东方银星,27.2937,13.1899,35.9947,10.0015,6.1534,58.5042
99,600732,爱旭股份,250.8675,1.435,34.9614,10.2971,4.6926,76.7165
100,000819,岳阳兴长,131.7237,2.733,34.9092,10.3125,2.5515,141.0935
101,600228,ST昌九,28.9558,12.4327,34.6645,10.3853,2.9508,122.0008
102,000544,中原环保,3.7692,95.51100000000001,34.2159,10.5214,0.5233,687.9419
103,000715,中兴商业,3323.0599,0.1083,34.1213,10.5506,2.5188,142.9252
104,600985,淮北矿业,47.9187,7.5127,33.4744,10.7545,4.8586,74.0954
105,603817,海峡环保,1.838,195.8651,33.2754,10.8188,0.9178,392.2423
106,601919,中远海控,17.5117,20.5577,33.0654,10.8875,2.2783,158.0126
107,601330,绿色动力,5.1203,70.3084,32.7777,10.9831,1.2004,299.9
108,688202,美迪西,4.5815,78.5769,32.4957,11.0784,0.8421,427.5027
109,600777,新潮能源,9.4467,38.1085,32.1495,11.1977,2.7924,128.9214
110,600826,兰生股份,28.6862,12.5496,31.0716,11.5861,1.2976,277.4353
111,603995,甬金股份,127.2473,2.8291,31.038,11.5987,8.4346,42.6813
112,000985,大庆华科,,,30.9265,11.6405,7.8124,46.0806
113,603060,国检集团,7.2618,49.5745,30.9085,11.6473,1.3068,275.4821
114,600787,中储股份,27.8529,12.925,30.3124,11.8763,3.7525,95.936
115,600382,广东明珠,22.2332,16.192,29.0844,12.3778,0.3252,1107.0111
116,603866,桃李面包,12.2408,29.4098,28.3462,12.7001,2.4211,148.6927
117,600795,国电电力,11.7921,30.5289,28.1635,12.7825,4.2914,83.8887
118,600396,金山股份,8.9395,40.2707,27.9435,12.8831,3.5443,101.5715
119,600798,宁波海运,7.189,50.0765,27.255,13.2086,2.0656,174.2835
120,000507,珠海港,7.5507,47.6777,26.8712,13.3972,1.6706,215.4914
121,300023,宝德股份,14.1833,25.381999999999998,26.3779,13.6478,0.0577,6239.1681
122,002398,垒知集团,1.9655,183.1595,26.3657,13.6541,1.2142,296.4915
123,600116,三峡水利,16.8583,21.3545,25.9369,13.8798,1.4215,253.2536
124,600236,桂冠电力,9.0444,39.8036,25.8077,13.9493,2.4775,145.3078
125,600278,东方创业,22.0961,16.2925,25.7287,13.9922,3.2878,109.4957
126,000025,特力A,5.7476,62.6348,25.5553,14.0871,0.8197,439.1851
127,300538,同益股份,4.9241,73.1098,25.3114,14.2228,2.5527,141.0271
128,601086,国芳集团,1109.3265,0.3245,25.2842,14.2381,2.7116,132.7629
129,600830,香溢融通,6.8326,52.6886,24.4506,14.7236,0.2241,1606.4257
130,300240,飞力达,5.7129,63.0153,24.3685,14.7732,2.1949,164.0166
131,603881,数据港,3.1894,112.8739,24.279,14.8276,1.1821,304.5428
132,002410,广联达,8.1423,44.2136,24.2204,14.8635,1.2111,297.2504
133,300766,每日互动,3.0123,119.51,24.1658,14.8971,0.4075,883.4356
134,600027,华电国际,9.2938,38.7355,24.1548,14.9039,3.5842,100.4408
135,002155,湖南黄金,93.9678,3.8311,24.1107,14.9311,9.1049,39.5391
136,000600,建投能源,7.7302,46.5706,23.5981,15.2555,2.3947,150.332
137,600426,华鲁恒升,490.9163,0.7333,23.0413,15.6241,3.6352,99.0317
138,000591,太阳能,0.7651,470.5267,22.0132,16.3538,0.5914,608.7251
139,603165,荣晟环保,10.2479,35.1291,22.0033,16.3612,1.5997,225.0422
140,603000,人民网,4.1892,85.9353,21.705,16.586,0.6627,543.2322
141,600277,亿利洁能,15.224,23.6469,21.6642,16.6173,0.9436,381.5176
142,603225,新凤鸣,95.7947,3.758,21.6099,16.659000000000002,5.86,61.4334
143,603099,长白山,10.3901,34.6484,21.4104,16.8143,1.5876,226.7574
144,300378,鼎捷软件,9.5388,37.7406,20.3939,17.6523,1.1317,318.1055
145,600644,乐山电力,34.5532,10.4187,20.3782,17.6659,3.6176,99.5135
146,601326,秦港股份,89.615,4.0172,20.3573,17.6841,1.9868,181.1959
147,600119,*ST长投,2.0724,173.7116,20.1361,17.8783,1.0274,350.3991
148,002109,兴化股份,10.3352,34.8324,19.9551,18.0405,1.8564,193.9237
149,601828,美凯龙,9.4283,38.1829,19.6988,18.2752,1.11,324.3243
150,600857,宁波中百,523.4279,0.6878,19.5703,18.3952,2.5478,141.2984
151,600886,国投电力,8.3236,43.2505,19.3242,18.6295,2.0058,179.4795
152,603353,和顺石油,307.0067,1.1726,19.2888,18.6637,6.1334,58.695
153,000065,北方国际,3.3016,109.038,19.1245,18.824,1.1317,318.1055
154,603167,渤海轮渡,53.6007,6.7163,19.0366,18.9109,1.1465,313.9991
155,002453,华软科技,6.4147,56.1211,18.9198,19.0277,2.048,175.7813
156,000509,*ST华塑,2.3943,150.3571,18.8276,19.1209,0.5971,602.9141
157,300621,维业股份,1.6115,223.3944,18.5975,19.3574,1.0868,331.2477
158,000868,*ST安凯,2.0999,171.4367,18.5773,19.3785,0.7288,493.9627
159,600973,宝胜股份,7.5684,47.5662,18.2107,19.7686,2.923,123.1611
160,601991,大唐发电,6.9402,51.8717,18.1935,19.7873,2.7886,129.097
161,600585,海螺水泥,125.3106,2.8729,18.0711,19.9213,1.8566,193.9028
162,601808,中海油服,3.3989,105.9166,18.0367,19.9593,1.3919,258.6393
163,000779,甘咨询,3.4918,103.0987,17.5181,20.5502,0.8874,405.6795
164,300634,彩讯股份,2.3042,156.2364,17.5021,20.569000000000003,0.7024,512.5285
165,300759,康龙化成,4.9682,72.4609,17.439,20.6434,1.04,346.1538
166,600505,西昌电力,12.8341,28.0503,17.3836,20.7092,1.5063,238.9962
167,600418,江淮汽车,12.8983,27.9107,17.3715,20.7236,2.0274,177.5673
168,000877,天山股份,20.5124,17.5504,17.2496,20.87,2.8533,126.1697
169,600724,宁波富达,35.4444,10.1568,17.058,21.1045,0.733,491.1323
170,600508,上海能源,34.2247,10.5187,17.0554,21.1077,2.986,120.5626
171,600754,锦江酒店,14.0283,25.6624,17.0528,21.1109,1.6474,218.5262
172,002211,宏达新材,11.2227,32.0778,17.0048,21.1705,1.3084,275.1452
173,600310,桂东电力,96.6963,3.7230000000000003,16.9647,21.2205,4.9114,73.2989
174,600455,博通股份,22.3309,16.1212,16.9461,21.2438,0.7239,497.3063
175,600058,五矿发展,11.2138,32.1033,16.6747,21.5896,3.5858,100.396
176,600323,瀚蓝环境,9.324,38.61,16.5925,21.6965,2.1809,165.0695
177,600206,有研新材,47.3739,7.5991,16.5716,21.7239,4.1607,86.5239
178,000698,沈阳化工,311.6543,1.1551,16.5509,21.7511,3.1515,114.2313
179,000789,万年青,17.1766,20.9587,16.3031,22.0817,2.5317,142.1969
180,600818,中路股份,23.5983,15.2553,16.2757,22.1189,2.9824,120.7082
181,600547,山东黄金,145.4443,2.4752,16.1842,22.2439,7.3917,48.7033
182,600011,华能国际,6.938,51.8882,16.0822,22.385,2.8307,127.177
183,603968,醋化股份,9.8369,36.5969,16.066,22.4076,1.7149,209.9248
184,002033,丽江股份,99.8945,3.6038,15.979000000000001,22.5296,0.6134,586.8927
185,600186,莲花健康,12.9819,27.7309,15.9303,22.5984,1.5706,229.2118
186,300483,沃施股份,5.6693,63.4999,15.8637,22.6933,1.6533,217.7463
187,601228,广州港,14.3132,25.1516,15.4925,23.2371,2.6742,134.6197
188,600057,厦门象屿,52.6064,6.8433,15.109000000000002,23.8269,6.2012,58.0533
189,002572,索菲亚,13.972000000000001,25.7658,15.0129,23.9794,1.9719,182.565
190,002809,红墙股份,2.0598,174.7742,14.9267,24.1179,0.8394,428.8778
191,002878,元隆雅图,2.9147,123.5119,14.8906,24.1763,1.6731,215.1694
192,000539,粤电力A,8.9567,40.1934,14.8418,24.2558,2.5019,143.8906
193,601975,招商南油,12.6638,28.4275,14.8397,24.2593,2.8264,127.3705
194,600740,山西焦化,43.1832,8.3366,14.7621,24.3868,1.1052,325.7329
195,002419,天虹股份,233.3773,1.5426,14.6327,24.6024,2.0723,173.72
196,603886,元祖股份,52.1087,6.9086,14.389000000000001,25.0191,1.4665,245.4824
197,300305,裕兴股份,5.8279,61.7718,14.3861,25.0242,0.7102,506.8995
198,300801,泰和科技,9.2845,38.7743,14.175,25.3968,1.3651,263.7169
199,600997,开滦股份,10.6179,33.905,14.1698,25.4061,1.821,197.6936
200,600635,大众公用,14.0511,25.6208,14.0057,25.7038,1.0178,353.7041
201,600098,广州发展,19.5421,18.4218,14.0026,25.7095,2.9868,120.5303
202,300612,宣亚国际,2.1216,169.6833,13.9562,25.795,0.8792,409.4631
203,600794,保税科技,100.3382,3.5879,13.8334,26.024,1.4619,246.2549
204,600163,中闽能源,1.296,277.7778,13.6212,26.4294,0.7015,513.186
205,000708,中信特钢,59.348,6.0659,13.4128,26.84,4.1911,85.8963
206,002799,环球印务,5.5892,64.4099,13.3599,26.9463,2.0157,178.59799999999998
207,002800,天顺股份,5.2713,68.2943,13.3034,27.0608,1.5754,228.5134
208,000856,冀东装备,3.6002,99.9944,13.300999999999998,27.0656,1.5436,233.22099999999998
209,603997,继峰股份,13.4973,26.671999999999997,13.2996,27.0685,4.0053,89.8809
210,600982,宁波热电,22.7051,15.8555,13.255999999999998,27.1575,1.2169,295.8337
211,000830,鲁西化工,194.6117,1.8498,13.2333,27.2041,6.6851,53.8511
212,600026,中远海能,16.6058,21.6792,13.2232,27.2249,2.0011,179.9011
213,600126,杭钢股份,137.6845,2.6147,13.2079,27.2564,2.3676,152.0527
214,600028,中国石化,53.035,6.787999999999999,13.2025,27.2676,6.2448,57.648
215,601088,中国神华,29.6138,12.1565,13.024000000000001,27.6413,1.2284,293.0641
216,002110,三钢闽光,521.1326,0.6908,12.9634,27.7705,2.7783,129.5756
217,600088,中视传媒,55.964,6.4327,12.8732,27.9651,0.8287,434.4153
218,600104,上汽集团,20.2903,17.7425,12.8126,28.0973,1.7138,210.0595
219,600022,山东钢铁,551.2208,0.6531,12.7169,28.3088,3.0717,117.1989
220,600130,波导股份,6.8267,52.7341,12.652999999999999,28.4518,0.7311,492.4087
221,603113,金能科技,17.442,20.6398,12.4023,29.0269,2.2149,162.5356
222,000905,厦门港务,19.0257,18.9218,12.3075,29.2505,4.268,84.3486
223,600511,国药股份,4.3011,83.6995,12.1607,29.6036,2.1778,165.3044
224,600712,南宁百货,412.8461,0.872,12.1472,29.6365,3.3871,106.2856
225,002329,皇氏集团,3.7097,97.0429,12.0828,29.7944,0.9768,368.5504
226,600989,宝丰能源,901.1023,0.3995,12.0509,29.8733,4.9785,72.3109
227,000603,盛达资源,96.8805,3.7159,12.0431,29.8926,3.0311,118.7688
228,001896,豫能控股,5.4121,66.5176,11.8902,30.276999999999997,1.9985,180.1351
229,688051,佳华科技,1.7631,204.1858,11.8743,30.3176,1.114,323.1598
230,601015,陕西黑猫,17.7177,20.3187,11.7673,30.5933,1.6114,223.4082
231,603879,永悦科技,2.2379,160.8651,11.7333,30.6819,0.8547,421.2004
232,000717,韶钢松山,1081.1854,0.33299999999999996,11.7303,30.6898,5.5373,65.0136
233,600792,云煤能源,7.0505,51.0602,11.7208,30.7146,2.1962,163.9195
234,600828,茂业商业,143.9175,2.5014,11.7196,30.7178,3.2583,110.4871
235,603927,中科软,5.0835,70.8174,11.7185,30.7207,1.2323,292.1367
236,000635,英力特,106.9926,3.3647,11.6606,30.8732,1.5843,227.2297
237,603192,汇得科技,6.5199,55.2156,11.639000000000001,30.9305,1.0223,352.1471
238,000932,华菱钢铁,31.4908,11.4319,11.629000000000001,30.9571,3.3785,106.5562
239,002300,太阳电缆,6.3439,56.7474,11.5922,31.0554,3.1233,115.2627
240,603776,永安行,1.5096,238.4738,11.5474,31.1758,0.4067,885.1733
241,600313,农发种业,27.1869,13.2417,11.4896,31.3327,2.8003,128.5577
242,600577,精达股份,6.5882,54.6431,11.427999999999999,31.5016,2.8913,124.5115
243,000629,攀钢钒钛,78.3735,4.5934,11.3781,31.6397,2.2121,162.7413
244,002459,晶澳科技,9.9881,36.0429,11.3494,31.7197,2.7074,132.9689
245,601898,中煤能源,21.1998,16.9813,11.347000000000001,31.7264,2.3408,153.7936
246,600817,ST宏盛,2.2106,162.8517,11.3055,31.8429,0.7154,503.215
247,600688,上海石化,41.6282,8.648,11.2644,31.9591,4.2155,85.3991
248,601857,中国石油,41.0268,8.7748,11.2335,32.047,5.5927,64.3696
249,601866,中远海发,13.4768,26.7126,11.139000000000001,32.3189,0.4727,761.5824
250,603378,亚士创能,3.2765,109.8733,11.1304,32.3439,1.2723,282.9521
251,000899,赣能股份,9.2147,39.068000000000005,11.0312,32.6347,1.7623,204.2785
252,600650,锦江投资,20.1894,17.8311,11.0082,32.7029,1.6154,222.855
253,600234,ST山水,18.033,19.9634,11.0079,32.7038,2.6506,135.8183
254,600008,首创股份,4.4895,80.1871,10.9946,32.7433,1.0893,330.4875
255,000550,江铃汽车,11.9493,30.1273,10.9777,32.7938,1.9515,184.4735
256,603078,江化微,3.0157,119.3753,10.9774,32.7947,0.8928,403.2258
257,600741,华域汽车,6.1023,58.9941,10.9367,32.9167,1.7519,205.4912
258,002648,卫星石化,28.0361,12.8406,10.933,32.9278,1.7583,204.7432
259,603181,皇马科技,8.7956,40.9296,10.9265,32.9474,1.9,189.4737
260,002677,浙江美大,103.4834,3.4788,10.8907,33.0557,1.7996,200.0445
261,600810,神马股份,12.3781,29.0836,10.8387,33.2143,2.1032,171.1677
262,603897,长城科技,8.3644,43.0395,10.8262,33.2527,2.5037,143.7872
263,002937,兴瑞科技,3.7668,95.5718,10.8155,33.2856,1.2176,295.6636
264,000557,西部创业,6.5595,54.8822,10.7497,33.4893,0.5672,634.6968
265,002802,洪汇新材,7.1568,50.3018,10.71,33.6134,1.294,278.2071
266,000060,中金岭南,41.7355,8.6258,10.6602,33.7705,3.3044,108.9456
267,600858,银座股份,294.8366,1.2209999999999999,10.6354,33.8492,3.4425,104.5752
268,603026,石大胜华,13.8258,26.0383,10.6338,33.8543,2.8169999999999997,127.7955
269,000034,神州数码,11.0977,32.4392,10.6096,33.9315,3.9766,90.5296
270,603609,禾丰牧业,46.8242,7.6883,10.6014,33.9578,4.9984,72.023
271,000407,胜利股份,14.4903,24.8442,10.5542,34.1096,2.4935,144.3754
272,300042,朗科科技,13.7427,26.1957,10.527000000000001,34.1978,1.4838,242.6203
273,601958,金钼股份,26.4566,13.6072,10.5177,34.228,1.6668,215.9827
274,000721,西安饮食,21.835,16.4873,10.4908,34.3158,1.311,274.5995
275,600362,江西铜业,30.3663,11.8552,10.4642,34.403,3.1302,115.0086
276,600751,海航科技,6.0986,59.0299,10.4243,34.5347,3.4009,105.8543
277,600713,南京医药,4.7309,76.0955,10.421,34.5456,1.9844,181.415
278,000612,焦作万方,265.3235,1.3568,10.4,34.6154,3.503,102.7691
279,600449,宁夏建材,9.7261,37.0138,10.3725,34.7072,2.0693,173.9719
280,000655,金岭矿业,19.1246,18.8239,10.3264,34.8621,1.1194,321.6009
281,002735,王子新材,3.3309,108.0789,10.3059,34.9314,1.7426,206.5879
282,000552,靖远煤电,6.7252,53.53,10.2643,35.073,0.8139,442.3148
283,002756,永兴材料,30.4987,11.8038,10.247,35.1322,2.1832,164.8956
284,688009,中国通号,2.6924,133.7097,10.2149,35.2426,0.5712,630.2521
285,603938,三孚股份,21.4517,16.7819,10.1964,35.3066,1.5804,227.7904
286,000822,山东海化,168.4357,2.1373,10.1601,35.4327,2.1717,165.7688
287,300130,新国都,7.5331,47.7891,10.1521,35.4606,1.2704,283.3753
288,600120,浙江东方,38.9138,9.2512,10.1296,35.5394,1.2588,285.9867
289,600749,西藏旅游,7.077000000000001,50.869,10.1018,35.6372,0.293,1228.6689
290,300638,广和通,4.323,83.2755,9.9683,36.1145,1.3856,259.8152
291,002441,众业达,9.7398,36.9617,9.9194,36.2925,2.3965,150.2191
292,000912,泸天化,317.1462,1.1351,9.8864,36.4137,2.6425,136.2346
293,603317,天味食品,154.5986,2.3286,9.8751,36.4553,1.2603,285.6463
294,603696,安记食品,35.6535,10.0972,9.8617,36.5049,1.0243,351.4595
295,603322,超讯通信,1.0221,352.216,9.8614,36.506,0.6762,532.3869
296,603801,志邦家居,12.419,28.9878,9.8509,36.5449,1.7051,211.1313
297,000876,新希望,112.2759,3.2064,9.8145,36.6804,5.3333,67.5004
298,600744,华银电力,4.7042,76.5274,9.8075,36.7066,2.0716,173.7787
299,603363,傲农生物,12.7315,28.2763,9.7838,36.7955,4.2245,85.2172
300,000960,锡业股份,72.2999,4.9793,9.7454,36.9405,3.8638,93.1725
301,300231,银信科技,2.8275,127.321,9.7304,36.9975,0.9663,372.5551
302,603189,网达软件,1.8178,198.0416,9.6022,37.4914,0.4479,803.7508
303,002938,鹏鼎控股,4.601,78.2439,9.5885,37.545,1.6194,222.3046
304,002819,东方中科,2.1895,164.4211,9.5858,37.5556,1.113,323.4501
305,000862,银星能源,1.0852,331.7361,9.5711,37.6132,0.6877,523.4841
306,601636,旗滨集团,92.7623,3.8809,9.5247,37.7965,4.0562,88.75299999999999
307,603948,建业股份,16.4052,21.9443,9.5175,37.8251,2.5229,142.6929
308,603737,三棵树,5.2364,68.7495,9.4964,37.9091,2.2094,162.9402
309,600507,方大特钢,57.4367,6.2678,9.4849,37.9551,2.2832,157.6734
310,600768,宁波富邦,23.9087,15.0573,9.4769,37.9871,1.5545,231.5857
311,601138,工业富联,4.7868,75.2068,9.4662,38.03,2.1197,169.8354
312,000950,重药控股,3.0962,116.2716,9.4521,38.0868,1.8419,195.4504
313,002024,苏宁易购,42.7022,8.4305,9.3842,38.3624,2.1325,168.8159
314,600386,北巴传媒,21.8765,16.456,9.3536,38.4879,2.3093,155.8914
315,002263,*ST东南,14.7918,24.3378,9.3337,38.5699,1.2013,299.6754
316,002067,景兴纸业,11.0129,32.6889,9.3269,38.598,1.9494,184.6722
317,603916,苏博特,2.1499,167.4496,9.302999999999999,38.6972,1.2034,299.1524
318,600719,大连热电,11.6622,30.869,9.2739,38.8186,1.1798,305.1365
319,000688,国城矿业,12.5575,28.6681,9.1921,39.1641,1.199,300.2502
320,000529,广弘控股,21.7479,16.5533,9.1759,39.2332,1.7564,204.9647
321,600785,新华百货,63.1835,5.6977,9.1524,39.3339,3.7318,96.4682
322,601118,海南橡胶,21.3109,16.8928,9.1517,39.336999999999996,2.1349,168.6262
323,000921,海信家电,10.6039,33.9498,9.1173,39.4854,1.9297,186.5575
324,600976,健民集团,6.9619,51.71,9.1098,39.5179,1.9739,182.3801
325,603706,东方环宇,10.1086,35.6132,9.0868,39.6179,0.6136,586.7014
326,688096,京源环保,1.1452,314.3556,9.055,39.757,0.7245,496.8944
327,600720,祁连山,18.2102,19.7691,9.0201,39.9109,3.312,108.6957
328,002732,燕塘乳业,21.5947,16.6708,9.013,39.9423,4.965,72.5076
329,000523,广州浪奇,3.8415,93.7134,8.9421,40.259,1.7584,204.7316
330,300821,东岳硅材,97.1408,3.7060000000000004,8.9002,40.4485,1.8468,194.9318
331,601800,中国交建,6.1854,58.2016,8.8864,40.5113,1.0983,327.7793
332,000401,冀东水泥,16.2074,22.2121,8.876,40.5588,1.6052,224.2711
333,002909,集泰股份,4.8299,74.5357,8.8271,40.7835,1.6336,220.3722
334,601600,中国铝业,38.929,9.2476,8.8183,40.8242,3.5327,101.9051
335,002183,怡亚通,5.6716,63.4742,8.779,41.0069,2.1292,169.0776
336,601899,紫金矿业,139.3029,2.5843,8.7518,41.1344,4.6101,78.0894
337,601069,西部黄金,434.5951,0.8284,8.6922,41.4164,4.8302,74.5311
338,002233,塔牌集团,145.6644,2.4714,8.6751,41.4981,1.2866,279.8072
339,600327,大东方,59.7883,6.0212,8.6496,41.6204,3.9633,90.8334
340,002458,益生股份,62.1217,5.7951,8.6397,41.6681,3.27,110.0917
341,000419,通程控股,328.5173,1.0958,8.5591,42.0605,1.5011,239.8241
342,603657,春光科技,3.1532,114.1697,8.5511,42.0998,0.7229,497.9942
343,601016,节能风电,1.1329,317.7686,8.5346,42.1812,0.5785,622.299
344,000037,深南电A,7.8729,45.7265,8.5142,42.2823,0.7431,484.457
345,000059,华锦股份,193.9128,1.8565,8.5127,42.2898,2.6433,136.1934
346,601068,中铝国际,2.1734,165.6391,8.4911,42.3973,0.7215,498.9605
347,000818,航锦科技,9.4574,38.0654,8.4594,42.5562,2.5498,141.1875
348,000898,鞍钢股份,41.9913,8.5732,8.4459,42.6242,4.19,85.9189
349,600681,百川能源,4.4037,81.7494,8.4276,42.7168,1.5632,230.2968
350,300520,科大国创,3.4585,104.0914,8.4037,42.8383,1.1854,303.695
351,300657,弘信电子,3.3545,107.3185,8.3914,42.9011,1.2844,280.2865
352,002232,启明信息,3.6874,97.6298,8.3891,42.9128,0.97,371.134
353,001696,宗申动力,5.5875,64.4295,8.3859,42.9292,1.3219999999999998,272.3147
354,300727,润禾材料,4.0872,88.0799,8.3359,43.1867,1.4929,241.1414
355,002129,中环股份,6.5295,55.1344,8.3334,43.1997,1.1218,320.9128
356,002858,力盛赛车,2.2738,158.3253,8.3193,43.2729,1.023,351.9062
357,300174,元力股份,14.2218,25.3133,8.3146,43.2973,2.323,154.972
358,300682,朗新科技,2.1172,170.0359,8.2831,43.461999999999996,0.9474,379.9873
359,000919,金陵药业,8.7033,41.3636,8.2321,43.7312,1.1279,319.1772
360,002825,纳尔股份,9.5857,37.5559,8.219,43.8009,1.7375,207.1942
361,002742,三圣股份,2.0509,175.5327,8.1361,44.2472,1.1906,302.3686
362,603579,荣泰健康,18.0114,19.9873,8.1313,44.2734,1.3895,259.086
363,600203,福日电子,4.6155,77.9981,8.0936,44.4796,1.9485,184.7575
364,603326,我乐家居,9.0216,39.9042,8.0828,44.538999999999994,1.9045,189.02599999999998
365,601238,广汽集团,21.0613,17.093,8.0758,44.5776,0.9626,373.9871
366,603920,世运电路,3.8881,92.5902,8.0285,44.8403,1.0835,332.2566
367,002117,东港股份,4.9488,72.7449,8.0232,44.8699,1.1168,322.3496
368,002597,金禾实业,20.5912,17.4832,7.9898,45.0574,1.0131,355.345
369,300118,东方日升,4.1966,85.7837,7.957999999999999,45.2375,1.361,264.5114
370,300196,长海股份,6.3383,56.7976,7.9563,45.2472,1.4655,245.6499
371,300632,光莆股份,3.4305,104.941,7.9464,45.3035,1.0165,354.1564
372,002404,嘉欣丝绸,8.7568,41.1109,7.9145,45.4861,1.6277,221.171
373,601116,三江购物,586.4028,0.6139,7.8814,45.6772,1.2265,293.5181
374,002136,安纳达,18.3284,19.6416,7.8745,45.7172,2.9853,120.5909
375,688299,长阳科技,3.1611,113.8844,7.8461,45.8827,0.9533,377.6356
376,600841,上柴股份,16.9085,21.2911,7.8069,46.1131,0.7667,469.5448
377,600282,南钢股份,56.3483,6.3888,7.7919,46.2018,2.7937,128.8614
378,000050,深天马A,5.132000000000001,70.1481,7.7916,46.2036,2.093,172.0019
379,300454,深信服,13.1937,27.2858,7.7637,46.3696,1.6061,224.1454
380,002186,全聚德,22.0724,16.31,7.7381,46.523,1.4914,241.3839
381,600739,辽宁成大,13.3827,26.9004,7.6770000000000005,46.8933,2.3064,156.0874
382,300763,锦浪科技,4.6553,77.3312,7.6692,46.941,1.4888,241.8055
383,601158,重庆水务,6.019,59.8106,7.6576,47.0121,1.1047,325.8803
384,601865,福莱特,4.9852,72.2138,7.6439,47.0964,1.2818,280.855
385,601200,上海环境,3.8277,94.0513,7.6136,47.2838,1.0776,334.0757
386,002782,可立克,3.6208,99.4255,7.5858,47.4571,1.505,239.2027
387,000793,华闻集团,3.145,114.4674,7.5843,47.4665,1.0378,346.8876
388,000833,粤桂股份,95.4821,3.7703,7.5786,47.5022,1.8146,198.3908
389,002803,吉宏股份,7.5171,47.8908,7.5596,47.6216,2.3922,150.4891
390,300697,电工合金,4.9691,72.4477,7.5457,47.7093,1.895,189.9736
391,601003,柳钢股份,257.6131,1.3974,7.532,47.7961,3.3369,107.8846
392,000895,双汇发展,475.5004,0.7571,7.5177,47.887,4.6278,77.7907
393,300806,斯迪克,2.9426,122.3408,7.5033,47.9789,1.3814,260.6052
394,002106,莱宝高科,3.7319,96.4656,7.4694,48.1966,1.3456,267.5386
395,000800,一汽轿车,19.325,18.6287,7.4618,48.2457,2.7949,128.806
396,300686,智动力,5.9134,60.8787,7.4383,48.3982,2.6357,136.5861
397,600063,皖维高新,18.6894,19.2623,7.4262,48.477,2.0823,172.8858
398,000521,长虹美菱,10.8228,33.2631,7.4027,48.6309,1.4662,245.5327
399,000049,德赛电池,4.567,78.8264,7.3984,48.6592,2.4859,144.8168
400,601231,环旭电子,5.0119,71.829,7.3964,48.6723,2.0623,174.5624
401,300073,当升科技,3.1589,113.9637,7.3765,48.8036,0.6886,522.7999
402,000301,东方盛虹,112.1913,3.2088,7.3624,48.8971,2.7228,132.2168
403,600829,人民同泰,3.0005,119.98,7.3425,49.0296,1.8571,193.8506
404,688388,嘉元科技,13.389000000000001,26.8877,7.3221,49.1662,1.2056,298.6065
405,300121,阳谷华泰,3.9498,91.1439,7.2989,49.3225,1.5766,228.3395
406,000062,深圳华强,5.0199,71.7146,7.2814,49.441,2.1096,170.6485
407,300211,亿通科技,1.4682,245.1982,7.2796,49.4533,0.28600000000000003,1258.7413
408,002075,沙钢股份,296.8421,1.2128,7.2618,49.5745,1.9409,185.481
409,600756,浪潮软件,4.2043,85.6266,7.2464,49.6798,0.7197,500.2084
410,002379,宏创控股,13.7947,26.096999999999998,7.2202,49.8601,3.4545,104.2119
411,300703,创源文化,5.8972,61.0459,7.1976,50.0167,1.2678,283.9565
412,002053,云南能投,3.9462,91.227,7.195,50.0347,0.9977,360.8299
413,603288,海天味业,8067.406,0.0446,7.1859,50.0981,1.0975,328.0182
414,600061,国投资本,1.3674,263.2734,7.1793,50.1442,0.005,72000.0
415,000990,诚志股份,7.3143,49.2187,7.1579999999999995,50.2934,1.3221,272.2941
416,600071,凤凰光学,3.3889,106.2292,7.1529,50.3292,1.4463,248.91099999999997
417,601886,江河集团,1.5797,227.8914,7.1232,50.5391,0.8377,429.7481
418,002442,龙星化工,5.2813,68.165,7.0914,50.7657,1.8236,197.4117
419,300481,濮阳惠成,7.0037,51.4014,7.0822,50.8317,1.1413,315.4298
420,600970,中材国际,6.9753,51.6107,7.0774,50.8661,1.13,318.5841
421,000404,长虹华意,6.527,55.1555,7.0729999999999995,50.8978,1.2196,295.1787
422,601969,海南矿业,25.7378,13.9872,7.0695,50.923,1.1601,310.3181
423,002436,兴森科技,3.7925,94.9242,7.0437,51.1095,1.6765,214.7331
424,603186,华正新材,2.8359,126.9438,6.9938,51.4742,1.5394,233.8573
425,000572,*ST海马,5.1951,69.2961,6.9912,51.4933,1.4674,245.3319
426,002838,道恩股份,6.189,58.1677,6.9897,51.5044,2.266,158.8703
427,600761,安徽合力,12.5173,28.7602,6.9399,51.8739,1.9327,186.2679
428,002746,仙坛股份,55.6888,6.4645,6.9398,51.8747,1.3421,268.2363
429,600628,新世界,10.7021,33.6383,6.9036,52.1467,0.6508,553.1653
430,002056,横店东磁,4.9032,73.4214,6.9012,52.1648,1.3933,258.3794
431,601168,西部矿业,192.25799999999998,1.8725,6.8956,52.2072,1.9934,180.59599999999998
432,600497,驰宏锌锗,278.0796,1.2946,6.8932,52.2254,4.5706,78.7643
433,002014,永新股份,5.7503,62.6054,6.8894,52.2542,1.5937,225.8894
434,002242,九阳股份,49.7416,7.2374,6.8825,52.3066,1.8086,199.049
435,603596,伯特利,3.6835,97.7331,6.8705,52.3979,1.051,342.5309
436,300692,中环环保,4.5058,79.89699999999999,6.8558,52.5103,1.2741,282.5524
437,002011,盾安环境,4.5635,78.8868,6.8456,52.5885,1.5999,225.0141
438,300310,宜通世纪,3.0893,116.5313,6.8047,52.9046,1.2327,292.0419
439,603899,晨光文具,12.1438,29.6448,6.7992,52.9474,2.3798,151.2732
440,600273,嘉化能源,11.8665,30.3375,6.7756,53.1318,1.9901,180.8954
441,000702,正虹科技,325.8581,1.1048,6.7234,53.5443,3.8122,94.4337
442,002241,歌尔股份,4.5957,78.3341,6.7215,53.5595,2.2299,161.4422
443,000859,国风塑业,8.3426,43.152,6.7191,53.5786,1.5386,233.9789
444,300376,易事特,1.1888,302.8264,6.7176,53.5906,0.6174,583.0904
445,002057,中钢天源,3.443,104.56,6.6855,53.8479,1.1568,311.2033
446,002114,罗平锌电,913.9592,0.3939,6.6701,53.9722,3.9866,90.3025
447,603180,金牌厨柜,66.6365,5.4024,6.6381,54.2324,1.7137,210.0718
448,002165,红宝丽,7.7287,46.5796,6.6339,54.2667,1.5312,235.1097
449,002182,云海金属,5.5494,64.8719,6.5542,54.9266,2.1804,165.1073
450,000951,中国重汽,11.9398,30.1513,6.5371,55.0703,1.9097,188.5113
451,002801,微光股份,4.7041,76.529,6.5286,55.141999999999996,0.8248,436.4694
452,002429,兆驰股份,3.9711,90.655,6.5247,55.175,0.9108,395.2569
453,603637,镇海股份,6.8398,52.6331,6.5214,55.2029,0.9748,369.3065
454,603278,大业股份,4.2944,83.8301,6.4933,55.4418,1.2833,280.5268
455,600808,马钢股份,70.6758,5.0937,6.4827,55.5324,1.8431,195.3231
456,603536,惠发食品,7.312,49.2341,6.4673,55.6647,2.2329,161.2253
457,000619,海螺型材,16.6402,21.6344,6.4526,55.7915,1.6115,223.3944
458,601010,文峰股份,496.3861,0.7252,6.4092,56.1693,3.3739,106.7014
459,000978,桂林旅游,5.0498,71.29,6.4086,56.1745,1.9779,182.0112
460,601607,上海医药,4.1694,86.3434,6.4027,56.2263,1.9498,184.6343
461,600727,鲁北化工,113.0943,3.1832,6.3928,56.3134,1.7608,204.4525
462,002139,拓邦股份,3.6181,99.4997,6.3615,56.5904,1.4407,249.8785
463,000786,北新建材,19.8765,18.1118,6.2804,57.3212,2.2229,161.9506
464,603686,龙马环卫,2.6003,138.4456,6.2608,57.5006,1.2557,286.6927
465,002913,奥士康,3.3676,106.9011,6.257999999999999,57.5264,1.0419,345.5226
466,300493,润欣科技,4.45,80.8989,6.2534,57.5687,1.665,216.2162
467,603977,国泰集团,6.9977,51.4455,6.2115,57.957,1.4397,250.0521
468,600803,新奥股份,8.5106,42.3002,6.1837,58.2176,2.04,176.4706
469,300616,尚品宅配,184.8211,1.9478,6.15,58.5366,1.9739,182.3801
470,603488,展鹏科技,3.2942,109.28299999999999,6.1472,58.5632,0.4575,786.8852
471,300057,万顺新材,3.9443,91.2709,6.1316,58.7122,1.2107,297.3486
472,603348,文灿股份,4.3308,83.1255,6.105,58.9681,1.0748,334.94599999999997
473,601005,重庆钢铁,1306.125,0.2756,6.0976,59.0396,3.0555,117.8203
474,603992,松霖科技,5.4093,66.55199999999999,6.0705,59.3032,1.2781,281.6681
475,603806,福斯特,4.6027,78.215,6.0135,59.8653,1.0848,331.8584
476,002922,伊戈尔,4.7911,75.1393,6.0079,59.9211,1.61,223.6025
477,000338,潍柴动力,12.7082,28.3282,6.0078,59.9221,1.4884,241.8705
478,603228,景旺电子,3.3437,107.6652,6.0022,59.978,1.2312,292.3977
479,603303,得邦照明,4.0232,89.48100000000001,5.9962,60.038000000000004,1.3558,265.5259
480,300670,大烨智能,1.0947,328.8572,5.9836,60.1644,0.516,697.6744
481,000915,山大华特,7.2603,49.5847,5.9829,60.1715,1.0641,338.3141
482,002521,齐峰新材,4.0714,88.4217,5.9796,60.2047,1.1264,319.6023
483,600309,万华化学,19.5109,18.4512,5.9764,60.2369,2.5569,140.7955
484,002661,克明面业,12.9631,27.7711,5.9708,60.2934,1.7013,211.6029
485,300451,创业慧康,2.0409,176.3928,5.9619,60.3834,1.0375,346.98800000000006
486,600132,重庆啤酒,57.1681,6.2972,5.9566,60.4372,2.2361,160.9946
487,688139,海尔生物,11.4184,31.5281,5.9474,60.5307,0.4518,796.8127
488,300669,沪宁股份,3.6479,98.6869,5.8998,61.019,0.9279,387.9728
489,002978,安宁股份,54.9255,6.5543,5.8862,61.16,1.6013,224.8173
490,603380,易德龙,4.0212,89.5255,5.8734,61.2933,1.2303,292.6116
491,600600,青岛啤酒,213.7999,1.6838,5.8565,61.4702,1.4439,249.3247
492,002758,华通医药,4.8134,74.7912,5.843999999999999,61.6016,1.5864,226.9289
493,000920,南方汇通,7.4344,48.4235,5.8332,61.7157,1.3780000000000001,261.2482
494,603259,药明康德,5.2207,68.9563,5.8319,61.7295,1.0521,342.1728
495,600113,浙江东日,21.9665,16.3886,5.7911,62.1644,1.6028,224.6069
496,002925,盈趣科技,3.9567,90.9849,5.7884,62.1934,0.96,375.0
497,002456,欧菲光,5.8102,61.96,5.7794,62.2902,2.3702,151.8859
498,300241,瑞丰光电,2.8903,124.5545,5.7211,62.925,1.1416,315.3469
499,300322,硕贝德,4.2379,84.9477,5.7143,62.9998,1.6328,220.4802
500,300019,硅宝科技,5.6634,63.5661,5.7018,63.138000000000005,1.7637,204.1163
501,000807,云铝股份,88.9593,4.0468,5.7008,63.148999999999994,2.57,140.0778
502,603535,嘉诚国际,5.5849,64.4595,5.6906,63.2622,1.0377,346.9211
503,002163,中航三鑫,4.7139,76.3699,5.6811,63.368,1.5439,233.1757
504,603090,宏盛股份,2.9788,120.854,5.6775,63.4082,1.2163,295.9796
505,300655,晶瑞股份,3.0923,116.4182,5.6715,63.4753,1.1552,311.6343
506,600326,西藏天路,4.9324,72.9868,5.6676,63.5189,1.01,356.4356
507,603013,亚普股份,7.0699,50.9201,5.6511,63.7044,2.3617,152.4326
508,600279,重庆港九,27.2706,13.200999999999999,5.6408,63.8207,1.7383,207.0989
509,600873,梅花生物,36.4066,9.8883,5.6348,63.8887,2.7675,130.0813
510,002568,百润股份,13.029000000000002,27.6307,5.6274,63.9727,1.6812,214.1328
511,300136,信维通信,2.0611,174.66400000000002,5.6238,64.0137,1.2784,281.60200000000003
512,600066,宇通客车,1.9579,183.8705,5.617000000000001,64.0912,1.1012,326.9161
513,600156,华升股份,10.4625,34.4086,5.6101,64.17,1.4628,246.1034
514,300120,经纬辉开,3.7466,96.0871,5.5969,64.3213,1.5166,237.3731
515,688138,清溢光电,3.5549,101.2687,5.5707,64.6238,1.1285,319.0075
516,300253,卫宁健康,1.4307,251.6251,5.5668,64.6691,0.8166,440.8523
517,600292,远达环保,2.0634,174.4693,5.5652,64.6877,1.1039,326.1165
518,600332,白云山,5.5449,64.9245,5.5637,64.7051,1.4594,246.6767
519,600127,金健米业,29.9149,12.0341,5.5341,65.0512,3.4529,104.2602
520,601717,郑煤机,5.3895,66.7965,5.5197,65.2209,1.3335,269.9663
521,600378,昊华科技,4.946000000000001,72.7861,5.4882,65.5953,1.1116,323.8575
522,002916,深南电路,5.7381,62.7385,5.4611,65.9208,2.073,173.6614
523,300752,隆利科技,3.5828,100.4801,5.4482,66.0769,1.1846,303.9001
524,002850,科达利,3.3735,106.7141,5.445,66.1157,1.3267,271.35
525,600272,开开实业,7.3987,48.6572,5.4306,66.291,1.8136,198.5002
526,000977,浪潮信息,6.8815,52.3142,5.4179,66.4464,2.0496,175.644
527,000878,云南铜业,300.3526,1.1986,5.4145,66.4881,3.6596,98.3714
528,002471,中超控股,2.5822,139.416,5.3969,66.705,1.3389,268.8774
529,000823,超声电子,3.2612,110.3888,5.3951,66.7272,1.4449,249.1522
530,603309,维力医疗,9.9973,36.0097,5.3931,66.752,2.4483,147.0408
531,603018,中设集团,1.1542,311.9043,5.3919,66.7668,0.7485,480.9619
532,002533,金杯电工,7.0885,50.7865,5.3706,67.0316,1.9292,186.6058
533,000576,广东甘化,14.3985,25.0026,5.3705,67.0329,0.8692,414.17400000000004
534,002882,金龙羽,5.6116,64.1528,5.3658,67.0916,1.944,185.1852
535,000880,潍柴重机,19.4692,18.4907,5.3533,67.2482,1.39,258.9928
536,002134,天津普林,3.4345,104.8188,5.3456,67.3451,1.3709,262.6012
537,600929,湖南盐业,32.3837,11.1167,5.3455,67.3464,2.1493,167.4964
538,600481,双良节能,2.4752,145.4428,5.3441,67.36399999999999,0.88,409.0909
539,603236,移远通信,11.9278,30.1816,5.3424,67.3854,2.2071,163.11
540,000810,创维数字,2.0333,177.0521,5.3349,67.4802,1.115,322.87
541,600548,深高速,13.7937,26.0989,5.3338,67.4941,0.8140000000000001,442.2604
542,603022,新通联,3.9514,91.1069,5.3277,67.5714,1.5533,231.7646
543,000705,浙江震元,6.7464,53.3618,5.3165,67.7137,2.2386,160.8148
544,002025,航天电器,2.3716,151.7963,5.3114,67.7787,0.8101,444.3896
545,600182,S佳通,3.2430000000000003,111.0083,5.3113,67.78,1.7236,208.8652
546,603327,福蓉科技,5.9355,60.652,5.3019,67.9002,1.5664,229.8264
547,002683,宏大爆破,3.5507,101.3885,5.2679,68.3384,1.3666,263.4275
548,002798,帝欧家居,2.8916,124.4985,5.2583,68.4632,1.5582,231.0358
549,600731,湖南海利,12.9536,27.7915,5.2541,68.5179,1.7206,209.2293
550,300787,海能实业,4.6782,76.9527,5.246,68.6237,1.453,247.7632
551,600458,时代新材,5.1379,70.0675,5.2384,68.7233,1.2207,294.9128
552,600331,宏达股份,1671.433,0.2154,5.2317,68.8113,2.5526,141.0327
553,600839,四川长虹,10.5496,34.1245,5.2293,68.8429,1.7278,208.3574
554,300658,延江股份,4.9752,72.3589,5.2185,68.9853,1.4282,252.0655
555,300817,双飞股份,4.8228,74.6454,5.2108,69.0873,1.8114,198.7413
556,300235,方直科技,3.7260000000000004,96.6184,5.2056,69.1563,0.2415,1490.6832
557,601801,皖新传媒,8.7644,41.0753,5.1944,69.3054,0.8674,415.0334
558,002019,亿帆医药,5.6422,63.8049,5.1934,69.3188,1.4376,250.4174
559,000100,TCL科技,6.8146,52.8278,5.1895,69.3708,1.1666,308.5891
560,002172,澳洋健康,8.3387,43.1722,5.1854,69.4257,1.2062,298.45799999999997
561,000505,京粮控股,83.3554,4.3189,5.1682,69.6567,2.5816,139.4484
562,600125,铁龙物流,79.4746,4.5297,5.166,69.6864,3.2442,110.9673
563,600379,宝光股份,5.0802,70.8634,5.1616,69.7458,1.5871,226.8288
564,300717,华信新材,2.5824,139.4052,5.1596,69.7729,0.977,368.4749
565,300624,万兴科技,40.1528,8.9658,5.1524,69.8704,1.4319,251.4142
566,000739,普洛药业,7.0363,51.1633,5.1493,69.9124,2.0507,175.5498
567,002080,中材科技,4.293,83.8574,5.1487,69.9206,1.3652,263.6976
568,600321,ST正源,4.4932,80.1211,5.1374,70.0744,1.6067,224.0617
569,002299,圣农发展,21.2867,16.912,5.1316,70.1536,3.5377,101.76100000000001
570,603238,诺邦股份,8.7764,41.0191,5.1306,70.1672,1.7337,207.6484
571,603221,爱丽家居,6.2331,57.7562,5.1245,70.2508,1.9522,184.4073
572,603042,华脉科技,1.484,242.5876,5.1062,70.5025,0.8664,415.5125
573,600268,国电南自,1.2813,280.9646,5.1012,70.5716,0.7645,470.89599999999996
574,600673,东阳光,5.6114,64.1551,5.0772,70.9052,1.3376,269.1388
575,601618,中国中冶,5.0929,70.6866,5.0615,71.1252,0.9861,365.0745
576,300708,聚灿光电,3.6169,99.5327,5.0578,71.1772,0.82,439.0244
577,603320,迪贝电气,7.4656,48.2212,5.0549,71.218,1.1485,313.4523
578,600183,生益科技,3.1472,114.3874,5.0477,71.3196,1.6184,222.4419
579,600301,ST南化,27.3989,13.1392,5.0476,71.321,1.7005,211.7024
580,002206,海利得,7.8589,45.8079,5.0432,71.3832,1.8315,196.5602
581,300265,通光线缆,1.6588,217.0244,5.0429,71.3875,0.8946,402.4145
582,002518,科士达,2.2912,157.1229,5.0384,71.4513,0.9728,370.0658
583,603856,东宏股份,2.7173,132.4845,5.0247,71.6461,1.2044,298.904
584,688123,聚辰股份,10.7808,33.3927,5.0059,71.9151,0.5696,632.0225
585,002697,红旗连锁,230.7088,1.5604,4.9971,72.0418,2.7049,133.0918
586,000417,合肥百货,126.3173,2.85,4.9921,72.1139,2.0263,177.6637
587,600469,风神股份,7.5495,47.6853,4.989,72.1587,1.7633,204.1626
588,688196,卓越新能,68.4173,5.2618,4.9615,72.5587,1.195,301.2552
589,002548,金新农,9.286,38.768,4.96,72.5806,1.7813,202.0996
590,002375,亚厦股份,0.9064,397.1756,4.9557,72.6436,0.5955,604.534
591,002333,*ST罗普,12.2882,29.2964,4.9538,72.6715,0.85,423.5294
592,002145,中核钛白,8.2461,43.657,4.9487,72.7464,1.865,193.0295
593,603578,三星新材,3.1785,113.26100000000001,4.9045,73.402,0.5723,629.0407
594,002690,美亚光电,6.7688,53.1852,4.9045,73.402,0.636,566.0377
595,300644,南京聚隆,3.8454,93.6183,4.8965,73.5219,1.2751,282.3308
596,002810,山东赫达,5.7961,62.1107,4.8939,73.561,2.005,179.5511
597,000911,*ST南糖,9.8066,36.71,4.8886,73.6407,1.4292,251.8892
598,002324,普利特,2.8566,126.0239,4.8761,73.8295,1.4231,252.9689
599,002706,良信电器,16.6671,21.5994,4.8586,74.0954,1.6001,224.9859
600,601966,玲珑轮胎,6.0957,59.058,4.8459,74.2896,1.516,237.467
601,002853,皮阿诺,7.3182,49.1924,4.8429,74.3356,1.1331,317.7125
602,603489,八方股份,7.1354,50.4527,4.8338,74.4756,0.8423,427.4012
603,300765,新诺威,7.2572,49.6059,4.8277,74.5697,0.9673,372.17
604,002970,锐明技术,3.9964,90.0811,4.8253,74.6068,1.2105,297.3978
605,603993,洛阳钼业,43.6619,8.2452,4.7981,75.0297,1.4715,244.6483
606,600138,中青旅,6.1984,58.0795,4.784,75.2508,2.0674,174.1318
607,603041,美思德,6.3836,56.3945,4.7777,75.3501,0.5271,682.9824
608,002054,德美化工,3.6507,98.6112,4.7759,75.3785,1.1112,323.9741
609,000903,云内动力,4.0333,89.2569,4.7681,75.5018,0.9539,377.3981
610,002981,朝阳科技,3.7048,97.1712,4.7671,75.5176,1.7349,207.5048
611,000045,深纺织A,4.8293,74.545,4.747,75.8374,0.8267,435.4663
612,603606,东方电缆,3.753,95.9233,4.7416,75.9237,1.2989,277.1576
613,300107,建新股份,7.6358,47.1463,4.7248,76.1937,0.7090000000000001,507.7574
614,002202,金风科技,2.5173,143.0104,4.7213,76.2502,0.9401,382.93800000000005
615,603156,养元饮品,183.9517,1.9569999999999999,4.7181,76.3019,0.5783,622.5143
616,688168,安博通,1.4516,248.0022,4.6991,76.6104,0.3857,933.3679
617,600775,南京熊猫,4.6605,77.2449,4.6961,76.6594,1.0462,344.1025
618,300582,英飞特,4.6599,77.2549,4.6917,76.7312,1.7486,205.87900000000002
619,603217,元利科技,15.6823,22.9558,4.6691,77.1027,1.0853,331.7055
620,000546,金圆股份,8.1289,44.2864,4.6267,77.8092,2.285,157.5492
621,300721,怡达股份,12.0187,29.9533,4.6154,77.9997,1.5879,226.7145
622,002891,中宠股份,8.2296,43.7445,4.6004,78.2541,2.4513,146.8608
623,002402,和而泰,4.6434,77.5294,4.5999,78.2626,1.5523,231.9139
624,002469,三维工程,1.5251,236.0501,4.5814,78.5786,0.4365,824.7423
625,603386,广东骏亚,4.3254,83.2293,4.5743,78.7006,1.6681,215.8144
626,300031,宝通科技,5.3979,66.6926,4.5725,78.7315,1.5046,239.2663
627,600433,冠豪高新,7.4773,48.1457,4.572,78.7402,1.83,196.7213
628,603725,天安新材,3.9648,90.79899999999999,4.5716,78.747,1.3095,274.9141
629,000555,神州信息,3.2155,111.9577,4.571000000000001,78.7574,1.3124,274.3066
630,600619,海立股份,4.7814,75.2918,4.5697,78.7798,1.3783,261.1913
631,603929,亚翔集成,2.483,144.9859,4.5556,79.0236,0.9496,379.10699999999997
632,600833,第一医药,10.860999999999999,33.1461,4.5439,79.2271,1.5668,229.7677
633,000400,许继电气,1.2298,292.7305,4.5295,79.479,0.8147,441.8804
634,300244,迪安诊断,2.728,131.9648,4.5167,79.7042,1.3115,274.4949
635,000737,ST南风,13.0551,27.5754,4.5105,79.8138,1.6183,222.4557
636,600685,中船防务,8.8868,40.5095,4.507,79.8757,0.7011,513.4788
637,600558,大西洋,22.1463,16.2555,4.5067,79.8811,1.94,185.567
638,002579,中京电子,3.4058,105.70200000000001,4.4938,80.1104,1.4196,253.5926
639,300575,中旗股份,9.7359,36.9766,4.4917,80.1478,1.423,252.9866
640,300559,佳发教育,3.6178,99.508,4.4882,80.2103,0.6563,548.5296
641,002956,西麦食品,19.6367,18.333,4.4877,80.2193,1.0134,355.2398
642,000598,兴蓉环境,5.0688,71.0227,4.4865,80.2407,1.0616,339.1108
643,002236,大华股份,2.2319,161.2975,4.4786,80.3823,1.1818,304.6201
644,002976,瑞玛工业,3.1061,115.90100000000001,4.4776,80.4002,1.5845,227.201
645,300213,佳讯飞鸿,1.6782,214.5156,4.4726,80.4901,0.6454,557.7936
646,603903,中持股份,2.8519,126.2316,4.4555,80.79899999999999,1.1894,302.6736
647,688222,成都先导,9.1017,39.5531,4.4548,80.8117,0.6265,574.6209
648,600261,阳光照明,3.9662,90.76700000000001,4.4283,81.2953,1.1951,301.23
649,002156,通富微电,5.0381,71.4555,4.4269,81.321,1.5230000000000001,236.3756
650,002382,蓝帆医疗,5.1676,69.6648,4.4247,81.3614,1.0393,346.38699999999994
651,603208,江山欧派,6.3775,56.4485,4.4236,81.3817,1.2948,278.0352
652,300659,中孚信息,3.3198,108.4403,4.4223,81.4056,1.0113,355.9775
653,603183,建研院,2.0469999999999997,175.8671,4.4183,81.4793,0.8882,405.3141
654,300193,佳士科技,7.5831,47.474,4.3897,82.0102,0.4148,867.8881
655,600987,航民股份,26.4878,13.5912,4.3848,82.1018,1.4855,242.3426
656,300373,扬杰科技,3.3505,107.4466,4.3799,82.1937,1.1305,318.4432
657,688288,鸿泉物联,2.6096,137.9522,4.3758,82.2707,0.5544,649.3506
658,002461,珠江啤酒,223.8056,1.6085,4.3569,82.6276,0.6135,586.7971
659,300428,四通新材,5.6308,63.9341,4.3498,82.7624,1.5693,229.4016
660,600571,信雅达,9.6189,37.4263,4.3056,83.61200000000001,0.9846,365.6307
661,002497,雅化集团,6.0047,59.953,4.305,83.6237,1.7674,203.68900000000002
662,000559,万向钱潮,5.6132,64.1345,4.289,83.9356,1.4877,241.9843
663,002254,泰和新材,31.965,11.2623,4.2860000000000005,83.9944,1.2435,289.5054
664,300822,贝仕达克,5.8417,61.6259,4.2757,84.1967,1.8245,197.3143
665,603005,晶方科技,6.5267,55.158,4.2752,84.2066,0.5022,716.8459
666,600299,安迪苏,6.9746,51.6159,4.268,84.3486,1.2112,297.2259
667,000420,吉林化纤,8.6273,41.728,4.2541,84.6242,1.3692,262.9273
668,002895,川恒股份,29.9457,12.0218,4.2462,84.7817,2.0056,179.4974
669,002778,高科石化,4.9259,73.0831,4.2404,84.8977,1.4543,247.5418
670,603360,百傲化学,6.8522,52.5379,4.2313,85.0802,2.127,169.2525
671,002237,恒邦股份,394.4818,0.9126,4.2303,85.1003,2.7846,129.2825
672,601186,中国铁建,7.8522,45.847,4.23,85.1064,1.1812,304.7748
673,300731,科创新源,5.6056,64.2215,4.2203,85.302,0.6971,516.4252
674,600479,千金药业,16.9799,21.2015,4.2151,85.4072,1.27,283.4646
675,600346,恒力石化,173.8861,2.0703,4.2098,85.5148,2.1703,165.8757
676,300701,森霸传感,12.7962,28.1334,4.2044,85.6246,0.4469,805.5493
677,601390,中国中铁,8.095,44.4719,4.1952,85.8124,1.2466,288.7855
678,002917,金奥博,3.2258,111.6002,4.1944,85.8287,0.6454,557.7936
679,002885,京泉华,3.8121,94.4361,4.1944,85.8287,1.2735,282.6855
680,002861,瀛通通讯,3.6232,99.3597,4.1892,85.9353,1.287,279.7203
681,603058,永吉股份,3.8398,93.7549,4.183,86.0626,0.7168,502.2321
682,002723,金莱特,4.6382,77.6163,4.1815,86.0935,1.8571,193.8506
683,002845,同兴达,3.6798,97.8314,4.1767,86.1924,1.3771,261.4189
684,300673,佩蒂股份,5.6988,63.1712,4.1672,86.3889,1.2975,277.4566
685,000975,银泰黄金,145.6373,2.4719,4.1552,86.6384,2.6792,134.3685
686,300218,安利股份,12.07,29.826,4.1482,86.7846,1.7674,203.68900000000002
687,300389,艾比森,3.7485,96.0384,4.1377,87.0049,1.3778,261.2861
688,688398,赛特新材,4.1677,86.3786,4.1294,87.1797,1.6674,215.905
689,002463,沪电股份,4.1036,87.7278,4.1292,87.184,1.7124,210.2313
690,600295,鄂尔多斯,15.297,23.534000000000002,4.1206,87.3659,1.3209,272.5414
691,603605,珀莱雅,21.7392,16.5599,4.1198,87.3829,1.6722,215.2853
692,300534,陇神戎发,1.4251,252.6139,4.1179,87.4232,0.8645,416.4257
693,002546,新联电子,2.3369999999999997,154.0436,4.1160000000000005,87.4636,0.2459,1464.0098
694,688126,沪硅产业,6.3625,56.5815,4.1109,87.5721,1.0017,359.389
695,600425,青松建化,19.1395,18.8093,4.1054,87.6894,1.8383,195.8331
696,002262,恩华药业,5.8747,61.2797,4.1039,87.7214,1.403,256.593
697,600888,新疆众和,15.6742,22.9677,4.1011,87.7813,0.9885,364.1882
698,000927,*ST夏利,30.8637,11.6642,4.0981,87.8456,0.2415,1490.6832
699,300691,联合光电,3.8932,92.4689,4.0943,87.9271,1.1346,317.2924
700,002490,山东墨龙,8.4098,42.8072,4.0802,88.23100000000001,1.5744,228.6585
701,300030,阳普医疗,2.6376,136.4877,4.0794,88.2483,0.8111,443.8417
702,300577,开润股份,8.2087,43.8559,4.0768,88.3046,2.0342,176.9737
703,002965,祥鑫科技,3.7239999999999998,96.6702,4.0637,88.5892,1.2166,295.9066
704,300552,万集科技,3.5469,101.4971,4.0625,88.6154,1.7919,200.9041
705,300320,海达股份,2.3916,150.5268,4.062,88.6263,1.208,298.0132
706,603987,康德莱,4.5868,78.4861,4.0423,89.0582,0.9956,361.591
707,000727,*ST东科,6.815,52.8247,4.0398,89.1133,1.1495,313.1796
708,002205,国统股份,1.9596,183.71099999999998,4.0381,89.1508,0.7537,477.6436
709,600370,三房巷,7.2245,49.8304,4.0336,89.2503,0.6951,517.9111
710,300453,三鑫医疗,7.4945,48.0352,4.0301,89.3278,1.9291,186.6155
711,002860,星帅尔,4.662,77.2201,4.0122,89.7263,0.9139,393.9162
712,002951,金时科技,4.0455,88.9878,4.0114,89.7442,0.769,468.1404
713,600099,林海股份,7.1738,50.1826,3.9894,90.2391,1.361,264.5114
714,002084,海鸥住工,4.6093,78.10300000000001,3.9888,90.2527,1.3221,272.2941
715,300522,世名科技,8.228,43.753,3.9738,90.5934,0.7662,469.8512
716,000666,经纬纺机,5.1713,69.615,3.9694,90.6938,0.1781,2021.3363
717,000531,穗恒运A,9.3477,38.5121,3.9571,90.9757,0.807,446.0967
718,688357,建龙微纳,13.1907,27.291999999999998,3.9443,91.2709,0.8674,415.0334
719,600171,上海贝岭,5.8011,62.0572,3.9428,91.3057,0.4465,806.2710000000001
720,600750,江中药业,23.1171,15.5729,3.9423,91.3173,0.9147,393.5717
721,688389,普门科技,38.9943,9.2321,3.9412,91.3427,0.5732,628.053
722,600135,乐凯胶片,8.9894,40.0472,3.9233,91.7595,1.1255,319.8578
723,603039,泛微网络,13.4563,26.7533,3.9198,91.8414,0.9569,376.2149
724,000409,ST地矿,7.7897,46.2149,3.9037,92.2202,0.8836,407.4242
725,300227,光韵达,2.7718,129.8795,3.9036,92.2226,1.3478,267.1019
726,603677,奇精机械,4.4830000000000005,80.3034,3.9033,92.2297,1.3875,259.4595
727,300543,朗科智能,6.9753,51.6107,3.8691,93.0449,1.5757,228.4699
728,300014,亿纬锂能,3.2786,109.803,3.8680000000000003,93.0714,0.995,361.809
729,300811,铂科新材,3.0037,119.8522,3.8618,93.2208,0.8424,427.3504
730,600975,新五丰,71.8975,5.0071,3.8547,93.3925,2.4812,145.0911
731,603822,嘉澳环保,31.1352,11.5625,3.8526,93.4434,1.7366,207.3016
732,603939,益丰药房,15.1684,23.7336,3.8439,93.6549,2.2272,161.6379
733,688018,乐鑫科技,9.665,37.2478,3.8431,93.6744,0.7448,483.3512
734,600557,康缘药业,4.0526,88.8319,3.8169,94.3174,1.591,226.2728
735,603239,浙江仙通,3.136,114.7959,3.8080000000000003,94.5378,0.8446,426.2373
736,600933,爱柯迪,4.1671,86.391,3.8004,94.7269,0.8675,414.9856
737,688159,有方科技,2.3062,156.1009,3.7969,94.8142,1.129,318.8663
738,000680,山推股份,3.4036,105.7704,3.7907,94.9693,1.1438,314.7403
739,603799,华友钴业,21.1427,17.0272,3.7731,95.4123,1.8536,194.2167
740,000488,晨鸣纸业,10.2522,35.1144,3.7717,95.4477,0.6542,550.2904
741,601727,上海电气,5.2575,68.4736,3.7599,95.7472,0.7218,498.7531
742,603733,仙鹤股份,5.6628,63.5728,3.7597,95.7523,1.432,251.3966
743,688001,华兴源创,2.7585,130.5057,3.7566,95.8313,0.956,376.569
744,000795,英洛华,3.793,94.9117,3.7535,95.9105,1.1101,324.2951
745,600523,贵航股份,3.1762,113.34299999999999,3.752,95.9488,1.0629,338.69599999999997
746,603615,茶花股份,7.5813,47.4853,3.7462,96.0974,0.8445,426.2877
747,603501,韦尔股份,7.9658,45.1932,3.7454,96.1179,2.0248,177.7953
748,300699,光威复材,2.8479,126.4089,3.7363,96.352,0.6593,546.0337
749,002595,豪迈科技,3.2586,110.4769,3.7255,96.6313,1.2491,288.2075
750,300790,宇瞳光学,4.4113,81.6086,3.7255,96.6313,1.3476,267.1416
751,603668,天马科技,6.1884,58.1734,3.7188,96.8054,1.4968,240.5131
752,002119,康强电子,4.137,87.0196,3.7164,96.8679,1.4986,240.2242
753,002902,铭普光磁,2.7057,133.0524,3.7088,97.0664,0.9964,361.3007
754,000672,上峰水泥,45.4444,7.9218,3.7057,97.1476,1.7322,207.8282
755,300482,万孚生物,5.3348,67.4814,3.7041,97.1896,1.1794,305.24
756,002181,粤传媒,4.1137,87.5125,3.695,97.429,0.2583,1393.7282
757,002449,国星光电,6.0715,59.2934,3.6736,97.9965,1.0676,337.2049
758,300563,神宇股份,3.0249,119.0122,3.6717,98.0472,1.2806,281.1182
759,600493,凤竹纺织,10.8004,33.3321,3.6665,98.1863,1.3442,267.8173
760,300628,亿联网络,7.0309,51.2025,3.6479,98.6869,0.6238,577.1080000000001
761,000541,佛山照明,4.316,83.4106,3.6458,98.7438,0.9436,381.5176
762,000597,东北制药,4.4832,80.2998,3.6305,99.1599,1.433,251.2212
763,002372,伟星新材,17.1562,20.9837,3.6214,99.4091,1.5693,229.4016
764,000099,中信海直,2.385,150.9434,3.6187,99.4832,0.7166,502.3723
765,600176,中国巨石,8.0463,44.7411,3.6168,99.5355,1.2776,281.7783
766,600805,悦达投资,9.2758,38.8107,3.6093,99.7423,0.8598,418.702
767,002626,金达威,7.9752,45.1399,3.6014,99.9611,1.6649,216.2292
768,000756,新华制药,17.2085,20.9199,3.5843,100.43799999999999,2.3468,153.4004
769,000848,承德露露,,,3.5832,100.4689,0.946,380.5497
770,002396,星网锐捷,5.2004,69.2254,3.5818,100.5081,1.6159999999999999,222.7723
771,600444,国机通用,2.9055,123.9029,3.5810000000000004,100.5306,0.9209999999999999,390.8795
772,603933,睿能科技,4.5716,78.747,3.5797,100.5671,1.1255,319.8578
773,002484,江海股份,3.1223,115.2996,3.5757,100.6796,0.8295,433.9964
774,603700,宁水集团,5.0073,71.895,3.5684,100.8856,1.2292,292.8734
775,300685,艾德生物,2.7407,131.3533,3.5674,100.9138,0.8491,423.9783
776,002258,利尔化学,5.4214,66.4035,3.5659,100.9563,1.5163,237.42
777,600249,两面针,11.2596,31.9727,3.5615,101.081,0.8612,418.0214
778,002326,永太科技,4.9438,72.8185,3.5507,101.3885,1.3047,275.9255
779,688023,安恒信息,4.9733,72.3865,3.549,101.43700000000001,0.7482,481.1548
780,600563,法拉电子,3.2329,111.3551,3.5471,101.4914,0.71,507.0423
781,300152,科融环境,1.102,326.6788,3.5374,101.7697,0.5875,612.766
782,002138,顺络电子,3.0364,118.5615,3.5337,101.8762,1.258,286.1685
783,002395,双象股份,16.4495,21.8852,3.5277,102.0495,1.7037,211.3048
784,600097,开创国际,20.0798,17.9285,3.5187,102.3105,1.7983,200.1891
785,300505,川金诺,22.1801,16.2308,3.5086,102.605,2.1528,167.2241
786,002261,拓维信息,2.8908,124.53299999999999,3.5057,102.6899,0.8654,415.9926
787,603595,东尼电子,2.3415,153.7476,3.5049,102.7133,0.8317,432.8484
788,603429,集友股份,3.5529,101.3257,3.5017,102.8072,1.0262,350.8088
789,002553,南方轴承,4.1063,87.6702,3.4889,103.1844,0.9589,375.4302
790,300690,双一科技,3.4179,105.3278,3.4703,103.7374,0.9,400.0
791,002028,思源电气,2.4863,144.7935,3.4664,103.8541,1.0264,350.7405
792,600819,耀皮玻璃,9.7856,36.7888,3.4583,104.0974,1.5287,235.4942
793,300497,富祥药业,9.3244,38.6084,3.4416,104.6025,1.0261,350.843
794,000949,新乡化纤,7.8312,45.97,3.4333,104.8554,1.8419,195.4504
795,002350,北京科锐,2.1322,168.8397,3.4166,105.3679,1.0204,352.8028
796,300009,安科生物,4.6945,76.6855,3.4123,105.5007,1.5354,234.4666
797,300674,宇信科技,3.8519,93.4604,3.3956,106.0196,1.1579,310.9077
798,002223,鱼跃医疗,5.0983,70.6118,3.3892,106.2198,1.1497,313.1252
799,002199,东晶电子,3.2339,111.3207,3.3885,106.2417,0.7152,503.3557
800,300639,凯普生物,2.4517,146.8369,3.3865,106.3044,1.0618,339.0469
801,600566,济川药业,3.6406,98.8848,3.3816,106.4585,1.4974,240.4167
802,300623,捷捷微电,4.0921,87.9744,3.3734,106.7173,0.4972,724.0547
803,600860,*ST京城,5.7865,62.2138,3.366,106.9519,1.5468,232.7386
804,688228,开普云,5.1453,69.9668,3.3562,107.2642,1.067,337.3946
805,603500,祥和实业,1.724,208.8167,3.3492,107.4884,0.4771,754.5588
806,002060,粤水电,4.1453,86.8453,3.343,107.6877,1.0804,333.2099
807,000790,华神科技,2.6289,136.9394,3.3395,107.8006,0.9085,396.2576
808,002066,瑞泰科技,5.5385,64.9995,3.3363,107.904,1.577,228.2815
809,002759,天际股份,5.47,65.8135,3.3277,108.1828,0.7372,488.3342
810,300201,海伦哲,1.5045,239.2822,3.3236,108.3163,0.8394,428.8778
811,000570,苏常柴A,5.1121,70.4212,3.3155,108.5809,0.914,393.8731
812,300327,中颖电子,7.2684,49.5295,3.3145,108.6137,0.7926,454.2014
813,603121,华培动力,4.4436,81.0154,3.3128,108.6694,1.0364,347.3562
814,002303,美盈森,3.2509,110.7386,3.3015,109.0413,0.9311,386.6395
815,002727,一心堂,18.5579,19.3987,3.2995,109.1074,1.9652,183.1875
816,600889,南京化纤,29.3649,12.2595,3.2851,109.5857,0.5564,647.0165
817,603214,爱婴室,145.0303,2.4822,3.2837,109.6324,1.9169,187.8032
818,688199,久日新材,7.7398,46.5128,3.2832,109.6491,0.9415,382.3686
819,300065,海兰信,1.9748,182.2969,3.2827,109.6658,0.596,604.0268
820,601799,星宇股份,8.1667,44.0815,3.2814,109.7093,1.0182,353.5651
821,603179,新泉股份,4.6122,78.0539,3.2753,109.9136,1.0476,343.6426
822,002847,盐津铺子,12.8276,28.0645,3.2748,109.9304,2.4938,144.358
823,002020,京新药业,8.6983,41.3874,3.2696,110.1052,1.1185,321.8596
824,600235,民丰特纸,5.5581,64.7703,3.2693,110.1153,1.5179,237.1698
825,300110,华仁药业,2.5810000000000004,139.4808,3.266,110.2266,0.9924,362.75699999999995
826,600219,南山铝业,10.4765,34.3626,3.2598,110.4362,0.9671,372.2469
827,603617,君禾股份,5.0798,70.8689,3.2572,110.5244,1.1736,306.7485
828,000999,华润三九,5.7312,62.8141,3.2571,110.5278,1.5583,231.021
829,300375,鹏翎股份,3.7237,96.678,3.2498,110.77600000000001,1.1786,305.4471
830,002245,澳洋顺昌,3.6385,98.9419,3.2491,110.7999,0.9792,367.6471
831,603187,海容冷链,4.0936,87.9422,3.2439999999999998,110.9741,0.9397,383.101
832,300403,汉宇集团,4.5205,79.6372,3.24,111.1111,1.1188,321.7733
833,600062,华润双鹤,8.3183,43.2781,3.237,111.2141,1.6791,214.4006
834,300650,太龙照明,3.7486,96.0359,3.2334,111.3379,1.0335,348.3309
835,603161,科华控股,2.8638,125.7071,3.2269,111.5622,1.0013,359.5326
836,600583,海油工程,3.2603,110.4193,3.2194,111.8221,0.9674,372.1315
837,600315,上海家化,6.7253,53.5292,3.2178,111.8777,1.426,252.4544
838,002046,轴研科技,4.7671,75.5176,3.2138,112.0169,0.857,420.07
839,603979,金诚信,1.6853,213.6118,3.2132,112.0378,0.7562,476.0645
840,000988,华工科技,2.5998,138.4722,3.2043,112.34899999999999,0.8037,447.9283
841,300154,瑞凌股份,9.8549,36.5301,3.1993,112.5246,0.3217,1119.055
842,600422,昆药集团,6.2495,57.6046,3.1991,112.5316,1.8039,199.5676
843,002725,跃岭股份,5.0881,70.7533,3.1945,112.6937,1.5812,227.6752
844,600196,复星医药,7.1541,50.3208,3.1941,112.7078,1.4886,241.838
845,300286,安科瑞,6.9986,51.4389,3.1881,112.9199,0.8083,445.3792
846,000586,汇源通信,1.6113,223.4221,3.1818,113.1435,0.8304,433.526
847,300021,大禹节水,2.6532,135.6852,3.1763,113.3394,0.8359,430.6735
848,603290,斯达半导,4.4635,80.6542,3.1637,113.7908,1.5421,233.4479
849,300647,超频三,2.7019,133.2396,3.1588,113.9673,0.9062,397.2633
850,603331,百达精工,4.2024,85.6653,3.1519,114.2168,1.2477,288.5309
851,603319,湘油泵,3.2167,111.9159,3.1512,114.2422,1.2185,295.4452
852,300363,博腾股份,5.1549,69.8365,3.1486,114.3365,0.6621,543.7245
853,002601,龙蟒佰利,8.3994,42.8602,3.1387,114.6972,1.5875,226.7717
854,300620,光库科技,4.0418,89.0692,3.1385,114.7045,0.7102,506.8995
855,000055,方大集团,1.5508,232.1383,3.1321,114.9389,0.6648,541.5162
856,600789,鲁抗医药,7.5135,47.9138,3.1284,115.0748,1.3526,266.1541
857,000628,高新发展,3.3501,107.4595,3.1145,115.5884,0.7693,467.9579
858,688189,南新制药,5.8705,61.3236,3.112,115.6812,2.7673,130.0907
859,603507,振江股份,3.9929,90.16,3.1109,115.7221,1.0464,344.0367
860,002362,汉王科技,8.0022,44.9876,3.1032,116.0093,1.2157,296.1257
861,603860,中公高科,1.9608,183.5985,3.103,116.0168,0.4911,733.0483
862,002818,富森美,95.8324,3.7566,3.1027,116.02799999999999,0.7539,477.5169
863,002179,中航光电,2.3421,153.7082,3.0719,117.1913,0.7934,453.7434
864,002821,凯莱英,4.1563,86.6155,3.0716,117.2028,1.476,243.9024
865,300115,长盈精密,5.5005,65.4486,3.0684,117.325,1.6121,223.3112
866,002534,杭锅股份,2.4318,148.0385,3.068,117.3403,0.6023,597.7088
867,600399,ST抚钢,8.8616,40.6247,3.0669999999999997,117.3785,1.4558,247.2867
868,000530,冰山冷热,1.7137,210.0718,3.0667,117.39,0.8115,443.6229
869,600150,中国船舶,14.8467,24.2478,3.0597,117.6586,0.8029,448.3746
870,600877,*ST电能,2.9344,122.6827,3.0582,117.7163,0.9574,376.0184
871,603385,惠达卫浴,5.2575,68.4736,3.0524,117.94,1.2573,286.3278
872,600883,博闻科技,41.3975,8.6962,3.0509,117.99799999999999,0.0892,4035.8744
873,603727,博迈科,5.6133,64.1334,3.0496,118.0483,0.8438,426.6414
874,300395,菲利华,4.0146,89.6727,3.0448,118.2344,0.6981,515.6854
875,603949,雪龙集团,2.9577,121.7162,3.0389999999999997,118.46,1.4115,255.0478
876,601766,中国中车,3.6962,97.3973,3.0382,118.4912,0.9567,376.2935
877,603016,新宏泰,4.3652,82.4704,3.0352,118.6083,0.5756,625.4343
878,600103,青山纸业,18.1379,19.8479,3.0327,118.7061,0.8155,441.44699999999995
879,603989,艾华集团,3.5078,102.6284,3.0309,118.7766,0.8952,402.1448
880,603050,科林电气,1.9034,189.1352,3.0296,118.8276,0.9088,396.1268
881,603095,越剑智能,7.1874,50.0877,3.0289,118.855,0.9874,364.5939
882,300007,汉威科技,3.4484,104.3962,3.0282,118.8825,0.7247,496.7573
883,603986,兆易创新,22.0833,16.3019,3.0276,118.9061,1.381,260.6807
884,300661,圣邦股份,13.8306,26.0292,3.0215,119.1461,0.7867,457.6077
885,600211,西藏药业,3.6617,98.315,3.0194,119.229,1.0343,348.0615
886,300570,太辰光,5.1041,70.5315,3.0099,119.6053,0.6398,562.6758
887,600812,华北制药,8.1197,44.3366,3.0064,119.7445,1.4369,250.5394
888,300798,锦鸡股份,5.611000000000001,64.1597,3.0055,119.7804,1.2759,282.1538
889,603663,三祥新材,7.4658,48.2199,3.0016,119.936,1.8143,198.4236
890,300271,华宇软件,3.4634,103.9441,2.9794,120.8297,0.9092,395.9525
891,300011,鼎汉技术,1.2875,279.6117,2.9676,121.3101,0.7838,459.3008
892,000513,丽珠集团,6.5762,54.7429,2.9676,121.3101,0.7406,486.0924
893,688178,万德斯,2.7494,130.9377,2.9665,121.3551,1.022,352.2505
894,300066,三川智慧,2.4264,148.368,2.9632,121.4903,0.767,469.3611
895,002879,长缆科技,1.8668,192.8434,2.9619,121.5436,0.5645,637.7325
896,300772,运达股份,2.2115,162.7854,2.96,121.6216,0.7654,470.3423
897,002308,威创股份,4.5043,79.9236,2.9492,122.06700000000001,0.5848,615.5951
898,600089,特变电工,3.1589,113.9637,2.9448,122.2494,0.7302,493.0156
899,002642,*ST荣联,4.2447,84.8116,2.9272,122.9844,1.2124,296.9317
900,002526,山东矿机,3.4325,104.8798,2.9253,123.0643,1.0259,350.9114
901,603068,博通集成,5.2937,68.0054,2.9206,123.2623,1.1767,305.9403
902,002012,凯恩股份,5.4979,65.4795,2.9133,123.5712,1.0122,355.6609
903,300414,中光防雷,2.0344,176.9564,2.9111,123.6646,0.4724,762.066
904,600380,健康元,6.1787,58.2647,2.9061,123.8774,0.7226,498.2009
905,300760,迈瑞医疗,10.2183,35.2309,2.904,123.9669,0.9763,368.7391
906,002318,久立特材,6.914,52.0683,2.8995,124.1593,1.3472,267.2209
907,600776,东方通信,2.9984,120.064,2.8962,124.3008,0.8849,406.8256
908,001914,招商积余,7.1496,50.3525,2.8909,124.5287,1.0924,329.5496
909,000798,中水渔业,26.7064,13.4799,2.8863,124.7272,1.3846,260.0029
910,300371,汇中股份,2.5238,142.642,2.8855,124.7617,0.8067,446.2626
911,001965,招商公路,5.2197,68.9695,2.8831,124.8656,0.7264,495.5947
912,300729,乐歌股份,12.4676,28.8748,2.8769,125.1347,1.0618,339.0469
913,300127,银河磁体,3.5672,100.9195,2.8555,126.0725,0.5505,653.951
914,603558,健盛集团,5.9334,60.6735,2.8487,126.3734,1.4522,247.8997
915,002886,沃特股份,3.562,101.0668,2.8476,126.4223,1.0709,336.1658
916,002805,丰元股份,4.1798,86.1285,2.8458,126.5022,1.2478,288.5078
917,000157,中联重科,1.7915,200.9489,2.8435,126.6045,0.6486,555.0416
918,000565,渝三峡A,4.5042,79.9254,2.8424,126.6535,0.6833,526.855
919,002688,金河生物,5.835,61.6967,2.8385,126.8275,1.3944,258.1756
920,601996,丰林集团,9.9419,36.2104,2.8353,126.9707,0.8426,427.249
921,002724,海洋王,3.8658,93.1243,2.8295,127.23100000000001,0.8336,431.8618
922,300304,云意电气,2.8592,125.9093,2.8271,127.339,0.4152,867.052
923,600587,新华医疗,4.5007,79.9876,2.8189,127.7094,1.4177,253.9324
924,002812,恩捷股份,2.38,151.2605,2.8104,128.0956,0.8095,444.719
925,603669,灵康药业,8.1503,44.1702,2.8051,128.3377,1.2811,281.0085
926,600506,香梨股份,15.4592,23.2871,2.8025,128.4567,0.15,2400.0
927,002370,亚太药业,3.0134,119.4664,2.7989,128.622,0.5198,692.5741
928,603166,福达股份,3.8499,93.5089,2.7947,128.8153,1.2227,294.4304
929,002979,雷赛智能,4.2856,84.0022,2.7801,129.4917,1.3004,276.8379
930,600222,太龙药业,2.7045,133.1115,2.778,129.5896,0.7605,473.3728
931,600329,中新药业,5.1943,69.3067,2.7691,130.0061,1.4108,255.1744
932,300827,上能电气,1.4811,243.0626,2.7677,130.0719,0.7816,460.5937
933,002863,今飞凯达,6.832999999999999,52.6855,2.7618,130.3498,1.5196,236.9044
934,300005,探路者,2.6803,134.3133,2.7612,130.3781,0.6181,582.43
935,688028,沃尔德,4.801,74.9844,2.7526,130.7854,0.6114,588.8126
936,002191,劲嘉股份,5.8829,61.1943,2.7507,130.8758,1.1881,303.0048
937,600330,天通股份,2.7929,128.8983,2.748,131.0044,0.9977,360.8299
938,603267,鸿远电子,1.9808,181.7447,2.747,131.0521,0.6362,565.8598
939,603305,旭升股份,5.0808,70.855,2.7415,131.315,1.023,351.9062
940,603678,火炬电子,2.5286,142.3713,2.7412,131.3293,0.9616,374.376
941,300706,阿石创,2.9799,120.8094,2.7391,131.43,0.9758,368.9281
942,600187,国中水务,2.1408,168.1614,2.7286,131.9358,0.2196,1639.3443
943,300595,欧普康视,7.3988,48.6565,2.7274,131.9938,0.5802,620.4757
944,002562,兄弟科技,6.1339,58.6902,2.7216,132.2751,0.8186,439.7752
945,603111,康尼机电,2.5859,139.2165,2.7187,132.4162,0.8456,425.7332
946,300548,博创科技,4.4489,80.9189,2.7116,132.7629,0.7962,452.1477
947,603823,百合花,5.5893,64.4088,2.7016,133.2544,1.2994,277.0509
948,603345,安井食品,36.7888,9.7856,2.7001,133.3284,1.7395,206.956
949,300596,利安隆,6.297999999999999,57.161,2.695,133.5807,1.5524,231.899
950,600356,恒丰纸业,4.9434,72.8244,2.6923,133.7147,1.2261,293.6139
951,002112,三变科技,2.5814,139.4592,2.6904,133.8091,1.0068,357.5685
952,002538,司尔特,33.4357,10.7669,2.6888,133.8887,1.2058,298.557
953,002876,三利谱,3.1417,114.5876,2.6868,133.9884,0.9837,365.9652
954,300584,海辰药业,10.7262,33.5627,2.6842,134.1182,2.9545,121.848
955,600820,隧道股份,2.8729,125.3089,2.6834,134.1582,0.9414,382.4092
956,000551,创元科技,5.2129,69.0594,2.6794,134.3584,1.1209,321.1705
957,300119,瑞普生物,4.0236,89.4721,2.6789,134.3835,1.0137,355.1347
958,601811,新华文轩,5.2414,68.6839,2.6771,134.4739,1.0567,340.6833
959,601126,四方股份,1.4683,245.1815,2.6719999999999997,134.7305,0.8043,447.5942
960,002004,华邦健康,4.4121,81.5938,2.6699,134.8365,0.9583,375.6652
961,002049,紫光国微,2.8551,126.0902,2.6675,134.9578,0.8785,409.7894
962,000532,华金资本,2.7372,131.5213,2.6653,135.0692,0.7005,513.9186
963,603337,杰克股份,8.5726,41.9943,2.6625,135.2113,1.5166,237.3731
964,300330,华虹计通,1.3921,258.6021,2.6609,135.2926,0.568,633.8028
965,300637,扬帆新材,15.0271,23.9567,2.6588,135.3994,1.3059,275.672
966,600825,新华传媒,28.8864,12.4626,2.6502,135.8388,0.5699,631.6898
967,600420,现代制药,11.120999999999999,32.3712,2.6497,135.8644,1.3445,267.7575
968,300289,利德曼,1.7646,204.0122,2.6362,136.5602,0.6489,554.785
969,600549,厦门钨业,7.4815,48.1187,2.6245,137.16899999999998,1.5265,235.8336
970,002190,*ST集成,1.9676,182.96400000000003,2.6175,137.5358,0.6086,591.5215
971,000973,佛塑科技,11.2297,32.0578,2.6105,137.9046,1.3782,261.2103
972,002927,泰永长征,2.323,154.972,2.6061,138.1374,0.7390000000000001,487.1448
973,603019,中科曙光,4.3784,82.2218,2.6023,138.3392,1.0578,340.329
974,603126,中材节能,4.2424,84.8576,2.5989999999999998,138.5148,0.9216,390.625
975,300298,三诺生物,6.1719,58.3289,2.5981,138.5628,1.3731,262.1805
976,688029,南微医学,8.6345,41.6932,2.5964,138.6535,0.8666,415.4166
977,600354,*ST敦种,6.1253,58.7726,2.5822,139.416,0.9624,374.0648
978,600298,安琪酵母,9.6816,37.1839,2.5761,139.7461,2.1037,171.1271
979,002367,康力电梯,4.3614,82.5423,2.5736,139.8819,0.9563,376.4509
980,300529,健帆生物,10.0303,35.8912,2.5724,139.9471,0.9995,360.1801
981,000738,航发控制,3.4311,104.9226,2.5687,140.1487,0.6836,526.6238
982,603889,新澳股份,14.5036,24.8214,2.5535,140.983,1.4842,242.5549
983,300146,汤臣倍健,31.4135,11.46,2.5469999999999997,141.3428,1.3315,270.3718
984,002239,奥特佳,3.0918,116.43700000000001,2.5382,141.8328,0.8588,419.1896
985,300224,正海磁材,3.1183,115.4475,2.5354,141.9894,0.6656,540.8654
986,300341,麦克奥迪,4.1901,85.9168,2.5321,142.1745,1.0685,336.9209
987,300443,金雷股份,3.0507,118.0057,2.5139,143.2038,0.9491,379.3067
988,002552,宝鼎科技,3.7053,97.1581,2.5046,143.7355,1.0437,344.9267
989,300436,广生堂,7.3427,49.0283,2.5039,143.7757,2.0544,175.2336
990,002795,永和智控,5.4837,65.6491,2.487,144.7527,1.1112,323.9741
991,600259,广晟有色,23.0037,15.6497,2.4854,144.8459,1.6143,223.0069
992,002557,洽洽食品,23.9298,15.044,2.4847,144.8867,1.3647,263.7942
993,603027,千禾味业,10.9075,33.0048,2.4827,145.0034,1.2934,278.3362
994,002921,联诚精密,4.873,73.8765,2.477,145.3371,1.2465,288.8087
995,002373,千方科技,2.9979,120.0841,2.4681,145.8612,0.9597,375.1172
996,002140,东华科技,5.6199,64.0581,2.4626,146.187,0.9670000000000001,372.2854
997,000590,启迪古汉,27.7575,12.9695,2.4582,146.4486,0.6439,559.0930000000001
998,002628,成都路桥,5.2236,68.918,2.4515,146.8489,0.7415,485.5024
999,688358,祥生医疗,4.6533,77.3645,2.4473,147.1009,0.49200000000000005,731.7073
1000,300705,九典制药,7.6242,47.2181,2.4472,147.1069,2.0086,179.2293
1001,300580,贝斯特,2.3674,152.0656,2.4426,147.3839,1.0154,354.5401
1002,600866,星湖科技,12.5827,28.6107,2.4357,147.8015,1.6264,221.3478
1003,300105,龙源技术,1.3426,268.1365,2.4302,148.136,0.2508,1435.4067
1004,002865,钧达股份,3.0985,116.1853,2.4222,148.6252,0.8314,433.0046
1005,300003,乐普医疗,3.7695,95.5034,2.4186,148.8464,1.3748,261.8563
1006,300183,东软载波,2.0194,178.2708,2.4178,148.8957,0.3363,1070.4728
1007,300528,幸福蓝海,7.2095,49.9341,2.4172,148.9326,1.2199,295.1062
1008,002940,昂利康,8.0448,44.7494,2.4151,149.0622,1.3571,265.2715
1009,002977,天箭科技,0.8643,416.522,2.4136,149.1548,0.5849,615.4898
1010,300259,新天科技,2.8922,124.4727,2.3962,150.2379,0.6154,584.9854
1011,000969,安泰科技,4.6396,77.5929,2.3958,150.263,1.0559,340.9414
1012,300114,中航电测,3.3066,108.8732,2.3888,150.7033,1.0033,358.8159
1013,600320,振华重工,4.9197,73.1752,2.3716,151.7963,0.7,514.2857
1014,002243,通产丽星,3.7188,96.8054,2.3619,152.4197,0.9407,382.6937
1015,300508,维宏股份,5.6545,63.6661,2.3591,152.6006,0.47700000000000004,754.717
1016,300016,北陆药业,5.5848,64.4607,2.3537,152.9507,1.6464,218.6589
1017,300680,隆盛科技,3.0044,119.8243,2.3508,153.1394,1.1012,326.9161
1018,600980,北矿科技,3.7439999999999998,96.1538,2.345,153.5181,0.9088,396.1268
1019,300531,优博讯,3.9052,92.1848,2.3336,154.2681,0.8642,416.5702
1020,600200,江苏吴中,4.2206,85.2959,2.3327,154.3276,0.8909999999999999,404.0404
1021,002225,濮耐股份,2.8536,126.1564,2.3208,155.1189,1.0839,332.134
1022,603365,水星家纺,16.6314,21.6458,2.3195,155.2059,1.3806,260.7562
1023,603838,四通股份,4.1763,86.2007,2.3147,155.5277,1.0773,334.1688
1024,600202,哈空调,1.5172,237.2792,2.301,156.4537,0.7187,500.9044
1025,601369,陕鼓动力,2.4395,147.5712,2.2993,156.5694,0.4449,809.1706
1026,300188,美亚柏科,2.9082,123.7879,2.2955,156.8286,0.8756,411.1466
1027,300458,全志科技,36.0006,9.9998,2.2955,156.8286,0.6816,528.169
1028,002312,三泰控股,12.1882,29.5368,2.2888,157.2877,0.7757,464.0969
1029,300342,天银机电,2.9197,123.3003,2.2836,157.6458,0.8317,432.8484
1030,000768,中航飞机,2.8451,126.5333,2.2829,157.6942,0.8605,418.3614
1031,603887,城地股份,2.6917,133.7445,2.281,157.8255,1.0665,337.5527
1032,600366,宁波韵升,3.656,98.4683,2.2796,157.9224,0.6243,576.6458
1033,002896,中大力德,6.4612,55.7172,2.2791,157.9571,1.4602,246.5416
1034,002771,真视通,1.5745,228.644,2.2679,158.7372,0.7225,498.2699
1035,603336,宏辉果蔬,3.2807,109.7327,2.2654,158.9123,1.1952,301.2048
1036,600728,佳都科技,2.4297,148.1664,2.2597,159.3132,0.7643,471.0192
1037,002135,东南网架,3.015,119.40299999999999,2.2528,159.8011,1.0913,329.8818
1038,002695,煌上煌,49.9087,7.2132,2.2522,159.8437,1.1984,300.4005
1039,300234,开尔新材,3.0365,118.5575,2.2489,160.0783,0.8855,406.55
1040,300323,华灿光电,2.6469,136.0082,2.2485,160.1067,0.5382,668.8963
1041,600495,晋西车轴,4.9605,72.5733,2.2449,160.3635,0.6333,568.451
1042,603289,泰瑞机器,3.1114,115.7035,2.2264,161.696,0.7291,493.7594
1043,300622,博士眼镜,24.5215,14.681,2.215,162.5282,1.3402,268.6166
1044,002507,涪陵榨菜,482.5874,0.746,2.2148,162.5429,1.1549,311.7153
1045,002541,鸿路钢构,6.5395,55.0501,2.211,162.8223,1.4291,251.9068
1046,600276,恒瑞医药,5.3667,67.0803,2.209,162.9697,1.1535,312.0936
1047,300757,罗博特科,3.1060000000000003,115.9047,2.2037,163.3616,1.0043,358.4586
1048,300285,国瓷材料,2.6579,135.4453,2.1852,164.7446,1.2005,299.8751
1049,603025,大豪科技,5.7298,62.8294,2.1781,165.2817,0.6359,566.1267
1050,300588,熙菱信息,0.5638,638.5243,2.1669,166.136,0.3356,1072.7056
1051,000063,中兴通讯,4.2935,83.8477,2.1635,166.39700000000002,0.9287,387.6386
1052,300554,三超新材,2.5509,141.1267,2.1609,166.5973,0.4823,746.4234
1053,002890,弘宇股份,3.2628,110.3347,2.1557,166.9991,0.614,586.3192
1054,300398,飞凯材料,3.4321,104.89200000000001,2.155,167.0534,0.7899,455.7539
1055,300748,金力永磁,3.1579,113.9998,2.1542,167.1154,0.8688,414.3646
1056,002774,快意电梯,3.6305,99.1599,2.1441,167.9026,0.6262,574.8962
1057,002162,悦心健康,8.4154,42.7787,2.1411,168.1379,1.5087,238.61599999999999
1058,000039,中集集团,4.7293,76.1212,2.1375,168.4211,0.9983,360.61300000000006
1059,300777,中简科技,2.2516,159.8863,2.1318,168.8714,0.6051,594.943
1060,300223,北京君正,14.8652,24.2176,2.1317,168.8793,0.3638,989.5547
1061,300573,兴齐眼药,6.5306,55.1251,2.1302,168.9982,2.2071,163.11
1062,300034,钢研高纳,3.0936,116.3693,2.1259,169.34,0.831,433.213
1063,002293,罗莱生活,9.85,36.5482,2.1118,170.4707,1.3136,274.056
1064,600853,龙建股份,3.1858,113.0014,2.1075,170.8185,0.8992,400.3559
1065,002152,广电运通,4.5916,78.404,2.0956,171.7885,0.6818,528.0141
1066,300479,神思电子,1.9646,183.2434,2.0954,171.8049,0.8741,411.8522
1067,300092,科新机电,2.3087,155.9319,2.0912,172.15,0.8622,417.5365
1068,300275,梅安森,1.3155,273.6602,2.0909999999999997,172.1664,0.7192,500.5562
1069,300579,数字认证,3.5418,101.6432,2.089,172.3313,0.7174,501.8121
1070,600835,上海机电,9.6837,37.1759,2.0861,172.5708,0.7739,465.1764
1071,300287,飞利信,0.8631,417.1011,2.0831,172.8194,0.4344,828.7293
1072,300408,三环集团,3.6698,98.098,2.0819,172.919,0.5097,706.2978
1073,000922,佳电股份,3.4354,104.7913,2.0776,173.2769,0.7622,472.31699999999995
1074,002980,华盛昌,6.8383,52.6447,2.0758,173.4271,1.1796,305.1882
1075,300722,新余国科,3.7957,94.8442,2.0736,173.6111,0.7849,458.6572
1076,603516,淳中科技,2.2434,160.4707,2.0721,173.7368,0.6062,593.8634
1077,603587,地素时尚,39.455999999999996,9.1241,2.0661,174.2413,0.7723,466.1401
1078,002013,中航机电,1.77,203.3898,2.0504,175.5755,0.6904,521.4368
1079,300423,鲁亿通,3.077,116.9971,2.0392,176.5398,0.7445,483.546
1080,000722,湖南发展,11.4078,31.5574,2.0387,176.5831,0.1967,1830.1983
1081,300129,泰胜风能,3.0171,119.3199,2.0339,176.9999,0.8087,445.1589
1082,002728,特一药业,9.9637,36.1312,2.009,179.1936,1.0467,343.9381
1083,002859,洁美科技,2.5231,142.6816,2.0069999999999997,179.3722,0.8713,413.1757
1084,000710,贝瑞基因,2.1763,165.4184,2.0039,179.6497,1.0079,357.1783
1085,002097,山河智能,2.1688,165.9904,1.9968,180.2885,0.8339,431.7064
1086,002714,牧原股份,1286.3665,0.2799,1.9957,180.3878,1.3769,261.4569
1087,603636,南威软件,3.7597,95.7523,1.995,180.4511,0.8139,442.3148
1088,300406,九强生物,1.6836,213.8275,1.9946,180.4873,0.7213,499.0988
1089,300194,福安药业,8.9729,40.1208,1.9913,180.7864,1.5157,237.514
1090,300825,阿尔特,5.1546,69.8405,1.9908,180.8318,0.7607,473.2483
1091,603638,艾迪精密,9.4141,38.2405,1.989,180.9955,1.2584,286.0776
1092,300532,今天国际,1.5194,236.9356,1.9781,181.9928,0.5426,663.4722
1093,603158,腾龙股份,2.5972,138.6108,1.9772,182.0757,0.8872,405.77099999999996
1094,600284,浦东建设,7.996,45.0225,1.9691,182.8246,0.5893,610.8943
1095,600516,方大炭素,12.1386,29.6575,1.9629,183.4021,0.4984,722.3114
1096,300463,迈克生物,1.8966,189.8134,1.9623,183.4582,0.9966,361.2282
1097,000538,云南白药,15.2465,23.612,1.9494,184.6722,0.8242,436.7872
1098,300314,戴维医疗,27.9492,12.8805,1.9429,185.29,0.5621,640.4554
1099,300074,华平股份,1.4096,255.3916,1.9377,185.7873,0.5795,621.2252
1100,603656,泰禾光电,4.046,88.9768,1.9348,186.0657,0.4596,783.2898
1101,600416,*ST湘电,0.9940000000000001,362.173,1.932,186.3354,0.4162,864.9688
1102,603456,九洲药业,3.7747,95.3718,1.9286,186.6639,1.1447,314.4929
1103,002029,七匹狼,8.7235,41.2678,1.9266,186.8577,0.6545,550.0382
1104,601107,四川成渝,19.3943,18.5622,1.9242,187.0907,0.8346,431.3444
1105,600018,上港集团,13.8487,25.9952,1.9233,187.1783,0.8182,439.9902
1106,603127,昭衍新药,8.8124,40.8515,1.9224,187.2659,0.9611,374.5708
1107,300397,天和防务,3.3557,107.2802,1.9173,187.764,1.0793,333.5495
1108,600598,北大荒,195.6543,1.84,1.8996,189.5136,1.0397,346.2537
1109,002687,乔治白,4.7838,75.25399999999999,1.8933,190.1442,1.2434,289.5287
1110,688015,交控科技,1.8508,194.5105,1.892,190.2748,0.642,560.7477
1111,000682,东方电子,2.72,132.3529,1.885,190.9814,0.72,500.0
1112,300179,四方达,3.4593,104.0673,1.8801,191.4792,0.7057,510.1318
1113,300818,耐普矿机,4.5635,78.8868,1.8746,192.041,0.9182,392.0714
1114,300488,恒锋工具,3.1547,114.1154,1.869,192.6164,0.8188,439.6678
1115,300800,力合科技,2.9077,123.8092,1.8688,192.637,0.5673,634.5849
1116,603335,迪生力,14.1723,25.4017,1.8532,194.2586,1.4040000000000001,256.4103
1117,002564,天沃科技,1.5122,238.0637,1.8519,194.3949,0.4761,756.1437
1118,002923,润都股份,14.6401,24.59,1.85,194.5946,1.7481,205.9379
1119,600875,东方电气,4.9767,72.3371,1.8462,194.9951,0.4446,809.7166
1120,603387,基蛋生物,6.3629999999999995,56.5771,1.8352,196.1639,0.6796,529.7234
1121,603878,武进不锈,5.2015,69.2108,1.835,196.1853,1.0149,354.7148
1122,300725,药石科技,11.5478,31.1748,1.8257,197.1846,1.2666,284.2255
1123,002006,精功科技,2.9610000000000003,121.5805,1.8129,198.5769,0.6936,519.0311
1124,300067,安诺其,7.2929,49.3631,1.8084,199.071,1.0138,355.0996
1125,002738,中矿资源,2.5704,140.056,1.7994,200.0667,0.7046,510.9282
1126,002294,信立泰,6.1243,58.7822,1.7958,200.4678,1.3695,262.8697
1127,300248,新开普,2.1483,167.5744,1.7923,200.8592,0.6958,517.3901
1128,600872,中炬高新,127.9353,2.8139,1.7875,201.3986,1.3085,275.1242
1129,003816,中国广核,8.6257,41.7357,1.785,201.6807,1.0378,346.8876
1130,002452,长高集团,1.693,212.6403,1.7754,202.7712,0.669,538.1166
1131,688101,三达膜,1.9658,183.1315,1.7717,203.1947,0.4409,816.5117
1132,603666,亿嘉和,4.7222,76.2357,1.7666,203.7813,0.6251,575.9079
1133,601798,ST蓝科,1.4383,250.2955,1.7602,204.5222,0.5384,668.6478
1134,603520,司太立,5.0061,71.9123,1.7554,205.0815,1.1915,302.1402
1135,603318,派思股份,1.1167,322.3784,1.7503,205.679,0.3531,1019.5412
1136,002465,海格通信,1.8702,192.4928,1.7488,205.8554,0.5963,603.7230000000001
1137,600068,葛洲坝,7.3096,49.2503,1.7404,206.84900000000002,0.8335,431.9136
1138,000733,振华科技,2.5422,141.6096,1.725,208.6957,0.544,661.7647
1139,300204,舒泰神,5.9982,60.018,1.7128,210.1822,0.514,700.3891
1140,002888,惠威科技,29.5021,12.2025,1.7080000000000002,210.7728,0.7816,460.5937
1141,688186,广大特材,6.4024,56.2289,1.7066,210.9457,1.026,350.8772
1142,300767,震安科技,1.4584,246.8459,1.6966,212.1891,0.5093,706.8525
1143,603580,艾艾精工,3.8395,93.7622,1.6881,213.2575,0.5648,637.3938
1144,300771,智莱科技,10.7206,33.5802,1.6865,213.4598,0.8423,427.4012
1145,600477,杭萧钢构,4.7254,76.184,1.6813,214.12,1.1262,319.659
1146,002099,海翔药业,6.2629,57.4814,1.6737,215.0923,0.8656,415.8965
1147,300385,雪浪环境,2.1151,170.2047,1.6698,215.5947,0.6837,526.5467
1148,600456,宝钛股份,3.7978,94.7917,1.6686,215.7497,0.8289,434.3105
1149,603185,上机数控,2.2956,156.8217,1.6667,215.9957,0.511,704.5010000000001
1150,300416,苏试试验,2.1649,166.2894,1.6662,216.0605,0.6756,532.8597
1151,002292,奥飞娱乐,5.4075,66.5742,1.6661,216.0735,1.1528,312.2831
1152,688366,昊海生科,4.1861,85.9989,1.6635,216.4112,0.5144,699.8445
1153,300788,中信出版,24.9311,14.4398,1.6628,216.5023,0.9411,382.5311
1154,600496,精工钢构,5.7612,62.486999999999995,1.6531,217.7727,0.9816,366.7482
1155,002675,东诚药业,3.108,115.8301,1.631,220.7235,1.0065,357.6751
1156,300745,欣锐科技,1.5283,235.5558,1.6232,221.7841,0.4227,851.6678
1157,603659,璞泰来,4.2873,83.9689,1.6221,221.9345,0.9906,363.4161
1158,300345,红宇新材,1.5876,226.7574,1.6213,222.044,0.3753,959.2326
1159,002643,万润股份,6.3224,56.9404,1.6209,222.0988,1.1818,304.6201
1160,002175,*ST东网,3.1936,112.7255,1.6168,222.662,0.4679,769.3952
1161,603466,风语筑,2.1973,163.8374,1.5867,226.886,0.6321,569.5301
1162,300707,威唐工业,3.1609,113.8916,1.5726,228.9203,0.7265,495.5265
1163,002593,日上集团,4.8912,73.6016,1.5459,232.8741,0.9469,380.18800000000005
1164,600962,国投中鲁,3.4034,105.7766,1.5451,232.9946,1.0496,342.9878
1165,002678,珠江钢琴,25.4637,14.1378,1.5411,233.5994,0.784,459.1837
1166,688016,心脉医疗,9.7498,36.9238,1.5316,235.0483,0.6033,596.7181
1167,002519,银河电子,1.8997,189.5036,1.5303,235.248,0.5112,704.2254
1168,000929,兰州黄河,17.1014,21.0509,1.5269,235.7718,0.4352,827.2059
1169,688011,新光光电,1.2234,294.2619,1.5218,236.562,0.2699,1333.8273
1170,600201,生物股份,1.6779,214.5539,1.521,236.6864,0.3518,1023.3087
1171,300681,英搏尔,1.7914,200.9601,1.5143,237.7336,0.4486,802.4967
1172,300553,集智股份,3.0019,119.92399999999999,1.5131,237.9221,0.6156,584.7953
1173,600528,中铁工业,3.323,108.3358,1.5073,238.8377,0.7796,461.7753
1174,688166,博瑞医药,3.1332,114.8985,1.5062,239.0121,0.6182,582.3358
1175,600372,中航电子,1.2465,288.8087,1.5024,239.6166,0.5084,708.1039
1176,000972,ST中基,1.3021,276.4765,1.4912,241.4163,0.4463,806.6323
1177,603577,汇金通,3.5681,100.89399999999999,1.4901,241.5945,0.9541,377.3189
1178,603383,顶点软件,14.5796,24.691999999999997,1.479,243.4077,0.2921,1232.4546
1179,002480,新筑股份,1.3146,273.8476,1.4784,243.5065,0.4785,752.3511
1180,002658,雪迪龙,2.7942,128.8383,1.472,244.5652,0.4891,736.0458
1181,601882,海天精工,16.1671,22.2674,1.4689,245.0814,0.8362,430.519
1182,600252,中恒集团,18.2147,19.7643,1.4651,245.717,1.0238,351.6312
1183,300636,同和药业,8.4694,42.506,1.4632,246.0361,1.2269,293.4224
1184,603339,四方科技,27.1618,13.2539,1.4571,247.0661,0.7767,463.4994
1185,002222,福晶科技,3.6811,97.7969,1.4548,247.4567,0.9470000000000001,380.1478
1186,300228,富瑞特装,3.0,120.0,1.453,247.7632,0.7039,511.4363
1187,300480,光力科技,1.715,209.9125,1.4453,249.0832,0.5695,632.1335
1188,002149,西部材料,3.6519,98.5788,1.4364,250.6266,0.8549,421.1019
1189,603917,合力科技,2.01,179.1045,1.4354,250.8012,0.8186,439.7752
1190,300471,厚普股份,1.8126,198.6097,1.4326,251.2914,0.6867,524.2464
1191,688208,道通科技,5.0283,71.5948,1.4243,252.7557,1.1562,311.3648
1192,002031,巨轮智能,5.0083,71.8807,1.4229,253.0044,0.3961,908.8614
1193,300296,利亚德,3.2152,111.9682,1.4187,253.7534,0.8831,407.6549
1194,688025,杰普特,2.9857,120.5747,1.4161,254.2193,0.4738,759.8143
1195,002972,科安达,1.2732,282.7521,1.4105,255.2286,0.3762,956.9378
1196,000561,烽火电子,1.8371,195.96099999999998,1.4017,256.83099999999996,0.5569,646.4356
1197,002715,登云股份,3.1479,114.36200000000001,1.3778,261.2861,0.809,444.9938
1198,300711,广哈通信,1.4149,254.4349,1.3702,262.7354,0.43799999999999994,821.9178
1199,002023,海特高新,1.3458,267.4989,1.3595,264.8032,0.4469,805.5493
1200,002353,杰瑞股份,2.5327,142.1408,1.3506,266.5482,0.6306,570.8849
1201,300202,聚龙股份,1.2679,283.9341,1.3304,270.5953,0.4036,891.9722
1202,600316,洪都航空,2.9735,121.0694,1.33,270.6767,0.7609,473.1239
1203,600512,腾达建设,3.8877,92.5997,1.3235,272.006,0.5888,611.413
1204,300046,台基股份,2.8788,125.0521,1.3018,276.5402,0.4157,866.0091
1205,000652,泰达股份,3.4542,104.2209,1.2879,279.5248,0.7775,463.0225
1206,600893,航发动力,2.8653,125.6413,1.2812,280.9866,0.7365,488.7984
1207,002058,威尔泰,3.4429,104.56299999999999,1.2727,282.8632,0.5175,695.6522
1208,300617,安靠智电,1.3956,257.9536,1.2724,282.9299,0.3896,924.0246
1209,002374,丽鹏股份,0.9683,371.7856,1.2713,283.1747,0.4777,753.6111
1210,688278,特宝生物,6.1924,58.1358,1.2707,283.3084,1.7817,202.0542
1211,002231,奥维通信,2.0136,178.7843,1.2702,283.4199,0.503,715.7058
1212,688003,天准科技,5.9207,60.8036,1.2674,284.0461,0.4813,747.9742
1213,300653,正海生物,5.9441,60.5643,1.2629,285.0582,0.5431,662.8614
1214,002296,辉煌科技,1.1021,326.6491,1.2573,286.3278,0.3654,985.2217
1215,300741,华宝股份,3.8107,94.4708,1.2556,286.7155,0.2994,1202.4048
1216,688002,睿创微纳,6.8,52.9412,1.2555,286.7384,0.4637,776.3639999999999
1217,300618,寒锐钴业,5.6167,64.0946,1.2551,286.8297,0.7576,475.1848
1218,300358,楚天科技,2.6759,134.5342,1.246,288.9246,0.6712,536.3528
1219,600391,航发科技,4.2828,84.0572,1.2397,290.3928,0.941,382.5717
1220,000026,飞亚达,9.6462,37.3204,1.2348,291.5452,1.4474,248.7218
1221,300823,建科机械,2.1475,167.6368,1.2191,295.2998,0.8053,447.0384
1222,600526,菲达环保,3.2176,111.8846,1.2144,296.4427,0.6166,583.8469
1223,603839,安正时尚,14.8218,24.2885,1.2131,296.7604,1.068,337.0787
1224,002337,赛象科技,1.5688,229.4748,1.2055,298.6313,0.4415,815.4019999999999
1225,603901,永创智能,4.6794,76.9329,1.2024,299.4012,0.7579,474.9967
1226,600879,航天电子,2.2254,161.7687,1.1996,300.1,0.6325,569.17
1227,600693,东百集团,64.7686,5.5582,1.1893,302.6991,1.0074,357.3556
1228,603955,大千生态,2.1982,163.7704,1.1731,306.8792,0.4909,733.3469
1229,600085,同仁堂,11.048,32.5851,1.1548,311.7423,0.8265,435.5717
1230,002428,云南锗业,4.7483,75.8166,1.1533,312.1477,0.7498,480.12800000000004
1231,300251,光线传媒,7.9126,45.4971,1.1529,312.256,0.5872,613.0790000000001
1232,603508,思维列控,3.137,114.7593,1.1471,313.8349,0.5298,679.5017
1233,300187,永清环保,1.8239,197.3792,1.1412,315.4574,0.444,810.8108
1234,002438,江苏神通,2.5327,142.1408,1.1312,318.2461,0.6141,586.2237
1235,300786,国林科技,2.3238,154.9187,1.1107,324.1199,0.5974,602.6113
1236,600488,天药股份,12.9747,27.7463,1.0986,327.6898,1.4333,251.1686
1237,002007,华兰生物,3.9479,91.1877,1.0974,328.0481,0.7070000000000001,509.1938
1238,300165,天瑞仪器,2.7133,132.6798,1.0889,330.6089,0.6758,532.702
1239,000735,罗牛山,39.8965,9.0233,1.0886,330.7,0.7874,457.2009
1240,688012,中微公司,5.209,69.1112,1.0849,331.8278,0.581,619.6213
1241,688122,西部超导,2.2189,162.2426,1.0752,334.8214,0.4586,784.9978
1242,000151,中成股份,23.2979,15.452,1.0705,336.2915,0.6391,563.2921
1243,002880,卫光生物,8.1996,43.9046,1.0504,342.7266,0.8498,423.6291
1244,603496,恒为科技,2.079,173.1602,1.0313,349.074,0.5827,617.8136
1245,300485,赛升药业,5.9866,60.1343,1.0288,349.9222,0.6954,517.6877
1246,600051,宁波联合,25.2796,14.2407,1.0045,358.3873,0.721,499.3065
1247,603528,多伦科技,2.3079,155.986,1.0036,358.7086,0.4202,856.7349
1248,600963,岳阳林纸,8.0768,44.5721,0.9792,367.6471,0.7701,467.4718
1249,000909,数源科技,4.3983,81.8498,0.977,368.4749,0.4758,756.6204
1250,603477,振静股份,3.0367,118.5497,0.97,371.134,0.5634,638.9776
1251,002401,中远海科,9.6063,37.4754,0.963,373.8318,0.4728,761.4213
1252,603826,坤彩科技,5.3077,67.82600000000001,0.9569,376.2149,0.943,381.7603
1253,000421,南京公用,11.7332,30.6822,0.9534,377.596,0.5272,682.8528
1254,600562,国睿科技,2.0982,171.5756,0.9491,379.3067,0.4447,809.5345
1255,600867,通化东宝,5.0065,71.9065,0.9433,381.6389,1.3225,272.2117
1256,603396,金辰股份,2.4532,146.7471,0.9415,382.3686,0.5785,622.299
1257,600655,豫园股份,43.7915,8.2208,0.937,384.2049,0.7017,513.0398
1258,002829,星网宇达,1.1101,324.2951,0.9363,384.4921,0.4584,785.3403
1259,603229,奥翔药业,4.4586,80.7428,0.9363,384.4921,0.5413,665.0656
1260,688021,奥福环保,2.4569,146.5261,0.9343,385.3152,0.5006,719.137
1261,601608,中信重工,2.1244,169.4596,0.9314,386.5149,0.4427,813.1918
1262,600074,退市保千,9.4145,38.2389,0.9245,389.3997,0.3825,941.1765
1263,300726,宏达电子,1.8299,196.7321,0.9228,390.11699999999996,0.5452,660.3081
1264,600038,中直股份,8.6797,41.4761,0.9155,393.2277,0.7193,500.4866
1265,300820,英杰电气,6.3241,56.9251,0.9106,395.3437,0.6403,562.2365
1266,002167,东方锆业,5.0984,70.6104,0.9103,395.474,0.7383,487.6067
1267,002832,比音勒芬,14.8892,24.1786,0.9073,396.7817,0.9838,365.92800000000005
1268,000631,顺发恒业,86.7049,4.152,0.9025,398.892,0.1786,2015.6775
1269,600161,天坛生物,429.0601,0.8390000000000001,0.8997,400.1334,0.8776,410.2097
1270,300354,东华测试,2.9252,123.0685,0.8829,407.7472,0.6974,516.203
1271,000627,天茂集团,51.9823,6.9254,0.8762,410.8651,0.0545,6605.5046
1272,600463,空港股份,10.569,34.0619,0.8759,411.0058,0.6661,540.4594
1273,000670,*ST盈方,0.3456,1041.6667,0.8436,426.7425,0.0913,3943.0449
1274,300142,沃森生物,2.3596,152.5682,0.8268,435.4136,0.2957,1217.4501
1275,603919,金徽酒,128.7781,2.7955,0.8116,443.5683,1.3481,267.0425
1276,300382,斯莱克,2.1947,164.0315,0.7946,453.0581,0.6012,598.8024
1277,300401,花园生物,8.8096,40.8645,0.7783,462.5466,0.7256,496.1411
1278,300592,华凯创意,1.3026,276.3703,0.772,466.3212,0.4764,755.6675
1279,300826,测绘股份,2.0004,179.96400000000003,0.7675,469.0554,0.6066,593.4718
1280,600862,中航高科,3.1962,112.6338,0.7621,472.379,0.5208,691.2442
1281,300357,我武生物,5.2779,68.2089,0.7581,474.8714,0.6981,515.6854
1282,603896,寿仙谷,8.6609,41.5661,0.7469,481.9922,0.9635,373.6378
1283,600611,大众交通,24.5535,14.6619,0.7404,486.2237,0.4204,856.3273
1284,300536,农尚环境,2.2646,158.9685,0.6547,549.8702,0.3749,960.2561
1285,600620,天宸股份,37.1844,9.6815,0.6432,559.7015,0.0557,6463.1957
1286,000428,华天酒店,29.7139,12.1155,0.6379,564.3518,0.6245,576.4612
1287,600891,*ST秋林,1.3601,264.6864,0.617,583.4684,0.3295,1092.5645
1288,000661,长春高新,9.147,39.3572,0.6094,590.745,0.9654,372.9024
1289,000029,深深房A,53.3846,6.7435,0.6086,591.5215,0.638,564.2633
1290,002248,华东数控,5.412999999999999,66.5066,0.6005,599.5004,0.4214,854.2952
1291,600368,五洲交通,12.6127,28.5427,0.5838,616.6495,0.6676,539.2451
1292,002494,华斯股份,4.6014,78.2371,0.5701,631.4682,0.3751,959.7441
1293,601992,金隅集团,11.8938,30.2679,0.5701,631.4682,0.5344,673.6527
1294,300751,迈为股份,9.0241,39.8932,0.5683,633.4682,0.4541,792.7769
1295,688085,三友医疗,2.6242,137.1847,0.556,647.482,1.1636,309.3847
1296,601579,会稽山,9.2941,38.7343,0.5549,648.7655,0.6089,591.2301
1297,603712,七一二,1.6585,217.0636,0.5373,670.0168,0.4869,739.3715
1298,688058,宝兰德,1.0626,338.7916,0.5265,683.7607,0.2563,1404.604
1299,002344,海宁皮城,146.8047,2.4522,0.5256,684.9315,0.5644,637.8455
1300,600059,古越龙山,13.895,25.9086,0.5245,686.368,0.5246,686.2371
1301,300210,森远股份,0.7342,490.3296,0.5223,689.2589999999999,0.2357,1527.3653
1302,000993,闽东电力,4.6067,78.14699999999999,0.5052,712.5891,0.5647,637.5066
1303,000573,粤宏远A,107.4075,3.3517,0.4972,724.0547,0.4493,801.2464
1304,000502,绿景控股,7.8665,45.7637,0.494,728.7449,0.0727,4951.8569
1305,000090,天健集团,7.0322,51.1931,0.4719,762.8735,0.4637,776.3639999999999
1306,000011,深物业A,28.1814,12.7744,0.4704,765.3061,0.5591,643.8919999999999
1307,002903,宇环数控,0.7104,506.7568,0.4542,792.6024,0.1334,2698.6507
1308,002166,莱茵生物,5.1488,69.9192,0.4501,799.8223,0.506,711.4625
1309,000423,东阿阿胶,2.7328,131.733,0.4497,800.5337,0.3121,1153.4764
1310,600639,浦东金桥,17.4254,20.6595,0.4293,838.5744,0.5098,706.1593
1311,601512,中新集团,17.8464,20.1721,0.4272,842.6966,0.3879,928.0742
1312,300237,美晨生态,2.7495,130.9329,0.4053,888.2309,0.375,960.0
1313,000736,中交地产,639.2264,0.5632,0.3881,927.596,0.34299999999999997,1049.5627
1314,000799,酒鬼酒,236.6381,1.5213,0.3834,938.9671,0.6629,543.0683
1315,002200,*ST云投,1.4202,253.4854,0.3616,995.5752,0.2704,1331.3609
1316,600067,冠城大通,11.9195,30.2026,0.3546,1015.2284,0.413,871.6707
1317,000031,大悦城,117.8415,3.055,0.335,1074.6269,0.315,1142.8571
1318,002146,荣盛发展,19.9372,18.0567,0.3331,1080.7565,0.3176,1133.5013
1319,601155,新城控股,251.1431,1.4334,0.3069,1173.0205,0.2717,1324.9908
1320,600048,保利地产,122.5268,2.9381,0.2899,1241.8075,0.27699999999999997,1299.639
1321,300208,青岛中程,0.9465,380.3487,0.2848,1264.0449,0.1828,1969.3654
1322,000002,万科A,205.8576,1.7488,0.2848,1264.0449,0.2691,1337.7926
1323,000006,深振业A,317.6188,1.1334,0.284,1267.6056,0.3258,1104.9724
1324,600823,世茂股份,7.8254,46.004,0.2709,1328.9037,0.2953,1219.0992
1325,600663,陆家嘴,28.4735,12.6433,0.2627,1370.3845,0.4022,895.0771
1326,600854,春兰股份,10.1921,35.3215,0.2625,1371.4286,0.1937,1858.5441
1327,600603,广汇物流,4.0107,89.7599,0.2601,1384.0829999999999,0.3334,1079.7839999999999
1328,000656,金科股份,35.0856,10.2606,0.2572,1399.6889999999999,0.2686,1340.2829
1329,600466,蓝光发展,22.3359,16.1176,0.2563,1404.604,0.2456,1465.7979999999998
1330,000838,财信发展,34.3423,10.4827,0.2486,1448.1094,0.2328,1546.3918
1331,600748,上实发展,14.6689,24.5417,0.2478,1452.7845,0.2696,1335.3116
1332,600657,信达地产,65.4901,5.497000000000001,0.2217,1623.816,0.2202,1634.8774
1333,600647,同达创业,20.9645,17.1719,0.2146,1677.5396,0.036000000000000004,10000.0
1334,600766,园城黄金,32.9066,10.9401,0.2141,1681.4573,0.2145,1678.3217
1335,600684,珠江实业,194.9758,1.8464,0.2125,1694.1176,0.1868,1927.1949
1336,600159,大龙地产,3.4647,103.9051,0.2095,1718.3771,0.2342,1537.1477
1337,000014,沙河股份,5540.2845,0.065,0.2083,1728.2765,0.2407,1495.6377
1338,600223,鲁商发展,72.6031,4.9585,0.2002,1798.2018,0.2022,1780.4154
1339,000548,湖南投资,17.8506,20.1674,0.1966,1831.1292,0.2562,1405.1522
1340,600082,海泰发展,62.607,5.7502,0.1871,1924.1048,0.2191,1643.0853
1341,600325,华发股份,1366.1958,0.2635,0.1623,2218.1146,0.172,2093.0233
1342,600266,城建发展,149.2109,2.4127,0.1576,2284.264,0.1611,2234.6369
1343,000534,万泽股份,9.4673,38.0256,0.1538,2340.7022,0.5015,717.8465
1344,002566,益盛药业,5.484,65.6455,0.1506,2390.4382,0.5067,710.4796
1345,000514,渝开发,73.2803,4.9126,0.1467,2453.9877,0.1678,2145.4112
1346,000718,苏宁环球,21.9775,16.3804,0.1344,2678.5714,0.2515,1431.4115
1347,600649,城投控股,27.3687,13.1537,0.1334,2698.6507,0.1257,2863.9618
1348,600658,电子城,9.1997,39.1317,0.1279,2814.699,0.1622,2219.4821
1349,002208,合肥城建,,,0.1164,3092.7835,0.1983,1815.4312
1350,600683,京投发展,11.3774,31.6417,0.1084,3321.0332,0.1369,2629.6567
1351,000897,*ST津滨,19.587,18.3795,0.0952,3781.5126,0.1921,1874.0239
1352,600106,重庆路桥,2.4362,147.7711,0.0879,4095.5631,0.1568,2295.9184
1353,000965,天保基建,287.1406,1.2537,0.0803,4483.188,0.1564,2301.7903
1354,600895,张江高科,7.0322,51.1931,0.0768,4687.5,0.1348,2670.6231
1355,600604,市北高新,4.5357,79.3703,0.0638,5642.6332,0.0993,3625.3776
1356,300059,东方财富,5.1651,69.6986,,,0.0327,11009.1743
1357,600837,海通证券,,,,,,
1358,600868,梅雁吉祥,22.5863,15.9389,,,1.0626,338.7916
1359,600919,江苏银行,,,,,,
1360,601077,渝农商行,,,,,,
1361,000166,申万宏源,,,,,,
1362,002555,三七互娱,10.2279,35.1978,,,2.5105,143.3977
1363,000416,民生控股,0.7673,469.1776,,,0.0097,37113.4021
1364,601328,交通银行,,,,,,
1365,600030,中信证券,,,,,,
1366,601658,邮储银行,,,,,,
1367,600109,国金证券,,,,,,
1368,601916,浙商银行,,,,,,
1369,000617,中油资本,23.9004,15.0625,,,0.0014,257142.8571
1370,601990,南京证券,,,,,,
1371,601998,中信银行,,,,,,
1372,000686,东北证券,,,,,,
1373,603093,南华期货,,,,,,
1374,603533,掌阅科技,7.4316,48.4418,,,1.2938,278.2501
1375,600695,绿庭投资,29.8346,12.0665,,,0.1037,3471.5526
1376,600725,ST云维,12.843,28.0308,,,3.5939,100.1697
1377,600909,华安证券,,,,,,
1378,600958,东方证券,,,,,,
1379,000001,平安银行,,,,,,
1380,601077,渝农商行,,,,,,
1381,000166,申万宏源,,,,,,
1382,002555,三七互娱,10.2279,35.1978,,,2.5105,143.3977
1383,000416,民生控股,0.7673,469.1776,,,0.0097,37113.4021
1384,601328,交通银行,,,,,,
1385,600030,中信证券,,,,,,
1386,601658,邮储银行,,,,,,
1387,600109,国金证券,,,,,,
1388,601916,浙商银行,,,,,,
1389,000617,中油资本,23.9004,15.0625,,,0.0014,257142.8571
1390,601990,南京证券,,,,,,
1391,601998,中信银行,,,,,,
1392,000686,东北证券,,,,,,
1393,603093,南华期货,,,,,,
1394,002961,瑞达期货,,,,,,
1395,603533,掌阅科技,7.4316,48.4418,,,1.2938,278.2501
1396,600695,绿庭投资,29.8346,12.0665,,,0.1037,3471.5526
1397,600725,ST云维,12.843,28.0308,,,3.5939,100.1697
1398,600909,华安证券,,,,,,
1399,600958,东方证券,,,,,,
1400,000001,平安银行,,,,,,
1401,600016,民生银行,,,,,,
1402,601288,农业银行,,,,,,
1403,601336,新华保险,,,,,,
1404,300738,奥飞数据,6.7943,52.9856,,,1.7275,208.3936
1405,601788,光大证券,,,,,,
1406,601818,光大银行,,,,,,
1407,300795,米奥会展,303.7732,1.1851,,,1.0184,353.4957
1408,601881,中国银河,,,,,,
1409,601988,中国银行,,,,,,
1410,000712,锦龙股份,,,,,,
1411,002926,华西证券,,,,,,
1412,002948,青岛银行,,,,,,
1413,300052,中青宝,2.6049,138.2011,,,0.7809,461.0065
1414,000987,越秀金控,,,,,,
1415,600621,华鑫股份,1.9746,182.3154,,,0.0074,48648.6486
1416,300295,三六五网,7.9811,45.1066,,,0.2371,1518.3467
1417,600908,无锡银行,,,,,,
1418,601211,国泰君安,,,,,,
1419,600015,华夏银行,,,,,,
1420,601319,中国人保,,,,,,
1421,600036,招商银行,,,,,,
1422,601398,工商银行,,,,,,
1423,601628,中国人寿,,,,,,
1424,601696,中银证券,,,,,,
1425,601816,京沪高铁,27.4215,13.1284,,,2.9479,122.1208
1426,601860,紫金银行,,,,,,
1427,601939,建设银行,,,,,,
1428,000728,国元证券,,,,,,
1429,002936,郑州银行,,,,,,
1430,002945,华林证券,,,,,,
1431,000828,东莞控股,53.9581,6.6718,,,0.5727,628.6014
