,code,name,cf_sales,rateofreturn,cf_nm,cf_liabilities,cashflowratio
0,000617,中油资本,37.8014,0.0322,1.973,0.0385,4.0274
1,000627,天茂集团,13.8864,0.1393,9.7992,0.1673,339.10400000000004
2,300059,东方财富,7.9302,0.1896,6.4005,0.2886,29.7666
3,600621,华鑫股份,6.3183,0.0409,60.0866,0.0577,6.7559
4,300023,宝德股份,4.0829,0.8739,,5.3158,559.5962
5,600830,香溢融通,2.2592,0.225,14.4506,2.73,273.0017
6,600605,汇通能源,2.1411,0.3352,11.1635,4.4828,448.2768
7,600318,新力金融,1.2549,0.1162,4.6833,0.2166,38.1998
8,000828,东莞控股,0.909,0.1263,1.3866,0.3389,61.6402
9,002039,黔源电力,0.9082,0.1275,4.4232,0.1884,67.7293
10,600643,爱建集团,0.8719,0.0554,1.1213,0.0928,20.5799
11,600325,华发股份,0.8457,0.1198,8.4539,0.1469,21.7507
12,002903,宇环数控,0.804,0.0854,14.4731,0.8888,107.3725
13,300211,亿通科技,0.7785,0.1473,12.14,1.7589,194.9278
14,603578,三星新材,0.7215,0.2633,3.9825,0.8224,174.3691
15,601698,中国卫通,0.7181,0.1081,2.846,0.6895,104.5565
16,600163,中闽能源,0.7077,0.0912,2.5494,0.1711,43.5157
17,603300,华铁应急,0.7045,0.1569,2.0485,0.2586,34.7916
18,300033,同花顺,0.6998,0.2328,1.358,0.9785,98.0817
19,600777,新潮能源,0.6859999999999999,0.1464,3.8642,0.3378,167.8816
20,000791,甘肃电投,0.6753,0.0807,3.1558,0.1293,68.1908
21,000972,ST中基,0.6692,0.1927,28.1742,0.488,49.465
22,002344,海宁皮城,0.6626,0.0881,3.4805,0.3065,40.6023
23,002930,宏川智慧,0.6586,0.0894,2.2297,0.1909,58.5944
24,600516,方大炭素,0.6518,0.2381,2.253,1.6866,202.6868
25,000429,粤高速A,0.6503,0.1125,1.3718,0.2679,108.8082
26,688222,成都先导,0.6368,0.2648,1.399,1.3615,230.6374
27,601016,节能风电,0.6328,0.067,2.4283,0.1021,51.3077
28,600817,ST宏盛,0.6319,0.1803,8.0597,0.5795,95.8012
29,300408,三环集团,0.6289,0.2,1.9617,1.6149,357.6998
30,300681,英搏尔,0.6271,0.2114,,0.5235,96.0416
31,600012,皖通高速,0.6186,0.1145,1.7208,0.419,86.6509
32,600033,福建高速,0.6164,0.1042,1.6565,0.3292,54.8687
33,600868,梅雁吉祥,0.616,0.0741,2.9736,5.1107,544.9332
34,300215,电科院,0.6155,0.1359,2.9655,0.3249,78.252
35,601518,吉林高速,0.615,0.0737,2.5733,0.1899,82.7536
36,601866,中远海发,0.6037,0.0593,4.9144,0.0712,15.7855
37,600236,桂冠电力,0.5993,0.1233,2.2593,0.20199999999999999,54.6168
38,603508,思维列控,0.5989,0.1087,0.672,0.972,99.7156
39,603444,吉比特,0.5976,0.2969,1.2165,1.3892,161.4923
40,002458,益生股份,0.5957,0.5155,0.9798,4.0007,437.1488
41,688126,沪硅产业,0.5941,0.08900000000000001,,0.1852,39.5475
42,300741,华宝股份,0.5937,0.1549,1.0347,2.6274,264.2532
43,601619,嘉泽新能,0.5929,0.0725,2.2558,0.114,71.2579
44,600159,大龙地产,0.5733,0.1171,5.5317,0.2526,25.6332
45,300251,光线传媒,0.5722,0.1473,1.7104,0.8052,82.792
46,002492,恒基达鑫,0.5581,0.094,3.1248,0.4489,76.3191
47,600455,博通股份,0.5541,0.1333,3.8321,0.1867,18.7617
48,000755,山西路桥,0.5411,0.055999999999999994,3.1941,0.0652,22.0377
49,000838,财信发展,0.5381,0.1032,21.6113,0.1228,14.7762
50,002951,金时科技,0.5353,0.2056,1.7347,1.5764,160.8359
51,000722,湖南发展,0.5297,0.0404,0.9918,0.6973,231.0208
52,001965,招商公路,0.5265,0.0474,0.8858,0.1166,38.5439
53,603393,新天然气,0.5227,0.1406,1.5374,0.4214,119.7909
54,600603,广汇物流,0.5117,0.0913,1.8029,0.1576,22.3173
55,300401,花园生物,0.5102,0.1763,1.0664,1.089,110.1098
56,601155,新城控股,0.5076,0.0943,3.2694,0.1089,12.3727
57,601816,京沪高铁,0.5076,0.0903,1.4009,0.634,304.3679
58,003816,中国广核,0.5026,0.0789,2.0696,0.1211,45.6578
59,002818,富森美,0.5024,0.1358,1.015,0.8059,81.4315
60,000099,中信海直,0.4886,0.1306,3.627,0.31,52.9231
61,300777,中简科技,0.4837,0.0942,0.8302,0.5052,64.5532
62,600886,国投电力,0.4797,0.0906,2.3312,0.1354,59.4806
63,300770,新媒股份,0.4641,0.1704,1.1692,0.8749,91.3224
64,002296,辉煌科技,0.4574,0.1236,3.5093,0.7401,78.5369
65,001872,招商港口,0.4538,0.0351,0.6737,0.0892,25.0447
66,000862,银星能源,0.4529,0.0657,23.9644,0.0917,33.999
67,300345,红宇新材,0.4528,0.0958,1.1705,0.6888,76.0178
68,601200,上海环境,0.4513,0.0788,2.3015,0.1338,27.8811
69,603258,电魂网络,0.4484,0.1245,1.3668,0.5379999999999999,54.3518
70,600009,上海机场,0.4463,0.1314,0.9286,1.0346,103.6078
71,600452,涪陵电力,0.4435,0.2402,2.9307,0.3895,52.9831
72,000544,中原环保,0.4429,0.0708,1.6118,0.1732,46.9653
73,300483,沃施股份,0.4428,0.0954,2.1664,0.233,35.7454
74,603305,旭升股份,0.4428,0.1946,2.3516,0.5145,98.0174
75,300699,光威复材,0.4392,0.1854,1.4434,0.9263,159.1814
76,300628,亿联网络,0.4389,0.2263,0.8844,2.5325,256.5403
77,000088,盐田港,0.4374,0.0236,0.6579999999999999,0.0915,36.9214
78,600368,五洲交通,0.4347,0.0853,1.0797,0.1396,64.8222
79,300183,东软载波,0.4305,0.1103,1.8025,1.1745,130.375
80,688016,心脉医疗,0.4291,0.1239,1.0102,1.5958,204.3479
81,300595,欧普康视,0.4257,0.1715,0.9339,1.6374,174.3509
82,600749,西藏旅游,0.4247,0.0604,3.7111,0.2996,32.3585
83,000672,上峰水泥,0.4216,0.3157,1.3141,0.7585,81.506
84,603637,镇海股份,0.4213,0.3251,7.5683,0.7733,78.6068
85,603776,永安行,0.4191,0.0989,0.7846,0.3122,56.3797
86,600657,信达地产,0.4166,0.0823,3.1747,0.107,15.395999999999999
87,600425,青松建化,0.4163,0.1636,9.8079,0.3835,56.3147
88,300107,建新股份,0.4162,0.2071,1.183,4.0786,508.4364
89,300701,森霸传感,0.4159,0.146,1.0354,2.0877,222.3135
90,600867,通化东宝,0.4149,0.2154,1.4231,3.3778,377.9498
91,600051,宁波联合,0.4148,0.2022,5.4415,0.3124,32.084
92,300536,农尚环境,0.4136,0.1363,3.6460000000000004,0.2415,24.499000000000002
93,600317,营口港,0.4123,0.1292,1.8753,0.8474,156.3706
94,601008,连云港,0.4122,0.0621,17.7195,0.1189,13.6858
95,600897,厦门空港,0.4105,0.1608,1.3643,1.2262,126.1202
96,300559,佳发教育,0.408,0.1894,1.1117,0.9983,100.2672
97,300529,健帆生物,0.4075,0.2339,1.026,1.8002,222.1713
98,002033,丽江股份,0.4057,0.1026,1.2595,1.7397,181.8454
99,000488,晨鸣纸业,0.4025,0.1249,6.977,0.1708,23.2125
100,601158,重庆水务,0.3976,0.1033,1.3457,0.3427,55.6868
101,600211,西藏药业,0.3898,0.1769,1.5427,1.5279,158.0114
102,000598,兴蓉环境,0.3889,0.0743,1.7096,0.141,30.4926
103,000897,*ST津滨,0.3869,0.0718,3.0365,0.0884,8.8555
104,600026,中远海能,0.3853,0.0812,7.7572,0.1458,43.3056
105,002023,海特高新,0.3836,0.0438,5.7836,0.10099999999999999,30.1711
106,600862,中航高科,0.3828,0.1448,1.6774,0.4025,51.2443
107,600309,万华化学,0.3811,0.2677,2.448,0.4899,57.8866
108,603896,寿仙谷,0.3803,0.1551,1.6782,1.2353,141.9712
109,600678,四川金顶,0.3779,0.2304,2.845,0.3086,67.7089
110,002518,科士达,0.3769,0.2425,3.0580000000000003,0.6871,78.5313
111,000738,航发控制,0.3765,0.1475,4.434,0.5978,76.6457
112,002231,奥维通信,0.3739,0.1716,2.799,0.7309,73.113
113,688111,金山办公,0.3708,0.0856,1.4621,0.7553,80.5947
114,300653,正海生物,0.3698,0.1436,0.9636,0.7835,90.5354
115,002007,华兰生物,0.3683,0.1797,0.9883,1.9489,196.2284
116,603025,大豪科技,0.3659,0.1697,1.3939,1.2569,126.4671
117,601326,秦港股份,0.3649,0.0963,2.9610000000000003,0.248,83.51700000000001
118,300357,我武生物,0.3643,0.1631,0.7959999999999999,3.0546,388.0178
119,000591,太阳能,0.3639,0.0487,2.0143,0.076,25.8463
120,000591,太阳能,0.3639,0.0487,2.0143,0.076,25.8463
121,600563,法拉电子,0.3634,0.18899999999999997,1.3092,1.101,120.9727
122,002320,海峡股份,0.363,0.0996,1.8389,1.5730000000000002,176.8729
123,600933,爱柯迪,0.3614,0.1792,2.0997,0.8048,148.5528
124,002568,百润股份,0.3613,0.2071,1.7671,0.9502,107.2789
125,600201,生物股份,0.3596,0.0725,1.786,0.5654,73.9489
126,603383,顶点软件,0.3558,0.0908,0.9426,0.6099,61.0905
127,002859,洁美科技,0.3555,0.1602,2.8589,0.6485,103.9521
128,600798,宁波海运,0.3525,0.1124,2.5015,0.3209,103.9932
129,000428,华天酒店,0.3523,0.0596,190.4817,0.0952,11.8265
130,002937,兴瑞科技,0.3514,0.3129,2.6009,1.5747,157.5233
131,300471,厚普股份,0.3497,0.1055,11.1687,0.3485,36.0334
132,300800,力合科技,0.3493,0.1249,1.1156,0.6754,75.1795
133,603817,海峡环保,0.3485,0.0562,1.7561,0.1057,24.8547
134,000532,华金资本,0.3475,0.0594,1.8969,0.0992,13.1664
135,600512,腾达建设,0.3415,0.1456,2.2059,0.264,30.7709
136,603167,渤海轮渡,0.3408,0.106,1.3024,0.3158,70.7079
137,300708,聚灿光电,0.3392,0.14400000000000002,47.6152,0.1976,26.6814
138,002294,信立泰,0.337,0.1948,2.2097,1.4121,193.7807
139,002519,银河电子,0.3362,0.11800000000000001,2.642,0.4596,49.7435
140,002690,美亚光电,0.3342,0.1811,0.9211,1.3013,146.2193
141,603019,中科曙光,0.3332,0.1893,4.9715,0.2613,54.1733
142,002299,圣农发展,0.3331,0.3174,1.1773,1.0272,110.1367
143,000688,国城矿业,0.3324,0.1273,1.9854,0.6356,67.8966
144,600382,广东明珠,0.3317,0.0505,0.6548,0.3391,47.6006
145,603288,海天味业,0.3317,0.2653,1.2262,0.8052,82.3164
146,002746,仙坛股份,0.3316,0.2713,1.1024,1.3465,136.8853
147,600050,中国联通,0.3312,0.1705,8.5411,0.3996,46.5195
148,002401,中远海科,0.3283,0.1191,3.8408,0.1685,16.9125
149,688388,嘉元科技,0.3265,0.1779,1.4319,4.2855,1029.7547
150,688028,沃尔德,0.3251,0.0911,1.3811,1.8284,182.8411
151,000582,北部湾港,0.3239,0.0855,1.4509999999999998,0.2089,35.8966
152,603706,东方环宇,0.3238,0.1033,1.2941,0.58,83.2016
153,603429,集友股份,0.3237,0.1359,1.0683,0.5378,57.1069
154,002677,浙江美大,0.3226,0.2735,1.1812,1.1622,123.5555
155,000655,金岭矿业,0.3225,0.1491,2.3821,1.4452,163.3009
156,600113,浙江东日,0.3217,0.0842,1.1815,0.3925,68.7791
157,002127,南极电商,0.3212,0.2288,1.0404,2.0044,200.437
158,603860,中公高科,0.3196,0.0917,1.2403,0.6432,95.9321
159,002031,巨轮智能,0.3188,0.078,3.9539999999999997,0.2099,24.1738
160,688101,三达膜,0.3185,0.0559,0.8487,0.2276,36.0989
161,300570,太辰光,0.3145,0.1594,1.4257,1.3696,149.45600000000002
162,603339,四方科技,0.314,0.1497,2.8510000000000004,0.513,52.9986
163,300179,四方达,0.3138,0.1358,1.3431,0.6481,76.1695
164,000978,桂林旅游,0.3113,0.0657,7.6001,0.1482,39.8858
165,000875,吉电股份,0.3112,0.0623,6.5449,0.0833,20.7511
166,600874,创业环保,0.3103,0.0492,1.673,0.0816,24.9356
167,600566,济川药业,0.3095,0.2479,1.3233,0.8389,116.7274
168,603668,天马科技,0.307,0.2735,9.8276,0.562,58.1158
169,300488,恒锋工具,0.3068,0.0904,0.8346,0.6228,99.223
170,603587,地素时尚,0.3049,0.1848,1.1614,1.1813,122.7739
171,603986,兆易创新,0.302,0.1567,1.5982,1.021,142.6621
172,002233,塔牌集团,0.3015,0.1768,1.198,1.0601,117.1313
173,000848,承德露露,0.2995,0.2175,1.4499,0.6286,66.0209
174,002191,劲嘉股份,0.2983,0.1372,1.2312,0.8258,85.4809
175,600854,春兰股份,0.2976,0.0281,2.3204,0.2487,26.31
176,300634,彩讯股份,0.2976,0.1269,1.5622,0.7029,94.3211
177,300623,捷捷微电,0.2958,0.0812,1.0515,0.9574,110.5141
178,300298,三诺生物,0.294,0.1593,2.0855,0.8265,130.6457
179,300554,三超新材,0.293,0.0714,6.6785,0.1559,16.0717
180,600681,百川能源,0.2924,0.156,1.9272,0.3185,52.6136
181,300146,汤臣倍健,0.292,0.1844,,0.6404,87.4562
182,600720,祁连山,0.2912,0.1886,1.5441,0.6269,78.9878
183,300330,华虹计通,0.2901,0.1264,14.7626,0.3344,33.8246
184,600795,国电电力,0.2892,0.0924,6.8552,0.1359,36.7961
185,601975,招商南油,0.2888,0.1469,1.3149,0.3702,104.3587
186,002626,金达威,0.2877,0.1955,2.0234,0.5267,106.6579
187,300772,运达股份,0.2866,0.1242,13.4727,0.1431,15.1958
188,601107,四川成渝,0.2854,0.0485,1.6185,0.0848,25.57
189,300760,迈瑞医疗,0.2852,0.1842,1.0079,0.6729,93.634
190,603229,奥翔药业,0.2849,0.099,1.5559,0.3641,37.7904
191,600548,深高速,0.2831,0.039,0.6905,0.0724,27.0253
192,000534,万泽股份,0.2831,0.0753,2.9894,0.1394,25.5062
193,002117,东港股份,0.2829,0.1812,1.5814,0.6094,64.3926
194,600719,大连热电,0.282,0.0957,19.1905,0.142,17.0232
195,000539,粤电力A,0.2818,0.1096,4.5777,0.2004,42.0248
196,601111,中国国航,0.2815,0.1303,5.2868,0.1988,49.3885
197,002060,粤水电,0.2804,0.12,12.7224,0.138,23.0882
198,300443,金雷股份,0.2789,0.1405,1.5278,1.0541,145.6461
199,601969,海南矿业,0.2783,0.1198,5.6876,0.2923,44.3839
200,688139,海尔生物,0.27699999999999997,0.0923,1.5297,0.4827,51.391999999999996
201,300371,汇中股份,0.2769,0.1206,0.9096,0.8913,103.2179
202,000877,天山股份,0.2762,0.1752,1.4631,0.5206,78.6851
203,603360,百傲化学,0.2753,0.2019,0.7825,1.5406,225.9364
204,603456,九洲药业,0.2748,0.1187,2.3386,0.3058,46.4893
205,002053,云南能投,0.2735,0.0594,1.8463,0.1426,43.2227
206,600116,三峡水利,0.2729,0.0694,1.9264,0.1656,41.4447
207,300286,安科瑞,0.272,0.1457,1.4414,0.4503,45.2021
208,000993,闽东电力,0.2718,0.0425,1.7706,0.0924,19.7317
209,300395,菲利华,0.2717,0.0979,1.099,0.8206,103.4507
210,600395,盘江股份,0.2698,0.1215,1.597,0.2613,45.4332
211,002607,中公教育,0.2696,0.2484,1.371,0.3789,38.5222
212,002860,星帅尔,0.2676,0.1388,0.9788,0.7337,79.5906
213,002238,天威视讯,0.2665,0.1184,2.4415,0.4192,46.0102
214,603099,长白山,0.2644,0.0939,1.641,0.5286,97.9524
215,603000,人民网,0.2643,0.1214,1.3078,0.504,51.1789
216,600508,上海能源,0.2639,0.1208,4.1165,0.2993,41.0125
217,600176,中国巨石,0.2638,0.0824,1.31,0.158,23.7321
218,002643,万润股份,0.2638,0.1282,1.4184,0.847,90.0398
219,600989,宝丰能源,0.2633,0.1073,0.9397,0.3593,64.5952
220,600426,华鲁恒升,0.2633,0.2054,1.5230000000000001,0.9444,153.5092
221,300327,中颖电子,0.2632,0.1832,1.2106,1.0590000000000002,109.1707
222,600273,嘉化能源,0.263,0.1588,1.1476,0.7409,78.8912
223,000661,长春高新,0.2624,0.1521,0.8236,0.4943,60.1406
224,300685,艾德生物,0.262,0.1448,1.1185,1.0474,107.7954
225,603881,数据港,0.262,0.0509,1.7248,0.0722,11.4502
226,600750,江中药业,0.2618,0.1347,1.3374,0.768,85.6145
227,600598,北大荒,0.2617,0.1038,0.9767,0.5752,62.7785
228,300119,瑞普生物,0.2616,0.1077,1.7141,0.318,36.6767
229,600732,爱旭股份,0.2616,0.1944,2.7134,0.2835,43.3116
230,601088,中国神华,0.2609,0.113,1.2244,0.4417,66.0913
231,688015,交控科技,0.2605,0.1212,3.4376,0.1751,18.4258
232,002507,涪陵榨菜,0.2596,0.1536,0.8535,1.0522,134.0902
233,600585,海螺水泥,0.2594,0.2279,1.1859,1.1174,148.5647
234,300822,贝仕达克,0.2591,0.303,1.3222,1.1512,118.7248
235,002243,通产丽星,0.2582,0.0643,0.9938,0.1941,38.6802
236,300003,乐普医疗,0.2553,0.125,1.1546,0.2513,38.9444
237,601228,广州港,0.2549,0.0922,2.5687,0.2069,55.9081
238,603165,荣晟环保,0.2541,0.2198,1.7089,0.897,231.6354
239,000089,深圳机场,0.2531,0.0687,1.591,0.496,51.5322
240,000799,酒鬼酒,0.2526,0.1183,1.2752,0.4785,48.7032
241,002980,华盛昌,0.2518,0.248,1.2885,1.4717,156.9957
242,300765,新诺威,0.251,0.1106,1.153,0.7216,78.6968
243,600021,上海电力,0.2503,0.0534,2.9389,0.0733,13.1053
244,300759,康龙化成,0.2498,0.0945,1.7687,0.4476,73.923
245,300497,富祥药业,0.2496,0.1302,1.1011,0.3163,46.5907
246,300454,深信服,0.2495,0.1691,1.5087,0.4671,51.4949
247,000629,攀钢钒钛,0.2494,0.2531,2.2533,0.986,122.6763
248,300458,全志科技,0.2494,0.1421,2.7567,0.9907,104.8666
249,601828,美凯龙,0.2486,0.0335,0.8736,0.0558,14.7436
250,300314,戴维医疗,0.2485,0.0918,1.4272,0.6499,66.3546
251,603949,雪龙集团,0.2474,0.1798,0.9049,1.2205,190.6392
252,600029,南方航空,0.247,0.1243,12.3173,0.166,39.9225
253,002555,三七互娱,0.2463,0.3211,1.3479,1.1424,125.2722
254,300731,科创新源,0.2462,0.1066,1.9236,0.5103,54.0289
255,002138,顺络电子,0.2461,0.1051,1.6333,0.3691,44.8877
256,002821,凯莱英,0.2443,0.1599,1.0849,0.8425,119.2232
257,002972,科安达,0.2442,0.0643,0.6327,0.4311,43.2883
258,300403,汉宇集团,0.2442,0.1277,1.3367,0.773,84.9497
259,601298,青岛港,0.2438,0.0562,0.7177,0.1546,27.0463
260,300289,利德曼,0.242,0.0727,4.457,0.4718,73.072
261,601880,大连港,0.2417,0.0458,1.7952,0.1173,67.5772
262,002812,恩捷股份,0.2416,0.0626,0.8159,0.1044,18.0477
263,300790,宇瞳光学,0.2411,0.1399,2.8699,0.319,33.7939
264,002728,特一药业,0.2406,0.0982,1.2908,0.2008,28.6686
265,002067,景兴纸业,0.2401,0.2228,6.2029,1.1136,112.7104
266,603596,伯特利,0.24,0.1751,1.662,0.4062,47.3026
267,002888,惠威科技,0.2399,0.1396,2.5197,1.3038,144.2763
268,600115,东方航空,0.2397,0.1024,8.3181,0.1363,36.9715
269,002978,安宁股份,0.2386,0.1077,0.6319,0.4697,64.4813
270,603005,晶方科技,0.2383,0.0579,1.2329,0.4141,78.8864
271,000401,冀东水泥,0.2382,0.1353,1.6758,0.2577,36.6777
272,000011,深物业A,0.2372,0.0872,1.2663,0.1252,18.0705
273,002285,世联行,0.2368,0.1349,16.2745,0.2522,27.3424
274,000029,深深房A,0.2368,0.1229,1.1153,0.4359,43.9856
275,603920,世运电路,0.2361,0.1667,1.7517,0.6638,68.7355
276,300127,银河磁体,0.2347,0.1054,0.9533,1.8342,184.2241
277,000531,穗恒运A,0.2346,0.0651,1.7451,0.1081,11.7702
278,601579,会稽山,0.2338,0.0605,1.6276,0.2028,27.3274
279,601126,四方股份,0.2338,0.1476,4.805,0.4437,45.3025
280,603387,基蛋生物,0.2331,0.1124,0.645,0.6925,71.2349
281,002675,东诚药业,0.2327,0.0955,2.3715,0.2768,28.6385
282,688002,睿创微纳,0.2324,0.0625,0.7874,0.789,117.9266
283,600727,鲁北化工,0.23199999999999998,0.1445,1.2399,0.6113,68.1494
284,300453,三鑫医疗,0.2319,0.1461,2.5152,0.3913,41.6398
285,603127,昭衍新药,0.2316,0.1044,0.831,0.2508,30.6721
286,002534,杭锅股份,0.2305,0.0974,2.0669,0.1557,18.0056
287,600391,航发科技,0.2298,0.1437,20.35,0.2231,25.2667
288,603166,福达股份,0.2294,0.1082,2.4429,0.3305,39.6525
289,688023,安恒信息,0.2294,0.0997,2.349,0.3482,43.3866
290,600299,安迪苏,0.2291,0.1207,2.0285,0.6519,102.9316
291,002546,新联电子,0.2287,0.0478,0.9902,0.4119,42.4195
292,600027,华电国际,0.2283,0.09300000000000001,4.8162,0.1417,31.7524
293,002597,金禾实业,0.228,0.1473,1.1205,0.5433,80.5364
294,603826,坤彩科技,0.2279,0.0781,0.9436,0.3576,52.1006
295,300773,拉卡拉,0.2272,0.0995,1.3624,0.1804,18.1015
296,601991,大唐发电,0.22699999999999998,0.0768,7.2784,0.1082,26.9679
297,300468,四方精创,0.22699999999999998,0.0996,1.2394,1.2559,128.7863
298,603919,金徽酒,0.2269,0.1167,1.3705,0.5822,60.4324
299,300363,博腾股份,0.2265,0.0888,1.9562,0.3943,54.292
300,603259,药明康德,0.2265,0.0997,1.5256,0.2465,43.9533
301,300363,博腾股份,0.2265,0.0888,1.9562,0.3943,54.292
302,002880,卫光生物,0.2261,0.1171,1.085,1.3591,180.19
303,002382,蓝帆医疗,0.2252,0.059000000000000004,1.5069,0.1632,29.4553
304,300193,佳士科技,0.2249,0.0785,1.0124,0.5383,57.0921
305,300285,国瓷材料,0.2249,0.1008,0.8909999999999999,0.5692,66.2421
306,603489,八方股份,0.2244,0.1174,0.8291,0.8838,88.3786
307,300406,九强生物,0.2243,0.0876,0.5687,1.0301,120.9243
308,603657,春光科技,0.2242,0.1267,1.1840000000000002,1.0168,106.5089
309,603156,养元饮品,0.2241,0.1106,0.6201,0.6198,64.5214
310,601808,中海油服,0.2238,0.0916,2.7564,0.1778,35.1425
311,002913,奥士康,0.2238,0.1431,1.9044,0.4527,46.9423
312,300092,科新机电,0.2237,0.1338,3.0748,0.3384,34.1605
313,600008,首创股份,0.2236,0.0417,3.0539,0.0645,18.3491
314,600635,大众公用,0.2232,0.054000000000000006,1.9232,0.0915,14.5855
315,300235,方直科技,0.2228,0.037000000000000005,0.7585,0.8284,84.2142
316,000975,银泰黄金,0.2226,0.0964,1.1997,0.6459,107.119
317,300187,永清环保,0.2222,0.0543,2.8227,0.1311,14.1919
318,300632,光莆股份,0.2221,0.17,1.2329999999999999,0.4583,46.4322
319,300717,华信新材,0.221,0.1062,1.3494,0.9734,127.0162
320,603041,美思德,0.2209,0.0851,1.0381,0.8985,98.4693
321,300531,优博讯,0.2207,0.1105,3.7937,0.335,34.1465
322,300580,贝斯特,0.2199,0.0951,1.0506,0.5278,60.0794
323,600396,金山股份,0.2196,0.0842,,0.0959,16.1024
324,600017,日照港,0.2196,0.0495,1.6119999999999999,0.1207,21.3529
325,600823,世茂股份,0.2196,0.0369,1.2263,0.0594,7.524
326,300304,云意电气,0.2195,0.0588,1.1735,0.2609,28.65
327,000631,顺发恒业,0.21899999999999997,0.0432,0.5593,0.2002,24.2429
328,603318,派思股份,0.2189,0.0429,,0.0951,16.8295
329,603317,天味食品,0.2188,0.1764,1.2727,1.2582,129.1374
330,002080,中材科技,0.2185,0.1014,2.0788,0.1799,25.4864
331,688366,昊海生科,0.2175,0.0567,0.927,0.6999,96.9289
332,688389,普门科技,0.2173,0.0779,0.9131,0.7102,90.1833
333,601636,旗滨集团,0.2168,0.1544,1.4989,0.4185,65.2249
334,000557,西部创业,0.2163,0.0328,3.8635,0.5627,64.2461
335,688358,祥生医疗,0.2159,0.0619,0.7593,0.6669,88.806
336,600059,古越龙山,0.2154,0.0761,1.8002,0.4945,49.7819
337,000789,万年青,0.2154,0.2078,1.194,0.5727,80.4314
338,600011,华能国际,0.2151,0.0902,15.6962,0.126,26.3551
339,600323,瀚蓝环境,0.215,0.0629,1.4656,0.095,19.7788
340,002738,中矿资源,0.2147,0.0611,1.801,0.1805,29.9945
341,688138,清溢光电,0.2141,0.0773,1.4609999999999999,0.5011,56.1298
342,603161,科华控股,0.2136,0.1023,4.2065,0.1649,22.4134
343,002222,福晶科技,0.2118,0.0982,0.7749,1.3059,153.8026
344,300110,华仁药业,0.2116,0.1141,6.8496,0.6698,71.8443
345,300228,富瑞特装,0.2109,0.095,,0.1592,16.3973
346,300114,中航电测,0.2098,0.1303,1.4762,0.3943,41.2372
347,000301,东方盛虹,0.2095,0.1488,3.2349,0.2642,39.2424
348,002566,益盛药业,0.2082,0.0845,2.2838,0.4807,53.2492
349,002099,海翔药业,0.2082,0.0908,0.7945,0.5988,65.1293
350,300259,新天科技,0.2082,0.0879,0.8697,0.4528,48.32899999999999
351,002802,洪汇新材,0.2067,0.1794,1.2597,2.0919,274.7399
352,603103,横店影视,0.2064,0.1683,1.8759,0.5462,68.9803
353,002004,华邦健康,0.2063,0.0782,2.2343,0.1555,18.9972
354,600449,宁夏建材,0.2062,0.131,1.1691,0.6055,76.2279
355,300481,濮阳惠成,0.2061,0.1436,0.9688,1.2997,171.5353
356,000603,盛达资源,0.2061,0.1375,1.0673,0.3547,60.9423
357,600370,三房巷,0.2059,0.1197,2.5791,1.0208,102.0766
358,300771,智莱科技,0.2059,0.1155,0.7535,0.7713,81.1228
359,002658,雪迪龙,0.2044,0.0832,1.8292,0.2799,61.3733
360,600505,西昌电力,0.2043,0.0551,4.1995,0.091,29.8842
361,002850,科达利,0.2036,0.1203,1.9609999999999999,0.3765,39.2649
362,600866,星湖科技,0.2031,0.1007,1.4254,0.3577,42.0292
363,600557,康缘药业,0.2028,0.1515,1.7923,0.4575,48.0055
364,300287,飞利信,0.2022,0.0596,9.3783,0.2541,26.4376
365,600893,航发动力,0.2021,0.0807,4.5943,0.1917,18.9915
366,603903,中持股份,0.1988,0.0909,1.7942,0.1406,19.7138
367,688288,鸿泉物联,0.1986,0.0644,0.8926,0.5323,56.3695
368,603238,诺邦股份,0.1983,0.1353,2.0476,0.3748,38.7045
369,603558,健盛集团,0.1971,0.0933,1.2878,0.4917,49.7897
370,600132,重庆啤酒,0.19699999999999998,0.2008,0.9688,0.3524,46.7252
371,002902,铭普光磁,0.1964,0.1459,10.6045,0.3424,34.3539
372,300785,值得买,0.1964,0.1251,1.0926,0.4506,84.4159
373,300823,建科机械,0.1963,0.1084,1.0815,0.2774,28.0312
374,300154,瑞凌股份,0.1962,0.0567,0.9670000000000001,0.4202,45.5206
375,300382,斯莱克,0.1962,0.0802,1.7167,0.1654,17.9394
376,300508,维宏股份,0.1961,0.0619,0.5697,0.5327,56.9201
377,600161,天坛生物,0.1958,0.1017,0.7184,0.565,98.5472
378,300480,光力科技,0.195,0.0643,1.033,0.3925,44.3263
379,001896,豫能控股,0.1948,0.0789,19.3369,0.11699999999999999,21.69
380,600234,ST山水,0.1945,0.0733,2.3505,0.0866,10.7666
381,600284,浦东建设,0.1934,0.0831,2.9175,0.1475,17.1571
382,688029,南微医学,0.1931,0.0878,0.8012,0.7273,79.6305
383,600380,健康元,0.193,0.0909,1.25,0.2871,31.3651
384,603579,荣泰健康,0.1929,0.1814,1.5494,0.5379,58.1287
385,002245,澳洋顺昌,0.1927,0.0971,4.567,0.16899999999999998,24.8084
386,600873,梅花生物,0.1923,0.1448,2.7880000000000003,0.27699999999999997,51.2703
387,600724,宁波富达,0.1923,0.1259,0.9073,0.436,61.5922
388,002372,伟星新材,0.1918,0.1854,0.9085,0.9735,100.2406
389,300725,药石科技,0.1918,0.1234,0.8354,0.4407,45.6747
390,688208,道通科技,0.1916,0.152,0.7008,0.67,126.9989
391,300188,美亚柏科,0.1916,0.0943,1.3721,0.3259,35.084
392,300016,北陆药业,0.1914,0.0966,0.4579,0.9048,124.5605
393,002905,金逸影视,0.1906,0.1267,3.6909,0.3492,42.2022
394,603095,越剑智能,0.1904,0.1241,1.1219,0.366,37.6737
395,300620,光库科技,0.1899,0.0862,1.2525,0.3373,43.9718
396,603180,金牌厨柜,0.1892,0.1503,1.6616,0.275,36.4652
397,002801,微光股份,0.1891,0.1222,0.9218,0.7140000000000001,72.1365
398,603239,浙江仙通,0.18899999999999997,0.1015,1.247,0.6068,63.3064
399,002810,山东赫达,0.1889,0.1419,1.2976,0.3837,53.0904
400,000739,普洛药业,0.1886,0.2085,2.4577,0.4937,53.0953
401,300682,朗新科技,0.1886,0.0945,0.5185,0.4725,48.7384
402,603520,司太立,0.1885,0.0708,1.349,0.1005,15.4894
403,000513,丽珠集团,0.1883,0.0983,1.2091,0.31,33.3826
404,300347,泰格医药,0.1882,0.07,0.5409,0.2623,29.4611
405,600187,国中水务,0.1882,0.0212,4.5092,0.076,9.7428
406,300821,东岳硅材,0.1877,0.2054,0.9271,1.3147,139.622
407,000514,渝开发,0.1875,0.025,0.5972,0.0587,8.2884
408,601882,海天精工,0.1873,0.0994,2.8437,0.2395,27.1955
409,000903,云内动力,0.1873,0.1019,6.8585,0.1837,19.1271
410,600722,金牛化工,0.187,0.1202,2.6269,1.355,135.7648
411,603488,展鹏科技,0.1864,0.0694,0.802,0.6224,62.5188
412,300493,润欣科技,0.18600000000000003,0.2769,9.1264,1.1871,124.0234
413,002208,合肥城建,0.1858,0.0329,1.0052,0.039,4.5707
414,002956,西麦食品,0.1855,0.1091,1.1466,0.5748,59.1507
415,300373,扬杰科技,0.1854,0.1054,1.6879,0.4175,46.9242
416,603039,泛微网络,0.1851,0.1236,1.7087,0.2384,23.8646
417,002410,广联达,0.185,0.1039,2.5176,0.2274,22.8141
418,000919,金陵药业,0.1838,0.11199999999999999,2.5362,0.635,68.7763
419,300592,华凯创意,0.1831,0.0671,9.4449,0.1235,13.4307
420,600399,ST抚钢,0.1829,0.1228,3.4766,0.2576,82.8663
421,603060,国检集团,0.1828,0.1078,0.8539,0.4547,59.8955
422,002879,长缆科技,0.1827,0.0858,1.0691,0.4372,50.0602
423,002832,比音勒芬,0.1827,0.1321,0.8201,0.5892,62.378
424,300820,英杰电气,0.1825,0.1051,0.7286,0.3397,34.4253
425,300661,圣邦股份,0.1824,0.1037,0.8271,0.5301,63.5858
426,603606,东方电缆,0.1821,0.1704,1.4862,0.3733,38.44
427,300248,新开普,0.1818,0.076,1.1096,0.3161,34.2076
428,000613,大东海A,0.1817,0.0539,6.2291,0.5217,62.4748
429,600356,恒丰纸业,0.1816,0.1086,3.6085,0.4324,52.8605
430,002925,盈趣科技,0.1813,0.1285,0.7129,0.5618,64.2721
431,300118,东方日升,0.1811,0.1019,2.6679,0.1607,19.8579
432,002114,罗平锌电,0.1809,0.1513,14.1664,0.507,75.5935
433,002019,亿帆医药,0.1807,0.0847,1.0734,0.2889,32.5056
434,002206,海利得,0.1805,0.1301,2.1936,0.2634,29.2083
435,002858,力盛赛车,0.1803,0.1073,2.1077,0.3546,41.3293
436,600378,昊华科技,0.1803,0.0969,1.5784,0.318,55.7475
437,603319,湘油泵,0.1803,0.1,1.94,0.182,21.9485
438,600588,用友网络,0.1802,0.0874,1.1602,0.1658,16.8237
439,603309,维力医疗,0.1799,0.1228,1.4362,0.4264,77.3743
440,300007,汉威科技,0.1789,0.0678,,0.111,21.2948
441,002461,珠江啤酒,0.1786,0.0631,1.4808,0.2236,33.6128
442,002526,山东矿机,0.17800000000000002,0.114,2.0454,0.5367,54.2024
443,000600,建投能源,0.1779,0.0768,2.7755,0.1345,27.38
444,603615,茶花股份,0.1776,0.0896,2.0301,0.7643,79.6177
445,300014,亿纬锂能,0.1776,0.0699,0.7352,0.1327,18.8756
446,300588,熙菱信息,0.1776,0.0534,9.1867,0.0965,9.7306
447,000045,深纺织A,0.1775,0.0846,,0.5661,78.9055
448,601799,星宇股份,0.1773,0.1263,1.3679,0.2944,31.5821
449,000561,烽火电子,0.1772,0.0738,2.4516,0.1485,17.615
450,002976,瑞玛工业,0.1765,0.17300000000000001,1.1116,0.6955,73.102
451,002601,龙蟒佰利,0.1764,0.0772,0.7692,0.1688,23.8814
452,600219,南山铝业,0.1763,0.0692,2.184,0.287,34.659
453,603378,亚士创能,0.17600000000000002,0.1342,3.7389,0.2353,28.2623
454,603016,新宏泰,0.1757,0.0809,1.2459,0.7425,74.602
455,600066,宇通客车,0.1752,0.1458,2.7236,0.2817,32.4888
456,300624,万兴科技,0.1752,0.1365,1.5372,0.6083,97.8413
457,600754,锦江酒店,0.1747,0.0679,2.0623,0.1076,34.647
458,002459,晶澳科技,0.1744,0.1294,2.8739999999999997,0.1824,24.453000000000003
459,688085,三友医疗,0.1742,0.1119,0.6294,0.5429999999999999,57.9172
460,603221,爱丽家居,0.1726,0.2033,1.3927,0.7519,78.0986
461,300009,安科生物,0.1726,0.0916,2.6778,0.5618,71.3325
462,600865,百大集团,0.1726,0.0702,0.7722,0.4462,59.1973
463,603327,福蓉科技,0.172,0.1393,0.8498,0.6729,68.2809
464,300196,长海股份,0.1716,0.11900000000000001,1.3065,0.8353,93.1403
465,600252,中恒集团,0.1716,0.0835,0.8782,0.4551,52.992
466,600085,同仁堂,0.1713,0.1087,1.456,0.3631,46.4628
467,002156,通富微电,0.1712,0.0876,37.7973,0.1466,19.512999999999998
468,000830,鲁西化工,0.1712,0.1025,1.8297,0.1639,21.4431
469,600685,中船防务,0.1711,0.0714,4.023,0.1016,12.7014
470,600018,上港集团,0.171,0.0434,0.6219,0.1201,31.9197
471,002724,海洋王,0.1702,0.1044,0.9887,0.7194,72.172
472,600261,阳光照明,0.1701,0.1426,1.8099,0.3505,42.9709
473,601898,中煤能源,0.17,0.0807,2.5584,0.1417,26.2739
474,603917,合力科技,0.1697,0.0793,1.3656,0.3076,37.648
475,600298,安琪酵母,0.1693,0.1308,1.3789,0.2812,43.3698
476,300722,新余国科,0.1693,0.0724,0.9447,0.4983,77.7147
477,002572,索菲亚,0.1693,0.1534,1.1885,0.5054,53.2323
478,688278,特宝生物,0.16899999999999998,0.1561,1.9178,0.5449,81.8055
479,300786,国林科技,0.1689,0.0645,0.8693,0.3053,30.8421
480,002553,南方轴承,0.1687,0.0874,1.6282,0.6922,72.6551
481,600346,恒力石化,0.1681,0.0971,1.6749,0.1231,20.5877
482,002449,国星光电,0.1676,0.1028,1.7327,0.2285,24.5464
483,603979,金诚信,0.1674,0.0874,1.8706,0.26,31.6502
484,002109,兴化股份,0.16699999999999998,0.0789,2.2558,0.7257,72.5692
485,300711,广哈通信,0.166,0.0602,2.6039999999999996,0.2707,27.524
486,000037,深南电A,0.166,0.063,7.8988,0.1754,19.865
487,600048,保利地产,0.166,0.0379,1.0426,0.0487,6.5291
488,603267,鸿远电子,0.166,0.0742,0.6283,0.6259,75.8965
489,002308,威创股份,0.1659,0.0638,,0.34299999999999997,41.4271
490,300788,中信出版,0.1659,0.1159,1.3139,0.3127,31.7896
491,002145,中核钛白,0.1659,0.0977,1.3,0.228,28.4424
492,002337,赛象科技,0.1655,0.0553,11.1168,0.3236,32.7252
493,300727,润禾材料,0.1653,0.1454,2.0393,0.6731,69.9525
494,002014,永新股份,0.1648,0.1683,1.5615,0.6584,72.0511
495,300305,裕兴股份,0.1647,0.0824,1.526,0.6044,64.1615
496,603533,掌阅科技,0.1641,0.1615,2.1028,0.47,47.1661
497,688228,开普云,0.16399999999999998,0.1283,0.6246,0.3322,33.2206
498,002895,川恒股份,0.16399999999999998,0.1017,1.5984,0.3498,42.4925
499,600276,恒瑞医药,0.1639,0.1385,0.7166,1.4574,154.363
500,603885,吉祥航空,0.1634,0.0826,2.7042,0.1355,27.8558
501,603535,嘉诚国际,0.1633,0.0938,1.5177,0.4092,42.8918
502,601966,玲珑轮胎,0.1631,0.1053,1.6791,0.1801,26.0383
503,300378,鼎捷软件,0.1627,0.1051,2.2971,0.2779,28.0325
504,002706,良信电器,0.1625,0.1422,1.2131,0.6333,64.4838
505,300575,中旗股份,0.1625,0.1138,1.7387,0.2683,39.2743
506,600526,菲达环保,0.1624,0.0776,6.1272,0.1093,11.876
507,600780,通宝能源,0.1616,0.1289,3.8631,0.3634,53.7932
508,600980,北矿科技,0.1613,0.0952,1.7702,0.3771,41.5235
509,300680,隆盛科技,0.1602,0.0653,2.1475,0.1594,19.5165
510,601958,金钼股份,0.1601,0.0958,2.2576,0.8377,137.0975
511,603208,江山欧派,0.1597,0.1131,1.2038,0.22,26.2577
512,603380,易德龙,0.1588,0.1388,1.2778,0.5146,53.1858
513,002688,金河生物,0.1583,0.0844,1.4826,0.1835,24.6375
514,603866,桃李面包,0.1573,0.1712,1.2992,0.6153,148.135
515,000050,深天马A,0.1572,0.0727,5.7401,0.1229,23.3266
516,600985,淮北矿业,0.157,0.1515,2.6111,0.2351,35.4546
517,002490,山东墨龙,0.1568,0.12,,0.1744,17.7875
518,002293,罗莱生活,0.1567,0.1418,1.3619,0.6435,69.3102
519,002938,鹏鼎控股,0.1564,0.1442,1.423,0.461,46.8403
520,600295,鄂尔多斯,0.1563,0.0737,2.3556,0.1135,15.253
521,002315,焦点科技,0.1557,0.0525,1.023,0.1697,18.4394
522,300532,今天国际,0.1555,0.0642,2.3311,0.1163,12.1848
523,000969,安泰科技,0.1555,0.0802,3.6867,0.1914,19.9892
524,002241,歌尔股份,0.1551,0.1573,4.2618,0.2942,31.0485
525,600497,驰宏锌锗,0.155,0.0811,3.3427,0.1862,25.1659
526,002202,金风科技,0.155,0.0575,2.6589,0.0837,11.9607
527,300639,凯普生物,0.1547,0.087,0.8239,1.0045,106.2273
528,000868,*ST安凯,0.1547,0.0993,10.917,0.1099,12.3727
529,603580,艾艾精工,0.1546,0.0646,0.8439,0.8285,90.8433
530,300738,奥飞数据,0.1546,0.0837,1.3064,0.1449,25.6755
531,601811,新华文轩,0.1543,0.08900000000000001,1.2132,0.2199,23.78
532,600063,皖维高新,0.1542,0.1053,2.5463,0.2347,33.167
533,603992,松霖科技,0.1538,0.1125,1.1417,0.4697,47.5472
534,600171,上海贝岭,0.1537,0.0398,0.5546,0.425,71.4281
535,600062,华润双鹤,0.1535,0.1277,1.3501,0.5537,61.4912
536,603886,元祖股份,0.1535,0.1426,1.3767,0.379,38.536
537,600841,上柴股份,0.1535,0.0831,5.3421,0.1694,17.5766
538,000100,TCL科技,0.1533,0.0697,3.1413,0.1138,26.6853
539,002940,昂利康,0.1529,0.1541,1.6883,0.5793,60.11
540,002940,昂利康,0.1529,0.1541,1.6883,0.5793,60.11
541,603348,文灿股份,0.1527,0.0597,3.3048,0.1411,29.1105
542,000612,焦作万方,0.1527,0.1037,6.8187,0.2694,33.7069
543,300323,华灿光电,0.1524,0.0358,,0.0612,8.6264
544,000541,佛山照明,0.1522,0.0823,1.6743,0.4008,44.9405
545,300073,当升科技,0.1521,0.0757,,0.2981,34.4304
546,300670,大烨智能,0.1519,0.0465,1.7424,0.1779,18.4222
547,300341,麦克奥迪,0.1519,0.1048,1.0738,0.3118,62.6928
548,000807,云铝股份,0.1517,0.0931,6.7569,0.1364,17.9575
549,603955,大千生态,0.1516,0.0416,1.3917,0.0718,10.5162
550,002442,龙星化工,0.1507,0.1588,22.0001,0.2967,30.8198
551,000911,*ST南糖,0.1505,0.1032,30.1732,0.1061,11.9714
552,600673,东阳光,0.1501,0.0839,1.1082,0.1333,19.1665
553,600987,航民股份,0.1499,0.1424,1.1886,0.6035,64.7339
554,300622,博士眼镜,0.1497,0.1468,1.5674,1.0148,104.333
555,300482,万孚生物,0.1495,0.1053,0.7255,0.6409,69.8829
556,002463,沪电股份,0.1493,0.1292,0.8824,0.34299999999999997,39.9691
557,688398,赛特新材,0.149,0.1134,0.8038,0.3001,41.4932
558,000786,北新建材,0.149,0.0925,4.3474,0.2868,31.9808
559,000682,东方电子,0.1487,0.0812,1.7979,0.188,19.5142
560,002129,中环股份,0.1485,0.051,1.9877,0.0877,16.0812
561,002732,燕塘乳业,0.1483,0.1647,1.7153,0.7314,82.3564
562,300669,沪宁股份,0.14800000000000002,0.0899,0.9372,0.8517,92.8708
563,000990,诚志股份,0.1478,0.0425,2.3314,0.1325,22.3882
564,300817,双飞股份,0.1477,0.1257,1.1598,0.6032,63.4399
565,603889,新澳股份,0.1471,0.1293,2.7607,0.5821,59.4908
566,002896,中大力德,0.1471,0.0978,1.8934,0.2576,29.9129
567,603528,多伦科技,0.1469,0.0475,0.6856,0.1961,20.8649
568,002020,京新药业,0.1468,0.0952,1.0256,0.2796,30.238000000000003
569,300129,泰胜风能,0.1457,0.0756,2.1011,0.1656,16.8613
570,300543,朗科智能,0.1453,0.1663,1.9892,0.4382,43.9167
571,300485,赛升药业,0.1449,0.0615,1.1692,1.8304,195.9117
572,600717,天津港,0.1445,0.053,1.8803,0.1433,27.3658
573,600744,华银电力,0.1441,0.0669,60.0091,0.0788,11.7968
574,603669,灵康药业,0.1441,0.1231,1.1687,0.3929,58.7977
575,300707,威唐工业,0.1438,0.0658,1.5775,0.2596,27.5411
576,688123,聚辰股份,0.1437,0.0521,0.7757,0.8423,94.3893
577,688299,长阳科技,0.1436,0.0636,0.9136,0.2948,34.4466
578,000157,中联重科,0.1436,0.0676,1.4548,0.1184,17.9836
579,600600,青岛啤酒,0.1435,0.1076,2.0821,0.2308,30.078000000000003
580,300358,楚天科技,0.1431,0.061,5.7963,0.1318,14.1066
581,002152,广电运通,0.14300000000000002,0.0655,1.0513,0.2172,22.1669
582,601857,中国石油,0.1429,0.1316,5.3665,0.2791,54.3695
583,300463,迈克生物,0.1426,0.0836,0.8123,0.2118,25.2562
584,603027,千禾味业,0.1417,0.0934,0.9684,0.4146,69.7323
585,002258,利尔化学,0.1416,0.0777,1.5255,0.166,26.6138
586,300801,泰和科技,0.1413,0.0905,1.0255,0.835,85.2278
587,603987,康德莱,0.1411,0.068,1.0314,0.2391,28.6685
588,001696,宗申动力,0.1408,0.0937,1.6980000000000002,0.2138,28.7985
589,300552,万集科技,0.1405,0.156,0.5404,0.3439,34.4593
590,601919,中远海控,0.1404,0.0809,2.0486,0.1098,30.1052
591,300582,英飞特,0.1399,0.0814,1.3299,0.2098,25.3906
592,300659,中孚信息,0.1396,0.1129,0.6737,0.4943,51.074
593,600268,国电南自,0.1395,0.0784,3.2135,0.121,12.4752
594,300795,米奥会展,0.1391,0.0897,0.8983,1.0726,138.3819
595,000823,超声电子,0.139,0.1179,1.8607,0.3848,41.4476
596,002683,宏大爆破,0.139,0.106,2.1959,0.2041,22.8696
597,002248,华东数控,0.1388,0.0371,1.6833,0.0433,4.6386
598,002225,濮耐股份,0.1387,0.1003,2.194,0.2099,21.7123
599,688196,卓越新能,0.1383,0.0842,0.8302,3.1059,420.7618
600,002687,乔治白,0.1383,0.0937,1.0845,0.3183,34.0291
601,000025,特力A,0.1382,0.0479,0.3606,0.2574,26.2789
602,002861,瀛通通讯,0.138,0.1103,2.146,0.4589,55.2709
603,603228,景旺电子,0.138,0.099,1.1242,0.2737,28.8301
604,603799,华友钴业,0.1379,0.1117,24.0434,0.1973,23.0085
605,300703,创源文化,0.1375,0.1135,1.0911,0.3133,32.071
606,300389,艾比森,0.1369,0.1333,2.88,0.3098,31.2584
607,002318,久立特材,0.1368,0.1015,1.1962,0.2513,44.3506
608,000338,潍柴动力,0.1367,0.1006,2.0017,0.1427,22.5117
609,300573,兴齐眼药,0.1366,0.0869,2.5103,0.267,33.5105
610,300241,瑞丰光电,0.1358,0.0876,,0.2001,23.6341
611,300655,晶瑞股份,0.1355,0.0787,2.6860000000000004,0.1513,29.4147
612,300522,世名科技,0.1354,0.0709,0.6871,0.7958,84.4759
613,002911,佛燃能源,0.1354,0.1236,1.7073,0.2628,35.6274
614,000915,山大华特,0.1353,0.0773,0.6784,0.4161,47.8561
615,688018,乐鑫科技,0.1351,0.0593,0.6455,0.888,132.5218
616,002436,兴森科技,0.135,0.0987,1.5933,0.2298,35.8927
617,603058,永吉股份,0.1349,0.054000000000000006,0.4521,0.6715,68.9293
618,002374,丽鹏股份,0.1348,0.0263,4.2297,0.046,6.412000000000001
619,300213,佳讯飞鸿,0.1348,0.0572,1.1889,0.16899999999999998,18.2263
620,300271,华宇软件,0.1348,0.0647,0.813,0.3598,36.5468
621,600618,氯碱化工,0.1342,0.1513,1.0721,0.8038,91.6653
622,000999,华润三九,0.1341,0.0981,0.9218,0.273,29.4602
623,603638,艾迪精密,0.134,0.0726,0.5648,0.2925,30.9987
624,002242,九阳股份,0.134,0.1678,1.5551,0.3371,33.8648
625,002557,洽洽食品,0.1336,0.1195,1.0709,0.3685,38.2759
626,002886,沃特股份,0.1329,0.091,2.3361,0.2036,20.7407
627,600819,耀皮玻璃,0.1326,0.0842,2.6921,0.1939,24.5554
628,002223,鱼跃医疗,0.1325,0.0771,0.8065,0.3395,38.9925
629,300729,乐歌股份,0.1322,0.086,2.0587,0.1826,18.3883
630,300136,信维通信,0.132,0.0809,0.6596,0.1878,24.671
631,002847,盐津铺子,0.1318,0.1111,1.4456,0.2095,21.409000000000002
632,000899,赣能股份,0.1308,0.0475,1.4362,0.1367,17.6379
633,603121,华培动力,0.1304,0.0584,0.8428,0.2746,27.5881
634,002028,思源电气,0.1303,0.094,1.4439,0.228,23.1189
635,600997,开滦股份,0.13,0.1066,2.0393,0.2371,30.426
636,002303,美盈森,0.13,0.0607,0.8314,0.2188,24.7023
637,603335,迪生力,0.1298,0.1247,8.4527,0.4401,44.3041
638,688202,美迪西,0.1297,0.0517,0.8509,0.4564,51.1096
639,601801,皖新传媒,0.1294,0.0812,1.9738,0.3327,34.8237
640,002402,和而泰,0.1292,0.1038,1.4717,0.1994,28.7643
641,002205,国统股份,0.1289,0.0304,7.8812,0.0426,6.9318
642,002013,中航机电,0.1286,0.0549,1.4729,0.0991,12.5165
643,002106,莱宝高科,0.1283,0.1157,2.1765,0.4856,56.3033
644,300553,集智股份,0.1281,0.0573,1.2082,0.5337,53.3671
645,600082,海泰发展,0.1279,0.0297,5.7863,0.0719,9.456
646,600183,生益科技,0.1278,0.1089,1.0825,0.2738,32.1946
647,688058,宝兰德,0.1277,0.019,0.3129,0.8426,84.2592
648,300563,神宇股份,0.1275,0.085,1.1205,0.3361,36.8724
649,603977,国泰集团,0.1272,0.0562,1.1736,0.1817,25.8961
650,000822,山东海化,0.1271,0.13,3.5911,0.4947,61.1261
651,600810,神马股份,0.127,0.1189,3.2676,0.1712,19.7495
652,300036,超图软件,0.1268,0.0719,1.0281,0.2346,23.8399
653,603916,苏博特,0.1268,0.0837,1.0919,0.1761,18.5673
654,601168,西部矿业,0.1268,0.087,2.8778,0.1287,21.4516
655,000922,佳电股份,0.1268,0.0747,0.7734,0.1916,22.3876
656,600644,乐山电力,0.1266,0.0744,2.8623,0.1356,22.8299
657,603968,醋化股份,0.1264,0.1366,1.291,0.5537,65.7676
658,300787,海能实业,0.1262,0.0914,1.1731,0.3526,40.5681
659,002232,启明信息,0.1262,0.0993,2.0274,0.2937,33.5975
660,300763,锦浪科技,0.1259,0.1117,1.1334,0.3454,38.4413
661,300227,光韵达,0.1256,0.0567,1.1996,0.1613,23.6419
662,600326,西藏天路,0.1256,0.0616,0.8476,0.1193,17.5402
663,002648,卫星石化,0.1255,0.0754,1.0672,0.156,17.1756
664,002661,克明面业,0.1255,0.0924,1.8423,0.2033,21.3827
665,601369,陕鼓动力,0.1254,0.0443,1.3643,0.0672,7.0573
666,603187,海容冷链,0.1252,0.0858,0.8738,0.2483,24.9755
667,002263,*ST东南,0.125,0.08199999999999999,3.4174,0.7356,100.0652
668,603466,风语筑,0.1245,0.0676,0.9641,0.1221,12.2106
669,002795,永和智控,0.1243,0.0973,1.2221,0.4962,53.3691
670,000002,万科A,0.1242,0.0264,0.8287,0.0313,3.59
671,300650,太龙照明,0.124,0.0833,1.3233,0.2418,31.014
672,603022,新通联,0.1238,0.0996,2.8488,0.3991,44.0071
673,300398,飞凯材料,0.1238,0.0396,0.7142,0.083,10.6126
674,600279,重庆港九,0.1237,0.0479,2.5538,0.1039,23.5498
675,600098,广州发展,0.1231,0.0858,3.782,0.1664,45.2941
676,600929,湖南盐业,0.1226,0.0775,1.7059,0.2831,40.9027
677,002261,拓维信息,0.1225,0.0498,7.097,0.2759,39.4707
678,300253,卫宁健康,0.1223,0.0456,0.5898,0.1927,21.0904
679,688166,博瑞医药,0.1219,0.0432,0.5521,0.5668,56.68
680,002136,安纳达,0.1213,0.1391,3.6131,0.6940000000000001,73.5164
681,300528,幸福蓝海,0.1212,0.1013,,0.2103,21.9368
682,000727,*ST东科,0.121,0.0297,,0.0442,7.5344
683,601010,文峰股份,0.121,0.1099,2.1699,0.395,40.5587
684,000559,万向钱潮,0.1206,0.1061,2.3384,0.19399999999999998,25.3103
685,000031,大悦城,0.1203,0.0222,1.0971,0.0289,4.7915
686,000026,飞亚达,0.1201,0.1183,2.0602,0.402,40.5208
687,002916,深南电路,0.12,0.1033,1.0238,0.175,27.0436
688,300811,铂科新材,0.1199,0.0523,0.5707,0.3215,32.3726
689,603838,四通股份,0.1197,0.0533,1.099,0.3034,95.1666
690,603111,康尼机电,0.1196,0.0866,0.6094,0.1973,20.1356
691,603500,祥和实业,0.1184,0.0414,0.4481,0.6185,63.9819
692,300534,陇神戎发,0.11800000000000001,0.0348,1.8359999999999999,0.3958,42.1777
693,603289,泰瑞机器,0.1173,0.067,0.8204,0.2504,25.245
694,002579,中京电子,0.11699999999999999,0.0734,1.5036,0.1225,16.4491
695,002561,徐家汇,0.11699999999999999,0.0818,0.9886,0.5329,61.0586
696,600794,保税科技,0.1168,0.0776,1.2785,0.3754,38.5308
697,300638,广和通,0.1165,0.1086,1.3121,0.2972,29.8451
698,603801,志邦家居,0.1163,0.1113,1.0454,0.2953,30.8538
699,300121,阳谷华泰,0.1163,0.1098,1.2702,0.5081,52.8121
700,603189,网达软件,0.1163,0.0355,1.0079,0.2124,23.6243
701,600891,*ST秋林,0.1162,0.0275,,0.0128,1.755
702,603569,长久物流,0.1161,0.0901,4.7312,0.1661,22.8499
703,300067,安诺其,0.11599999999999999,0.0642,0.8074,0.4056,41.1705
704,300637,扬帆新材,0.1159,0.054000000000000006,0.5867,0.1827,18.4526
705,600828,茂业商业,0.1158,0.0739,1.0138,0.1249,21.7123
706,300618,寒锐钴业,0.1158,0.0588,15.1557,0.1194,17.64
707,600495,晋西车轴,0.1155,0.0423,2.764,0.2252,25.701999999999998
708,688096,京源环保,0.1153,0.065,0.6163,0.182,21.3132
709,688199,久日新材,0.1153,0.0518,0.6191,0.5042,54.5443
710,002367,康力电梯,0.115,0.0727,1.6803,0.1495,15.5257
711,002254,泰和新材,0.1142,0.0674,1.3524,0.1834,41.6334
712,000552,靖远煤电,0.1142,0.0425,0.8813,0.149,20.1936
713,603183,建研院,0.1141,0.0512,0.8358,0.1913,19.4584
714,603050,科林电气,0.1141,0.068,1.7637,0.1288,15.0506
715,300617,安靠智电,0.1139,0.0345,0.5621,0.1632,18.1577
716,002162,悦心健康,0.1133,0.0565,3.5646,0.098,14.1043
717,603290,斯达半导,0.1133,0.1026,0.6504,0.2904,43.6042
718,002056,横店东磁,0.1132,0.0874,1.0714,0.2353,25.6793
719,002054,德美化工,0.1131,0.0586,1.4262,0.1901,25.6416
720,002054,德美化工,0.1131,0.0586,1.4262,0.1901,25.6416
721,002782,可立克,0.113,0.1054,5.6249,0.3319,41.7356
722,600196,复星医药,0.1127,0.0423,0.8608,0.0873,18.4837
723,600507,方大特钢,0.1127,0.134,1.0116,0.2848,29.1388
724,300612,宣亚国际,0.1124,0.0652,6.0776,0.2572,26.9996
725,600982,宁波热电,0.1123,0.0624,2.5852,0.1574,24.9425
726,002799,环球印务,0.1122,0.1015,1.6457,0.19699999999999998,21.6934
727,600820,隧道股份,0.1118,0.0539,2.2363,0.0727,10.7468
728,002326,永太科技,0.1114,0.0556,1.4664,0.109,12.718
729,002012,凯恩股份,0.1114,0.0697,1.864,0.2927,30.4054
730,002923,润都股份,0.1113,0.114,1.2725,0.3916,51.485
731,002715,登云股份,0.1111,0.0522,9.9938,0.1691,17.3868
732,601717,郑煤机,0.1109,0.096,2.5021,0.1721,23.2222
733,000407,胜利股份,0.1105,0.0908,2.8967,0.1642,19.6189
734,300265,通光线缆,0.1104,0.0646,4.8218,0.1176,15.5308
735,603656,泰禾光电,0.1098,0.0401,0.6978,0.3591,41.0896
736,002979,雷赛智能,0.1096,0.0928,0.6419,0.4472,47.5979
737,603345,安井食品,0.1095,0.1014,1.5443,0.1961,21.0053
738,600549,厦门钨业,0.1095,0.0811,3.3989999999999996,0.1391,17.5457
739,002778,高科石化,0.1094,0.0974,4.8613,0.4789,47.9345
740,600089,特变电工,0.1093,0.0395,1.6906,0.0683,11.5942
741,000708,中信特钢,0.1091,0.1092,1.4708,0.1675,20.9326
742,600481,双良节能,0.1087,0.0713,1.2808,0.1764,17.6889
743,600458,时代新材,0.1086,0.0813,57.7014,0.1165,16.3269
744,300505,川金诺,0.1085,0.0844,1.6775,0.2349,50.8936
745,002373,千方科技,0.1075,0.0578,0.8736,0.1357,14.357000000000001
746,002165,红宝丽,0.1075,0.0671,2.853,0.1142,16.6602
747,002967,广电计量,0.1072,0.0586,1.0029,0.1236,15.3484
748,600366,宁波韵升,0.1068,0.0369,4.6334,0.1583,16.058
749,600135,乐凯胶片,0.1065,0.0767,2.521,0.3066,33.5461
750,000795,英洛华,0.1064,0.0775,1.8214,0.2507,26.8748
751,300194,福安药业,0.1063,0.0624,1.0089,0.396,48.7013
752,002695,煌上煌,0.1062,0.0813,0.9936,0.3949,53.8513
753,300827,上能电气,0.1061,0.0701,1.1674,0.0994,10.3571
754,601865,福莱特,0.1061,0.0543,0.7113,0.1046,11.4546
755,603822,嘉澳环保,0.1055,0.0846,2.0722,0.1762,26.9716
756,600292,远达环保,0.1054,0.0468,3.4265,0.1155,12.7987
757,002803,吉宏股份,0.1054,0.13,0.9159,0.321,34.4709
758,300584,海辰药业,0.1052,0.1119,1.0012,0.452,47.3057
759,300416,苏试试验,0.1052,0.0367,0.8095,0.0629,6.5774
760,300354,东华测试,0.1048,0.0438,0.6122,0.4548,60.9519
761,600420,现代制药,0.1041,0.07200000000000001,1.368,0.1506,19.5652
762,600803,新奥股份,0.10400000000000001,0.0578,1.1897,0.099,17.2052
763,300818,耐普矿机,0.1039,0.0592,0.5215,0.3808,38.7561
764,601992,金隅集团,0.1037,0.0338,1.8388,0.0477,7.4559
765,603158,腾龙股份,0.1035,0.0436,0.7884,0.09,9.7204
766,002725,跃岭股份,0.1033,0.065,2.2213,0.4264,44.7236
767,603712,七一二,0.1033,0.0405,0.6407,0.0761,7.7774
768,002292,奥飞娱乐,0.10300000000000001,0.045,2.6992,0.1306,13.5546
769,688357,建龙微纳,0.1025,0.036000000000000004,0.4838,0.1457,17.4052
770,603617,君禾股份,0.1025,0.0756,0.9187,0.2148,21.5093
771,603659,璞泰来,0.1022,0.0603,0.7222,0.1093,11.7482
772,603700,宁水集团,0.1019,0.0822,0.6579999999999999,0.3074,31.3011
773,300826,测绘股份,0.1013,0.0447,0.5904,0.0846,8.6194
774,300296,利亚德,0.1009,0.0594,1.29,0.131,15.5394
775,000932,华菱钢铁,0.1006,0.1299,1.6192,0.2137,22.7443
776,601003,柳钢股份,0.1005,0.1847,2.0817,0.3235,35.5226
777,600808,马钢股份,0.1005,0.0911,4.5895,0.1418,15.7079
778,002163,中航三鑫,0.0999,0.1017,6.1197,0.1259,12.9557
779,603733,仙鹤股份,0.0998,0.0618,1.0368,0.1289,20.1922
780,002678,珠江钢琴,0.0994,0.0456,1.0904,0.1952,22.3398
781,002097,山河智能,0.0993,0.047,1.4254,0.0692,8.9857
782,603477,振静股份,0.0989,0.0386,1.3849,0.1006,10.1029
783,002139,拓邦股份,0.0987,0.079,1.1874,0.1627,22.8635
784,600315,上海家化,0.0986,0.0672,1.344,0.154,26.1345
785,601766,中国中车,0.0984,0.0587,1.6298,0.1002,11.255999999999998
786,600321,ST正源,0.0984,0.0392,6.3291,0.1715,17.1938
787,300705,九典制药,0.0982,0.0846,1.6479,0.2925,45.2474
788,002324,普利特,0.0981,0.0907,2.1528,0.23600000000000002,24.3024
789,603320,迪贝电气,0.098,0.0625,1.6526,0.1724,37.2317
790,600466,蓝光发展,0.0978,0.019,0.9217,0.0236,3.0765
791,300726,宏达电子,0.0978,0.0418,0.2672,0.4666,53.5837
792,000060,中金岭南,0.0974,0.1093,2.5492,0.248,35.4438
793,603899,晨光文具,0.0971,0.14300000000000002,1.0054,0.3485,36.1229
794,300310,宜通世纪,0.0971,0.0947,8.7753,0.2993,30.0373
795,300275,梅安森,0.09699999999999999,0.0345,1.1551,0.10300000000000001,11.4387
796,600877,*ST电能,0.09699999999999999,0.0653,0.4103,0.1847,18.4825
797,600190,锦州港,0.09699999999999999,0.0393,3.966,0.0625,10.3765
798,600789,鲁抗医药,0.0969,0.051,2.8098,0.0924,11.304
799,600386,北巴传媒,0.0966,0.1018,4.8725,0.1635,31.4626
800,600488,天药股份,0.0958,0.0529,1.5249,0.1648,17.3923
801,002538,司尔特,0.0952,0.0515,1.1459,0.1727,30.811
802,300231,银信科技,0.0952,0.0584,1.0864,0.1152,11.7369
803,300115,长盈精密,0.0951,0.0853,6.9435,0.1592,17.1766
804,300218,安利股份,0.0949,0.0786,2.2091,0.1781,23.9295
805,000898,鞍钢股份,0.0949,0.1141,5.6932,0.2842,34.1502
806,300428,四通新材,0.0942,0.0883,1.3798,0.2016,26.0332
807,300579,数字认证,0.0942,0.0568,0.7591,0.1177,12.0215
808,300322,硕贝德,0.0941,0.0913,1.7046,0.1497,15.9221
809,300746,汉嘉设计,0.0938,0.0457,1.1946,0.0939,19.2301
810,002727,一心堂,0.0938,0.1234,1.6292,0.292,34.7756
811,000550,江铃汽车,0.0938,0.1126,18.5159,0.1983,20.3874
812,603939,益丰药房,0.0937,0.105,1.5819999999999999,0.2157,25.8585
813,300201,海伦哲,0.0936,0.0472,4.7,0.0898,9.7317
814,300397,天和防务,0.0935,0.0452,0.5536,0.1534,16.1967
815,002167,东方锆业,0.0935,0.0199,,0.031,3.2092
816,002453,华软科技,0.0933,0.1345,,0.2158,25.9107
817,600731,湖南海利,0.0933,0.0831,1.8111,0.17600000000000002,23.5568
818,603823,百合花,0.0931,0.0663,0.72,0.1871,20.3588
819,000590,启迪古汉,0.0927,0.0345,0.6882,0.1301,18.977
820,688168,安博通,0.0922,0.0215,0.314,0.3568,36.0067
821,000507,珠海港,0.0919,0.033,1.2361,0.0849,14.095
822,000698,沈阳化工,0.0915,0.1136,,0.1958,21.7301
823,300320,海达股份,0.0913,0.07200000000000001,0.8921,0.1834,20.7055
824,300385,雪浪环境,0.0913,0.0341,1.1348,0.0571,7.6765
825,002398,垒知集团,0.0908,0.0693,0.7402,0.1988,20.3211
826,600282,南钢股份,0.0906,0.0997,1.2923,0.2005,22.4928
827,300375,鹏翎股份,0.0905,0.0486,0.998,0.1953,28.5448
828,002029,七匹狼,0.0904,0.0355,0.9268,0.1032,10.6195
829,002548,金新农,0.0904,0.0522,1.1981,0.10300000000000001,11.9569
830,603678,火炬电子,0.0903,0.0526,0.6003,0.1879,21.5446
831,600650,锦江投资,0.0903,0.0469,0.7356,0.235,34.4771
832,603078,江化微,0.0902,0.0328,1.3435,0.079,13.1257
833,002302,西部建设,0.0901,0.092,2.8136,0.1562,16.5648
834,603696,安记食品,0.09,0.0595,0.8857,0.8223,82.9517
835,002179,中航光电,0.0897,0.0543,0.7068,0.1284,13.695
836,002497,雅化集团,0.0895,0.0548,3.7286,0.1388,31.0744
837,600088,中视传媒,0.0892,0.0468,0.7999,0.2172,21.7164
838,603725,天安新材,0.0891,0.0626,14.5752,0.1801,18.5122
839,603901,永创智能,0.08900000000000001,0.0469,1.6422,0.0794,10.1017
840,603013,亚普股份,0.0887,0.1191,1.9391,0.2338,28.6955
841,300640,德艺文创,0.0886,0.134,1.2159,0.7396,80.5071
842,600372,中航电子,0.0881,0.0324,1.2714,0.0508,6.475
843,600097,开创国际,0.08800000000000001,0.0756,1.0672,0.2572,53.4507
844,603713,密尔克卫,0.0879,0.0827,1.0833,0.1944,29.2604
845,600968,海油发展,0.0876,0.0987,2.25,0.2737,29.3929
846,000551,创元科技,0.0873,0.0609,1.4384,0.126,13.4237
847,603536,惠发食品,0.0873,0.0862,21.0273,0.1836,21.1602
848,000790,华神科技,0.0872,0.0571,1.0551,0.2523,26.6838
849,002521,齐峰新材,0.0867,0.0649,2.1227,0.32799999999999996,33.4635
850,000049,德赛电池,0.0865,0.1818,2.3805,0.2699,29.7729
851,603018,中设集团,0.0862,0.0501,0.7587,0.0786,7.8784
852,601608,中信重工,0.086,0.0217,3.2914,0.034,3.9471
853,300697,电工合金,0.0855,0.1301,1.2443,0.4114,41.2496
854,300030,阳普医疗,0.0855,0.0326,1.8809,0.0735,8.5653
855,600277,亿利洁能,0.0853,0.0306,0.958,0.0655,7.9951
856,600433,冠豪高新,0.0853,0.0561,1.3262,0.1735,17.4006
857,300686,智动力,0.0853,0.0829,0.9181,0.1545,17.4975
858,300616,尚品宅配,0.0852,0.1012,1.1708,0.23800000000000002,24.3443
859,002350,北京科锐,0.0852,0.061,2.0877,0.1461,14.765
860,002471,中超控股,0.0852,0.0983,,0.1346,15.2076
861,300383,光环新网,0.085,0.0493,0.7573,0.1551,30.623
862,600963,岳阳林纸,0.0848,0.0387,1.9226,0.0829,10.4837
863,002438,江苏神通,0.0846,0.034,0.6631,0.0822,8.7438
864,600761,安徽合力,0.0843,0.1076,1.0987,0.33399999999999996,35.2304
865,600833,第一医药,0.0841,0.086,1.9703,0.21600000000000003,24.7736
866,300596,利安隆,0.0839,0.0527,0.632,0.1369,17.0306
867,601727,上海电气,0.0829,0.0374,1.8073,0.0556,6.4032
868,002300,太阳电缆,0.0826,0.146,2.7844,0.2425,25.8389
869,002921,联诚精密,0.0825,0.0491,1.3512,0.1111,13.0682
870,002396,星网锐捷,0.0824,0.0997,0.8933,0.2712,27.6985
871,600655,豫园股份,0.0824,0.0355,0.9048,0.0561,7.9989
872,002863,今飞凯达,0.0822,0.0543,4.0757,0.0711,8.9172
873,000063,中兴通讯,0.0821,0.0527,1.2891,0.0721,8.6216
874,600463,空港股份,0.08199999999999999,0.0319,,0.0595,6.1552
875,002927,泰永长征,0.08199999999999999,0.0442,0.599,0.1809,19.5712
876,000702,正虹科技,0.08199999999999999,0.1356,6.0007,0.7678,86.2047
877,300436,广生堂,0.0819,0.0379,2.7007,0.1062,14.6152
878,000404,长虹华意,0.0816,0.0763,7.8234,0.1307,14.0402
879,002352,顺丰控股,0.0813,0.0986,1.6216,0.1823,29.4405
880,002541,鸿路钢构,0.081,0.0683,1.558,0.1115,12.4253
881,688009,中国通号,0.081,0.0346,0.8071,0.0615,6.5136
882,600182,S佳通,0.0807,0.0816,1.3737,0.1829,27.8878
883,000779,甘咨询,0.0802,0.0503,0.5667,0.1084,12.2426
884,300019,硅宝科技,0.0802,0.0712,0.6205,0.3214,36.3577
885,002362,汉王科技,0.0798,0.0678,2.0704,0.2568,25.7939
886,600119,*ST长投,0.0795,0.0476,0.7632,0.067,7.6316
887,002825,纳尔股份,0.0793,0.0745,1.7671,0.2644,26.6195
888,000546,金圆股份,0.0785,0.0701,1.1085,0.151,17.9759
889,603663,三祥新材,0.0785,0.0577,0.5556,0.1282,17.2792
890,601899,紫金矿业,0.0784,0.0861,2.1074,0.1598,31.9685
891,603365,水星家纺,0.0784,0.0832,0.746,0.4326,44.776
892,600523,贵航股份,0.0779,0.0543,1.176,0.3705,38.2499
893,300496,中科创达,0.0778,0.0503,0.5999,0.1653,17.923
894,000521,长虹美菱,0.0776,0.0905,29.531999999999996,0.1414,15.445
895,002049,紫光国微,0.0775,0.0392,0.6639,0.1025,16.4328
896,600332,白云山,0.0773,0.0883,1.4594,0.1625,17.0963
897,300202,聚龙股份,0.0772,0.0237,1.1899,0.0946,10.5062
898,603897,长城科技,0.0766,0.1314,2.444,0.3891,92.5084
899,603686,龙马环卫,0.0764,0.0712,1.0883,0.1708,17.4043
900,000710,贝瑞基因,0.0761,0.0401,0.3179,0.1705,27.363000000000003
901,000800,一汽轿车,0.0758,0.1068,54.8148,0.1818,19.3202
902,000988,华工科技,0.0757,0.043,0.8340000000000001,0.1229,13.0631
903,603605,珀莱雅,0.0755,0.0792,0.6441,0.2595,26.9877
904,002419,天虹股份,0.0752,0.0877,1.6949,0.1507,15.2984
905,002025,航天电器,0.0751,0.0474,0.5786,0.1384,14.7631
906,603353,和顺石油,0.0751,0.1432,0.9011,0.4408,44.0767
907,600249,两面针,0.0748,0.033,,0.1407,15.5346
908,300034,钢研高纳,0.0746,0.0339,0.5543,0.1075,11.9442
909,688021,奥福环保,0.0745,0.0187,0.3866,0.0842,9.3765
910,600814,杭州解百,0.0743,0.0827,1.018,0.2184,21.9729
911,000014,沙河股份,0.0741,0.0165,1.0111,0.032,3.3271
912,002262,恩华药业,0.0737,0.0728,0.4657,0.5128,59.3068
913,000895,双汇发展,0.0733,0.1545,0.7807,0.3841,39.204
914,002140,东华科技,0.0731,0.0495,1.8383,0.0747,8.6249
915,600587,新华医疗,0.07200000000000001,0.0544,0.7335,0.0912,10.1746
916,603278,大业股份,0.07200000000000001,0.0484,1.2915,0.0834,10.8167
917,600860,*ST京城,0.0719,0.0514,,0.0886,10.9743
918,600469,风神股份,0.0718,0.0587,2.0579,0.0826,10.0431
919,603303,得邦照明,0.0717,0.07400000000000001,0.9778,0.2096,20.9657
920,002149,西部材料,0.0716,0.0324,1.2284,0.0625,7.5387
921,300658,延江股份,0.0715,0.0485,0.9119,0.109,12.222000000000001
922,000717,韶钢松山,0.0711,0.1206,1.1356,0.2258,23.7069
923,000538,云南白药,0.071,0.0424,0.5044,0.1821,21.8912
924,603927,中科软,0.0708,0.0759,1.0090000000000001,0.1254,12.6196
925,600329,中新药业,0.0708,0.0632,0.7799,0.2136,22.969
926,000733,振华科技,0.0707,0.0296,0.8788,0.0767,13.1008
927,603385,惠达卫浴,0.0706,0.0475,0.6549,0.1857,21.3655
928,300130,新国都,0.0706,0.0634,0.88,0.2326,38.0259
929,002756,永兴材料,0.0703,0.076,1.0144,0.3182,44.4421
930,300690,双一科技,0.0701,0.045,0.3825,0.2216,22.4049
931,603337,杰克股份,0.0697,0.0602,0.8227,0.1729,20.795
932,002011,盾安环境,0.0696,0.0729,27.605,0.0977,14.1952
933,600528,中铁工业,0.0692,0.0366,0.8703,0.0713,7.4684
934,603989,艾华集团,0.0691,0.0407,0.4632,0.1036,17.1078
935,300152,科融环境,0.0688,0.0198,2.7812,0.0388,5.0224
936,000059,华锦股份,0.0688,0.0928,2.5963,0.179,30.1079
937,002838,道恩股份,0.0687,0.098,1.0571,0.2458,27.9501
938,688012,中微公司,0.0685,0.0279,0.7067,0.1303,14.8724
939,603677,奇精机械,0.0684,0.0642,1.493,0.1626,26.6653
940,002853,皮阿诺,0.0684,0.0502,0.5828,0.1323,14.775
941,603806,福斯特,0.0682,0.0524,0.4554,0.2449,50.4846
942,300674,宇信科技,0.0681,0.0454,0.6606,0.0874,10.8487
943,603363,傲农生物,0.0681,0.0801,3.9276,0.1083,11.6539
944,300806,斯迪克,0.0679,0.0466,0.8763,0.0964,11.6531
945,300825,阿尔特,0.0679,0.0379,0.5026,0.1301,15.9385
946,600812,华北制药,0.0674,0.0395,4.9558,0.0567,7.2712
947,603217,元利科技,0.0671,0.0313,0.5746,0.226,23.7902
948,300011,鼎汉技术,0.0671,0.0296,2.8169,0.0643,8.0892
949,600741,华域汽车,0.067,0.0694,1.1339,0.1201,13.8207
950,300204,舒泰神,0.067,0.0238,1.6243,0.1952,24.8593
951,603737,三棵树,0.067,0.0705,0.9432,0.1042,11.3291
952,601118,海南橡胶,0.067,0.0549,7.9669,0.1363,15.8572
953,600547,山东黄金,0.0667,0.0719,2.9408,0.1293,16.8054
954,600071,凤凰光学,0.0663,0.0499,,0.0808,10.8654
955,002829,星网宇达,0.0662,0.0178,1.8261,0.0513,6.8794
956,601600,中国铝业,0.0662,0.0619,8.4517,0.095,18.1826
957,000520,长航凤凰,0.0659,0.0839,1.6246,0.2445,28.0657
958,000920,南方汇通,0.0655,0.0341,0.6887,0.0806,16.3287
959,000951,中国重汽,0.0653,0.1085,1.6361,0.1613,16.3238
960,601086,国芳集团,0.0652,0.0652,1.569,0.1894,22.8071
961,601231,环旭电子,0.0652,0.1107,1.9251,0.209,22.3427
962,002981,朝阳科技,0.0651,0.0714,0.6485,0.1732,17.3401
963,603997,继峰股份,0.065,0.0666,3.2337,0.0925,16.615
964,603326,我乐家居,0.0647,0.0553,0.5593,0.1419,16.3293
965,002890,弘宇股份,0.0645,0.0284,2.1277,0.1812,19.2965
966,000096,广聚能源,0.0643,0.0354,0.8094,0.496,69.4927
967,002949,华阳国际,0.0637,0.0405,0.5124,0.1084,10.9205
968,002845,同兴达,0.0636,0.0615,3.5899,0.0803,8.2318
969,600022,山东钢铁,0.0635,0.0649,4.9848,0.1147,15.8942
970,000652,泰达股份,0.0633,0.0373,3.846,0.0451,5.3579
971,000680,山推股份,0.0628,0.045,6.4959,0.0771,8.0005
972,002456,欧菲光,0.0627,0.0803,6.3107,0.1101,12.7241
973,603609,禾丰牧业,0.0625,0.1215,0.7423,0.4194,45.6946
974,000756,新华制药,0.0621,0.0541,1.0779,0.1047,14.012
975,603192,汇得科技,0.0621,0.0523,0.6765,0.1784,17.9353
976,603186,华正新材,0.0619,0.052000000000000005,1.2224,0.0756,8.5027
977,603813,原尚股份,0.0612,0.0748,0.9124,0.3658,36.6662
978,002236,大华股份,0.0612,0.0541,0.5064,0.1178,12.7729
979,300046,台基股份,0.0603,0.0198,,0.08199999999999999,8.3
980,002155,湖南黄金,0.0601,0.1222,5.3375,0.4705,52.6353
981,002878,元隆雅图,0.0598,0.071,0.7062,0.1606,16.1104
982,603113,金能科技,0.0598,0.0562,0.6392,0.17600000000000002,37.3284
983,300520,科大国创,0.0597,0.0346,0.7446,0.0839,9.7782
984,001914,招商积余,0.0591,0.0217,1.3307,0.0422,8.6714
985,603501,韦尔股份,0.0591,0.0461,1.1419,0.0846,10.5888
986,000818,航锦科技,0.0583,0.0494,0.7042,0.1298,13.162
987,600756,浪潮软件,0.0583,0.0239,3.1343,0.076,7.6633
988,600619,海立股份,0.0578,0.0503,1.9277,0.0829,9.296
989,000715,中兴商业,0.0577,0.068,1.011,0.1916,24.156
990,300244,迪安诊断,0.0572,0.0449,0.8395,0.0861,11.2937
991,600379,宝光股份,0.0572,0.0642,1.2086,0.1869,21.9344
992,002735,王子新材,0.0569,0.0627,1.1106,0.16399999999999998,17.3063
993,600858,银座股份,0.0566,0.0633,18.472,0.0898,9.6258
994,002891,中宠股份,0.0564,0.057,1.0846,0.1285,16.8382
995,600104,上汽集团,0.055999999999999994,0.0545,1.3112,0.0844,9.9982
996,000949,新乡化纤,0.0557,0.0329,2.0626,0.0615,12.2848
997,603948,建业股份,0.0555,0.084,0.6523,0.3309,51.4881
998,000985,大庆华科,0.0554,0.1611,2.6686,0.7327,103.125
999,300142,沃森生物,0.0553,0.0088,0.3195,0.0459,5.6976
1000,603856,东宏股份,0.0553,0.0487,0.5053,0.2651,33.4688
1001,002182,云海金属,0.0552,0.06,0.3373,0.1257,13.4763
1002,600068,葛洲坝,0.0552,0.0259,0.9249,0.0361,5.3974
1003,002882,金龙羽,0.0549,0.0876,0.7532,0.3772,38.4465
1004,300120,经纬辉开,0.0548,0.0348,0.9792,0.1119,12.933
1005,300451,创业慧康,0.0542,0.0223,0.2515,0.0831,8.3714
1006,000876,新希望,0.0541,0.0691,0.7179,0.1406,16.9374
1007,000921,海信家电,0.0535,0.059000000000000004,1.0281,0.0932,9.6233
1008,603225,新凤鸣,0.0534,0.0797,1.3468,0.1623,25.8017
1009,603126,中材节能,0.0534,0.0315,0.857,0.0658,7.0678
1010,600496,精工钢构,0.0533,0.0397,1.3651,0.0644,6.6684
1011,603090,宏盛股份,0.0532,0.0348,0.8021,0.1092,11.1972
1012,002199,东晶电子,0.0532,0.0233,0.7569,0.132,15.2686
1013,300342,天银机电,0.0531,0.027000000000000003,0.3532,0.1187,12.2732
1014,600422,昆药集团,0.0529,0.0578,0.9182,0.1385,15.4625
1015,603613,国联股份,0.0528,0.1704,2.0349,0.3474,34.7754
1016,601886,江河集团,0.0527,0.0346,1.8358,0.0508,5.3034
1017,603214,爱婴室,0.0525,0.078,0.7596,0.2231,22.3587
1018,600320,振华重工,0.0525,0.0173,2.5954,0.0231,2.9141
1019,603181,皇马科技,0.052000000000000005,0.0425,0.3844,0.1365,36.1721
1020,601618,中国中冶,0.0519,0.0383,2.32,0.0515,5.7459
1021,600028,中国石化,0.0517,0.0874,2.1272,0.1747,26.6181
1022,300414,中光防雷,0.0515,0.0204,0.4473,0.1557,17.278
1023,600558,大西洋,0.0515,0.0476,1.6753,0.1769,19.057000000000002
1024,002465,海格通信,0.0513,0.0181,0.4231,0.0779,10.4367
1025,601015,陕西黑猫,0.0512,0.0326,7.0083,0.0654,7.0737
1026,000880,潍柴重机,0.0511,0.0319,1.6244,0.0486,5.2397
1027,600688,上海石化,0.051,0.1122,2.3015,0.3279,33.0835
1028,600739,辽宁成大,0.0496,0.0224,0.6609,0.054000000000000006,8.5427
1029,000529,广弘控股,0.0494,0.0581,0.5203,0.1924,26.4501
1030,603887,城地股份,0.0493,0.0227,0.4353,0.0476,5.2575
1031,600477,杭萧钢构,0.0492,0.0372,0.6802,0.0639,6.4499
1032,000960,锡业股份,0.049,0.0598,1.8942,0.0995,12.1433
1033,600577,精达股份,0.049,0.0942,1.1017,0.2764,28.7374
1034,600038,中直股份,0.0488,0.0292,1.3089,0.0431,4.4838
1035,002968,新大正,0.0486,0.0515,0.4875,0.2131,22.0906
1036,688011,新光光电,0.0486,0.0071,0.1538,0.1187,14.6295
1037,002742,三圣股份,0.0486,0.0308,1.0655,0.0481,5.0794
1038,000062,深圳华强,0.0484,0.0612,0.9684,0.1232,13.6323
1039,002084,海鸥住工,0.0483,0.0411,0.9211,0.095,12.4724
1040,601186,中国铁建,0.0482,0.037000000000000005,1.7683,0.0488,5.8065
1041,002798,帝欧家居,0.0482,0.0384,0.4817,0.08,9.1936
1042,300647,超频三,0.0481,0.0199,1.4049,0.0394,4.5811
1043,002909,集泰股份,0.0481,0.0489,0.5701,0.1036,12.2138
1044,002484,江海股份,0.048,0.0226,0.3828,0.1127,12.1106
1045,000619,海螺型材,0.0476,0.0425,15.4829,0.1258,13.9286
1046,002057,中钢天源,0.0476,0.0309,0.478,0.0949,12.5498
1047,603967,中创物流,0.0475,0.0842,0.9499,0.3617,37.1304
1048,300057,万顺新材,0.0472,0.0304,1.705,0.0605,6.9663
1049,002885,京泉华,0.0472,0.0409,1.2542,0.0829,9.8596
1050,600126,杭钢股份,0.0467,0.0474,1.3374,0.1741,19.302
1051,002404,嘉欣丝绸,0.0461,0.0524,0.9325,0.1344,14.3048
1052,002110,三钢闽光,0.046,0.0703,0.5676,0.1906,20.6852
1053,603933,睿能科技,0.0454,0.0471,2.4137,0.1772,17.7739
1054,600125,铁龙物流,0.0453,0.075,1.6339,0.1903,23.4542
1055,000905,厦门港务,0.0451,0.0653,3.4088,0.1198,16.5766
1056,300798,锦鸡股份,0.0449,0.0334,0.5234,0.1754,18.5098
1057,300223,北京君正,0.0447,0.0116,0.2589,0.2049,30.3664
1058,601996,丰林集团,0.0444,0.0217,0.5172,0.07400000000000001,11.2454
1059,600479,千金药业,0.0441,0.0408,0.4416,0.1315,14.1221
1060,002239,奥特佳,0.0439,0.0172,1.3871,0.0487,5.2492
1061,002186,全聚德,0.0437,0.0343,1.7453,0.1618,16.5494
1062,000597,东北制药,0.0429,0.0281,2.0688,0.0409,4.4637
1063,600888,新疆众和,0.0428,0.0174,1.4323,0.0284,4.3373
1064,601598,中国外运,0.0428,0.0536,1.1343,0.1049,16.069000000000003
1065,600138,中青旅,0.0424,0.0363,0.6552,0.0796,9.5788
1066,002066,瑞泰科技,0.042,0.0429,1.7369,0.0586,6.1283
1067,688051,佳华科技,0.0413,0.0234,0.1783,0.0501,7.3237
1068,000859,国风塑业,0.0412,0.0258,0.7742,0.1085,16.6907
1069,000039,中集集团,0.0412,0.0206,1.4097,0.0302,5.0155
1070,688178,万德斯,0.0412,0.0321,0.2559,0.0733,8.1669
1071,603331,百达精工,0.040999999999999995,0.0232,0.4719,0.0526,6.3604
1072,002441,众业达,0.0405,0.0749,1.8659,0.2845,28.7575
1073,600416,*ST湘电,0.0401,0.0123,,0.0151,1.5923
1074,000505,京粮控股,0.04,0.0568,1.6646,0.1327,14.0923
1075,600511,国药股份,0.0398,0.0734,0.9445,0.1476,15.3066
1076,002375,亚厦股份,0.0397,0.0198,0.9690000000000001,0.0321,3.2346
1077,603879,永悦科技,0.0395,0.0291,0.6978,0.3783,38.13
1078,600235,民丰特纸,0.0389,0.025,4.2498,0.0622,6.2476
1079,601069,西部黄金,0.0388,0.0567,3.6494,0.1607,19.4345
1080,601069,西部黄金,0.0388,0.0567,3.6494,0.1607,19.4345
1081,002771,真视通,0.0386,0.0243,0.8772,0.0576,5.8497
1082,600228,ST昌九,0.0386,0.0663,8.8661,0.1342,18.3255
1083,600628,新世界,0.038,0.0096,1.6889,0.0279,2.9461
1084,300752,隆利科技,0.0377,0.0337,0.7515,0.0589,6.0088
1085,603042,华脉科技,0.0373,0.0192,1.5344,0.0327,4.6122
1086,300706,阿石创,0.0372,0.0166,0.805,0.0438,4.5556
1087,002134,天津普林,0.0366,0.0263,1.2076,0.0805,8.5986
1088,000705,浙江震元,0.0365,0.0457,0.5529,0.135,15.610999999999999
1089,002183,怡亚通,0.0364,0.0624,134.958,0.0781,8.7836
1090,002917,金奥博,0.0363,0.0184,0.231,0.136,18.0748
1091,300691,联合光电,0.0362,0.0271,0.6052,0.0605,6.2867
1092,300224,正海磁材,0.0362,0.018000000000000002,0.7425,0.0679,7.3545
1093,603496,恒为科技,0.036000000000000004,0.0162,0.2532,0.0949,9.839
1094,002135,东南网架,0.0357,0.027999999999999997,1.2079,0.0455,4.7189
1095,002922,伊戈尔,0.0354,0.0323,0.8111,0.0937,9.6068
1096,601068,中铝国际,0.0353,0.0196,4.9252,0.027000000000000003,3.1143
1097,002697,红旗连锁,0.0352,0.054000000000000006,0.5341,0.1345,13.583
1098,002329,皇氏集团,0.0352,0.016,0.9233,0.0319,4.3259
1099,002965,祥鑫科技,0.0351,0.0238,0.3708,0.0767,7.7342
1100,600663,陆家嘴,0.035,0.0057,0.1041,0.0083,1.2547
1101,002758,华通医药,0.0349,0.0376,2.9757,0.0657,8.5724
1102,600693,东百集团,0.0348,0.0162,0.4334,0.0238,4.692
1103,002552,宝鼎科技,0.0344,0.0161,0.2089,0.1804,21.8035
1104,600130,波导股份,0.0344,0.0178,0.6616,0.1371,14.3068
1105,600362,江西铜业,0.0343,0.0612,3.7883,0.1088,12.0677
1106,002533,金杯电工,0.0341,0.0432,0.9417,0.0998,10.4532
1107,000912,泸天化,0.034,0.0276,0.6665,0.1077,26.1894
1108,002452,长高集团,0.0338,0.0133,0.278,0.0233,2.7983
1109,603516,淳中科技,0.0338,0.0133,0.1099,0.11599999999999999,11.8524
1110,002046,轴研科技,0.0337,0.0152,1.2803,0.0397,4.6505
1111,002353,杰瑞股份,0.0337,0.0141,0.1675,0.036000000000000004,3.7683
1112,300621,维业股份,0.0337,0.0308,0.9724,0.0484,4.8555
1113,300644,南京聚隆,0.0335,0.0309,1.0928,0.0956,10.0227
1114,603938,三孚股份,0.0335,0.0302,0.3614,0.3215,47.5263
1115,600222,太龙药业,0.0333,0.016,0.9719,0.0306,4.8966
1116,600976,健民集团,0.0333,0.0386,0.8037,0.1033,10.6609
1117,000656,金科股份,0.033,0.006999999999999999,0.3522,0.0083,1.114
1118,601607,上海医药,0.0323,0.044000000000000004,1.2467,0.0687,8.0721
1119,688189,南新制药,0.0321,0.0398,0.33399999999999996,0.0706,9.5563
1120,002312,三泰控股,0.0319,0.0078,0.7226,0.0132,1.6769999999999998
1121,300242,佳云科技,0.0319,0.0725,10.439,0.1269,12.7151
1122,600103,青山纸业,0.0315,0.0152,0.58,0.0501,5.7471
1123,000833,粤桂股份,0.0313,0.025,1.9395,0.0684,7.5675
1124,300105,龙源技术,0.031,0.0071,1.1633,0.0585,6.2344
1125,603386,广东骏亚,0.0309,0.0168,1.317,0.0268,2.9981
1126,603322,超讯通信,0.0308,0.0175,,0.0242,2.7294
1127,300657,弘信电子,0.0303,0.0213,0.435,0.0371,4.1731
1128,300479,神思电子,0.03,0.0151,0.40700000000000003,0.0544,6.0388
1129,002146,荣盛发展,0.0299,0.0083,0.2211,0.0101,1.1937
1130,603336,宏辉果蔬,0.0297,0.0234,0.32,0.1214,12.4756
1131,002333,*ST罗普,0.028999999999999998,0.0151,0.5067,0.2226,23.4927
1132,000555,神州信息,0.0286,0.027000000000000003,0.76,0.0534,5.4185
1133,300721,怡达股份,0.027999999999999997,0.0154,4.2324,0.0319,4.0025
1134,000420,吉林化纤,0.0279,0.0088,0.7497,0.0137,1.5984
1135,603128,华贸物流,0.0275,0.044000000000000004,0.7517,0.1263,14.3111
1136,000565,渝三峡A,0.0272,0.0084,0.1984,0.0318,5.0858
1137,600713,南京医药,0.027000000000000003,0.0457,2.3264,0.0575,5.8634
1138,000819,岳阳兴长,0.0266,0.0485,0.7936,0.37799999999999995,39.8983
1139,600880,博瑞传播,0.0262,0.0031,0.1445,0.0342,5.0331
1140,601390,中国中铁,0.0262,0.021,0.8747,0.0274,3.2835
1141,002187,广百股份,0.0261,0.0487,1.8201,0.1373,14.1834
1142,300005,探路者,0.0254,0.0132,0.363,0.0843,8.4261
1143,300748,金力永磁,0.0252,0.0152,0.2736,0.0286,4.9105
1144,603993,洛阳钼业,0.0248,0.0146,0.9654,0.0253,4.9308
1145,002469,三维工程,0.0247,0.0094,0.1968,0.0495,4.9452
1146,600787,中储股份,0.0246,0.0487,4.294,0.1135,16.0395
1147,603995,甬金股份,0.0245,0.0749,1.0022,0.1918,23.3463
1148,600331,宏达股份,0.0244,0.0133,0.7377,0.0263,2.6558
1149,002883,中设股份,0.024,0.0126,0.1154,0.0734,7.3457
1150,600272,开开实业,0.0238,0.0199,0.9563,0.0398,7.0215
1151,600748,上实发展,0.0238,0.0053,0.2303,0.0076,1.035
1152,600058,五矿发展,0.0234,0.0704,8.5503,0.1045,10.7802
1153,600571,信雅达,0.0232,0.0184,0.6841,0.0559,6.0419
1154,600785,新华百货,0.0229,0.028999999999999998,1.1271,0.0461,4.9533
1155,002075,沙钢股份,0.0226,0.0264,0.3167,0.0761,7.9098
1156,300165,天瑞仪器,0.0216,0.0091,0.5899,0.0421,4.3963
1157,603068,博通集成,0.0214,0.0157,0.0997,0.0748,7.6094
1158,300237,美晨生态,0.0212,0.0059,0.7756,0.0092,1.163
1159,601116,三江购物,0.02,0.0174,0.495,0.0573,5.7606
1160,603878,武进不锈,0.0199,0.0148,0.1468,0.061,6.5673
1161,000090,天健集团,0.0199,0.0073,0.237,0.0095,1.2764
1162,600871,石化油服,0.0197,0.0222,1.5062,0.0249,2.6303
1163,002564,天沃科技,0.0193,0.0065,1.4986,0.0076,0.9192
1164,002181,粤传媒,0.0191,0.0029,0.1555,0.0255,4.0017
1165,600879,航天电子,0.0189,0.0089,0.5172,0.016,1.624
1166,002237,恒邦股份,0.0181,0.032,1.7774,0.0449,4.7284
1167,600310,桂东电力,0.018000000000000002,0.0297,2.4925,0.0354,5.2557
1168,300240,飞力达,0.0178,0.0224,1.1426,0.0474,4.8803
1169,600839,四川长虹,0.0176,0.0212,4.6827,0.0296,3.1586
1170,000034,神州数码,0.0173,0.051,2.1373,0.0599,6.6618
1171,000878,云南铜业,0.0169,0.0253,1.0988,0.0354,5.3326
1172,000977,浪潮信息,0.0168,0.0294,0.9058,0.0453,4.702
1173,600712,南宁百货,0.0163,0.016,6.3615,0.0348,3.5373
1174,300066,三川智慧,0.0162,0.0073,0.0801,0.0507,5.609
1175,000768,中航飞机,0.0161,0.0114,0.9726,0.0172,1.8169
1176,600818,中路股份,0.016,0.0102,,0.0281,4.0509
1177,601138,工业富联,0.0158,0.0313,0.3461,0.0554,5.5524
1178,002593,日上集团,0.0154,0.0103,0.5058,0.0201,2.0542
1179,600057,厦门象屿,0.0152,0.063,2.8402,0.0942,11.3744
1180,600776,东方通信,0.0146,0.0099,0.293,0.0507,5.0951
1181,300538,同益股份,0.0141,0.0276,0.6016,0.0562,5.6163
1182,600493,凤竹纺织,0.013999999999999999,0.0085,0.5511,0.0151,2.4665
1183,600150,中国船舶,0.013999999999999999,0.0073,0.629,0.013999999999999999,1.9508
1184,002395,双象股份,0.0137,0.0146,0.6386,0.0407,4.2658
1185,600278,东方创业,0.0137,0.0278,1.2975,0.0566,6.6261
1186,600740,山西焦化,0.0137,0.0045,0.2018,0.0095,1.0897
1187,600067,冠城大通,0.0136,0.0042,0.1984,0.0065,0.7463
1188,600456,宝钛股份,0.0126,0.0065,0.1877,0.0131,2.3137
1189,002175,*ST东网,0.0125,0.0043,0.0197,0.0058,0.8409
1190,600203,福日电子,0.0122,0.0185,2.7716,0.0299,3.115
1191,002723,金莱特,0.012,0.0097,0.3065,0.019,1.9134
1192,600127,金健米业,0.0118,0.0252,5.1249,0.0427,4.5599
1193,601018,宁波港,0.0117,0.004,0.0746,0.0104,1.4679
1194,600751,海航科技,0.0116,0.0298,4.3757,0.035,4.3398
1195,300174,元力股份,0.0115,0.0112,0.1903,0.031,4.17
1196,002480,新筑股份,0.011000000000000001,0.0029,,0.0041,0.5049
1197,603666,亿嘉和,0.0108,0.005,0.0304,0.0221,2.4527
1198,601800,中国交建,0.0107,0.0053,0.2743,0.0072,1.1276
1199,600970,中材国际,0.0103,0.0076,0.1575,0.0113,1.329
1200,600313,农发种业,0.0078,0.013000000000000001,0.8881,0.0414,4.9612
1201,600835,上海机电,0.0078,0.0051,0.1001,0.0084,0.8596
1202,000737,ST南风,0.0076,0.0058,,0.0078,0.8301
1203,600259,广晟有色,0.0075,0.0086,0.8996,0.0161,1.9801
1204,000400,许继电气,0.0075,0.005,0.1538,0.0119,1.2895
1205,000530,冰山冷热,0.0069,0.0023,0.1474,0.0061,0.7273
1206,000810,创维数字,0.0068,0.0058,0.0985,0.0092,1.0997
1207,600728,佳都科技,0.0068,0.0035,0.0503,0.006999999999999999,0.8321
1208,300052,中青宝,0.0066,0.0021,0.062,0.0052,0.5573
1209,600875,东方电气,0.0064,0.0023,0.1465,0.0035,0.409
1210,000950,重药控股,0.006,0.0079,0.2143,0.0122,1.3323
1211,600316,洪都航空,0.0057,0.003,0.3006,0.0073,0.7378
1212,600857,宁波中百,0.0051,0.0038,0.1258,0.0071,5.1024
1213,600418,江淮汽车,0.0048,0.0052,1.3179,0.0075,0.8897
1214,002774,快意电梯,0.0045,0.0023,0.1828,0.0068,0.7476
1215,603839,安正时尚,0.0045,0.0028,0.0336,0.0105,1.2304
1216,000856,冀东装备,0.0037,0.0041,0.7003,0.0051,0.5179
1217,000666,经纬纺机,0.0034,0.0005,0.01,0.0012,0.195
1218,600206,有研新材,0.0033,0.009000000000000001,0.3053,0.0635,8.5776
1219,600973,宝胜股份,0.0015,0.0029,0.256,0.004,0.4566
1220,300074,华平股份,0.0014,0.0004,0.0402,0.0021,0.2417
1221,000055,方大集团,-0.0018,-0.0005,-0.0152,-0.0009,-0.1172
1222,600354,*ST敦种,-0.0023,-0.0014,,-0.0019,-0.2145
1223,688159,有方科技,-0.0026,-0.0021,-0.0373,-0.0043,-0.49700000000000005
1224,600583,海油工程,-0.0051,-0.0023,-2.6114,-0.0081,-0.8811
1225,300226,上海钢联,-0.0052,-0.0591,-1.9474,-0.0801,-8.0504
1226,002119,康强电子,-0.0059,-0.0046,-0.091,-0.0092,-1.0603
1227,603577,汇金通,-0.0063,-0.0041,-0.1716,-0.0083,-0.9335
1228,601238,广汽集团,-0.0064,-0.0028,-0.0567,-0.0069,-0.9152
1229,000576,广东甘化,-0.0067,-0.0021,-0.0305,-0.0075,-1.3258
1230,000798,中水渔业,-0.0073,-0.0038,-0.2074,-0.0135,-1.6038
1231,600099,林海股份,-0.0078,-0.0074,-0.7814,-0.0348,-3.5075
1232,002977,天箭科技,-0.0099,-0.0048,-0.0285,-0.0141,-1.4924
1233,000570,苏常柴A,-0.0101,-0.0059,-0.8233,-0.0151,-1.6565
1234,000409,ST地矿,-0.0108,-0.0062,,-0.0094,-1.0873
1235,600725,ST云维,-0.0117,-0.039,-1.2464,-0.155,-18.7473
1236,000572,*ST海马,-0.0124,-0.0054,-0.5969,-0.0116,-1.2069
1237,300548,博创科技,-0.013999999999999999,-0.0074,-0.7302,-0.0389,-4.0971
1238,300234,开尔新材,-0.0143,-0.0076,-0.1566,-0.0263,-2.7821
1239,688186,广大特材,-0.015,-0.0097,-0.1685,-0.0166,-1.6735
1240,603179,新泉股份,-0.0163,-0.0103,-0.2739,-0.016,-1.9702
1241,300295,三六五网,-0.0164,-0.0031,-0.0703,-0.0069,-0.7067
1242,601005,重庆钢铁,-0.0173,-0.015,-0.4378,-0.0535,-7.9636
1243,688003,天准科技,-0.0176,-0.005,-0.1146,-0.0361,-3.7329
1244,002759,天际股份,-0.018000000000000002,-0.0043,-0.4298,-0.0255,-2.5872
1245,300766,每日互动,-0.0201,-0.0059,-0.0939,-0.0836,-8.4437
1246,000419,通程控股,-0.0205,-0.0139,-0.3543,-0.0371,-4.3756
1247,600327,大东方,-0.0222,-0.0345,-0.8981,-0.0848,-10.0738
1248,002819,东方中科,-0.0236,-0.0238,-0.3447,-0.0542,-5.5712
1249,002006,精功科技,-0.0245,-0.0123,,-0.0265,-2.7169
1250,600562,国睿科技,-0.0254,-0.01,-0.7085,-0.026000000000000002,-2.6706
1251,603026,石大胜华,-0.0257,-0.0369,-0.359,-0.0959,-10.0906
1252,600805,悦达投资,-0.026000000000000002,-0.0063,-0.9523,-0.0178,-1.845
1253,601330,绿色动力,-0.0275,-0.0035,-0.1156,-0.0047,-1.0374
1254,600768,宁波富邦,-0.0276,-0.0472,-0.128,-0.1832,-18.5213
1255,600826,兰生股份,-0.0276,-0.0221,-0.5529999999999999,-0.1055,-13.6469
1256,002800,天顺股份,-0.0288,-0.0386,-2.0125,-0.0814,-9.0397
1257,300598,诚迈科技,-0.0298,-0.0232,-0.1176,-0.0953,-9.9927
1258,600202,哈空调,-0.03,-0.0135,-0.5366,-0.0202,-2.1819
1259,000929,兰州黄河,-0.0315,-0.0104,-5.6124,-0.0512,-5.1862
1260,600330,天通股份,-0.0326,-0.0135,-0.5407,-0.0352,-3.9057
1261,000735,罗牛山,-0.0328,-0.0058,-1.2339,-0.0163,-3.9792
1262,603727,博迈科,-0.033,-0.0142,-1.2906,-0.0545,-6.1370000000000005
1263,002865,钧达股份,-0.0339,-0.0152,-1.6267,-0.0304,-4.5895
1264,000586,汇源通信,-0.0342,-0.0237,-2.5306,-0.0416,-4.4017
1265,600975,新五丰,-0.0343,-0.0448,-1.0775,-0.1813,-20.1227
1266,603236,移远通信,-0.0349,-0.0491,-0.9726,-0.1183,-11.8256
1267,000417,合肥百货,-0.0361,-0.0364,-1.5924,-0.0646,-7.2024
1268,002642,*ST荣联,-0.0361,-0.0301,-3.3795,-0.1092,-12.0177
1269,002190,*ST集成,-0.0373,-0.0187,-0.0848,-0.0912,-10.404000000000002
1270,000635,英力特,-0.0388,-0.0261,-1.5852,-0.1898,-19.6367
1271,002595,豪迈科技,-0.039,-0.0252,-0.1984,-0.0933,-9.8465
1272,002379,宏创控股,-0.0391,-0.0456,-0.3466,-0.1277,-12.7678
1273,002876,三利谱,-0.0415,-0.0247,-1.2006,-0.04,-4.9273
1274,600684,珠江实业,-0.0416,-0.0052,-0.4596,-0.0063,-1.1449
1275,300423,鲁亿通,-0.0446,-0.0224,-0.2962,-0.0401,-4.0169999999999995
1276,000523,广州浪奇,-0.0449,-0.0626,-8.9274,-0.0797,-8.3654
1277,600266,城建发展,-0.0462,-0.0062,-0.3415,-0.008,-1.7825
1278,000610,西安旅游,-0.0477,-0.0332,,-0.1075,-10.994000000000002
1279,600792,云煤能源,-0.0491,-0.0476,-1.1393,-0.1134,-12.5558
1280,300065,海兰信,-0.0493,-0.0181,-0.3966,-0.0959,-10.7792
1281,600829,人民同泰,-0.0493,-0.0742,-1.5399,-0.1112,-11.5611
1282,000006,深振业A,-0.0521,-0.0123,-0.2304,-0.0227,-3.7691
1283,300673,佩蒂股份,-0.0554,-0.0408,-1.0622,-0.1685,-17.0169
1284,600301,ST南化,-0.0555,-0.0926,-5.7093,-0.4749,-59.2678
1285,002809,红墙股份,-0.0562,-0.0385,-0.5078,-0.1231,-12.3193
1286,600186,莲花健康,-0.0563,-0.0446,-3.4181,-0.0461,-4.717
1287,002112,三变科技,-0.0563,-0.0385,-3.9957,-0.0606,-6.5533
1288,300751,迈为股份,-0.0585,-0.021,-0.345,-0.0318,-3.1848
1289,600753,东方银星,-0.0614,-0.2787,-5.2854,-0.5772,-57.7222
1290,600156,华升股份,-0.0637,-0.0599,,-0.1619,-20.3307
1291,002024,苏宁易购,-0.0664,-0.0754,-1.9168,-0.1193,-14.7328
1292,000721,西安饮食,-0.0674,-0.0306,,-0.0699,-8.2521
1293,300636,同和药业,-0.0684,-0.0278,-0.5852,-0.0914,-15.033
1294,600611,大众交通,-0.0694,-0.0151,-0.2444,-0.0373,-5.0736
1295,600556,ST慧球,-0.0695,-0.0704,-0.5328,-0.139,-13.9027
1296,600775,南京熊猫,-0.0732,-0.0567,-3.0016,-0.1464,-14.9302
1297,000628,高新发展,-0.0735,-0.0414,-2.2856,-0.0509,-5.3925
1298,603507,振江股份,-0.0744,-0.0396,-3.4884,-0.0697,-8.4174
1299,002562,兄弟科技,-0.0751,,-2.1543,,
1300,688122,西部超导,-0.0757,-0.0228,-0.7135,-0.0501,-6.7511
1301,600853,龙建股份,-0.0766,-0.0431,-3.7648,-0.0485,-6.515
1302,000793,华闻集团,-0.0784,-0.0239,-0.8415,-0.046,-11.0832
1303,002058,威尔泰,-0.0785,-0.0343,,-0.2383,-26.6461
1304,002370,亚太药业,-0.0786,-0.0246,,-0.0341,-32.1479
1305,600200,江苏吴中,-0.0787,-0.0424,-2.6882,-0.1067,-11.7542
1306,300757,罗博特科,-0.0789,-0.0542,-0.7746,-0.1135,-11.3518
1307,300745,欣锐科技,-0.0828,-0.0322,-1.8253,-0.1129,-11.9535
1308,300021,大禹节水,-0.0837,-0.0463,-1.3557,-0.0785,-9.2857
1309,688001,华兴源创,-0.0853,-0.0502,-0.6079,-0.4485,-45.611999999999995
1310,603636,南威软件,-0.0884,-0.032,-0.5415,-0.0715,-11.1877
1311,300042,朗科科技,-0.0903,-0.0993,-1.5008,-1.3314,-133.6478
1312,000509,*ST华塑,-0.0907,-0.0406,,-0.0251,-2.515
1313,600444,国机通用,-0.0937,-0.069,-1.3089,-0.1901,-19.4948
1314,603396,金辰股份,-0.10099999999999999,-0.05,-1.2518,-0.1101,-11.0266
1315,603929,亚翔集成,-0.1055,-0.0927,-1.9504,-0.2055,-20.5505
1316,002429,兆驰股份,-0.1113,-0.0673,-1.2564,-0.1212,-13.2461
1317,000973,佛塑科技,-0.1155,-0.0796,-4.7825,-0.2152,-27.7785
1318,300376,易事特,-0.1226,-0.0375,-1.124,-0.0663,-8.9914
1319,600120,浙江东方,-0.1249,-0.0622,-1.3995,-0.1398,-18.8019
1320,600889,南京化纤,-0.1283,-0.0437,,-0.1586,-20.7743
1321,000909,数源科技,-0.1355,-0.0462,-3.8528,-0.0763,-11.7216
1322,300767,震安科技,-0.1378,-0.0485,-0.591,-0.3842,-40.1515
1323,600962,国投中鲁,-0.1471,-0.0832,-12.7019,-0.1435,-16.0935
1324,600766,园城黄金,-0.1495,-0.0264,-0.4161,-0.0442,-4.5381
1325,000718,苏宁环球,-0.1512,-0.033,-0.4911,-0.0627,-7.7981
1326,002200,*ST云投,-0.1559,-0.0294,-1.6183,-0.0335,-3.6286
1327,300210,森远股份,-0.1726,-0.0243,,-0.0472,-5.064
1328,002306,ST云网,-0.1818,-0.1956,,-0.2176,-29.0028
1329,600106,重庆路桥,-0.1893,-0.006999999999999999,-0.18100000000000002,-0.0167,-4.1742
1330,601798,ST蓝科,-0.1898,-0.0608,,-0.1274,-14.3418
1331,600506,香梨股份,-0.1945,-0.0146,,-0.2248,-53.2831
1332,600695,绿庭投资,-0.1988,-0.0096,-0.2181,-0.0553,-6.3399
1333,002172,澳洋健康,-0.2105,-0.0989,,-0.1279,-15.4818
1334,002211,宏达新材,-0.2221,-0.2274,,-0.6588,-66.4806
1335,300692,中环环保,-0.2237,-0.0548,-1.4447,-0.0891,-17.1534
1336,600883,博闻科技,-0.2244,-0.0102,-0.9963,-0.2003,-62.2781
1337,002166,莱茵生物,-0.2279,-0.065,-1.6117,-0.2007,-24.7019
1338,000548,湖南投资,-0.2394,-0.0302,-1.5075,-0.1139,-11.4154
1339,002428,云南锗业,-0.2487,-0.0512,,-0.1892,-25.3317
1340,000421,南京公用,-0.2523,-0.0747,-4.9706,-0.106,-11.7718
1341,603185,上机数控,-0.2625,-0.0766,-1.1422,-0.2006,-20.4098
1342,600604,市北高新,-0.2679,-0.016,-1.0902,-0.0274,-6.3278
1343,000965,天保基建,-0.2809,-0.0375,-1.7991,-0.0899,-12.7224
1344,002628,成都路桥,-0.2896,-0.1165,-19.1585,-0.1959,-25.4339
1345,601512,中新集团,-0.317,-0.0728,-1.0902,-0.1799,-25.3236
1346,000573,粤宏远A,-0.3208,-0.0998,-5.2769,-0.2435,-41.2301
1347,600223,鲁商发展,-0.3214,-0.059000000000000004,-8.3914,-0.0644,-6.9654
1348,000736,中交地产,-0.3279,-0.0971,-4.1105,-0.1118,-16.3017
1349,002494,华斯股份,-0.3285,-0.0618,-12.9191,-0.2417,-32.3239
1350,600620,天宸股份,-0.3337,-0.0052,-0.2675,-0.0304,-28.7079
1351,000423,东阿阿胶,-0.3786,-0.0961,,-0.6869,-71.1516
1352,600639,浦东金桥,-0.4079,-0.0556,-1.2653,-0.0946,-19.4637
1353,600647,同达创业,-0.4176,-0.0135,-0.35700000000000004,-0.0374,-3.7409
1354,000151,中成股份,-0.4445,-0.2199,-60.1242,-0.3643,-36.555
1355,600074,退市保千,-0.4737,-0.1227,,-0.0117,-1.2472
1356,000502,绿景控股,-0.7143,-0.0472,,-0.3149,-31.4872
1357,600825,新华传媒,-0.7392,-0.2502,-49.2716,-0.7648,-78.3483
1358,600834,申通地铁,-0.9145,-0.2171,-8.2697,-0.4691,-175.1608
1359,300208,青岛中程,-1.1209,-0.1477,,-0.2196,-24.5926
1360,600658,电子城,-1.256,-0.1613,-6.7781,-0.3109,-60.1854
1361,600649,城投控股,-1.6063,-0.147,-9.1761,-0.3027,-59.6414
1362,000927,*ST夏利,-1.6375,-0.3609,,-0.2126,-28.9114
1363,600683,京投发展,-1.6734,-0.1568,-15.7344,-0.1722,-35.1763
1364,600061,国投资本,-2.2228,-0.0083,-0.4243,-0.011000000000000001,-1.4578
1365,600896,览海医疗,-2.3644,-0.0324,,-0.1141,-12.2957
1366,600895,张江高科,-4.5587,-0.2628,-12.6672,-0.5379,-108.2039
1367,000670,*ST盈方,-6.2972,-0.4471,,-0.2893,-31.6892
1368,000416,民生控股,-13.3875,-0.099,-2.9851,-3.7272,-372.7159
1369,000065,北方国际,,-0.107,,-0.1699,-19.8816
1370,600908,无锡银行,,0.0247,3.1994,0.0267,
1371,002966,苏州银行,,-0.0405,-5.3248,-0.0442,
1372,601628,中国人寿,,0.0768,4.8468,0.0862,
1373,601939,建设银行,,0.0229,2.1591,0.0251,
1374,600015,华夏银行,,0.0262,3.5759,0.0287,
1375,002807,江阴银行,,0.0908,11.333,0.1002,
1376,600958,东方证券,,0.0395,4.1896,0.0497,
1377,000686,东北证券,,0.1148,7.5029,0.1503,
1378,000885,城发环境,,,,,
1379,601988,中国银行,,-0.0213,-2.3987,-0.0233,
1380,601658,邮储银行,,0.0026,0.4332,0.0027,
1381,601998,中信银行,,0.0173,2.3874,0.0188,
1382,600030,中信证券,,0.0278,1.7375,0.0351,
1383,601236,红塔证券,,-0.1554,-8.3335,-0.2218,
1384,601577,长沙银行,,-0.0428,-4.9041,-0.046,
1385,601878,浙商证券,,0.006,0.4198,0.0077,
1386,000001,平安银行,,-0.0102,-1.4196,-0.011000000000000001,
1387,601211,国泰君安,,0.0651,4.0211,0.0881,
1388,601319,中国人保,,0.0325,1.1613,0.0415,
1389,000712,锦龙股份,,0.0931,17.6178,0.1152,
1390,601398,工商银行,,0.0231,2.2164,0.0253,
1391,601696,中银证券,,0.2138,12.9104,0.2904,
1392,601860,紫金银行,,0.0497,7.0656,0.0534,
1393,600036,招商银行,,0.0006,0.0474,0.0007,
1394,000166,申万宏源,,0.026000000000000002,1.7431,0.0333,
1395,600909,华安证券,,0.0707,2.9696,0.0966,
1396,601288,农业银行,,0.0142,1.6559,0.0154,
1397,601336,新华保险,,0.0479,2.8916,0.053,
1398,601788,光大证券,,0.175,51.4476,0.2303,
1399,601818,光大银行,,0.0138,1.7387,0.015,
1400,601881,中国银河,,0.1309,7.8732,0.1696,
1401,600016,民生银行,,-0.0127,-1.5463,-0.0138,
1402,300577,开润股份,,,,,
1403,002797,第一创业,,0.0649,3.9611,0.0886,
1404,002936,郑州银行,,-0.0157,-2.3274,-0.017,
1405,002961,瑞达期货,,-0.0872,-4.6097,-0.11900000000000001,
1406,601077,渝农商行,,0.0232,2.388,0.0254,
1407,601328,交通银行,,-0.0083,-1.0574,-0.0091,
1408,000776,广发证券,,0.102,4.9578,0.1339,
1409,601916,浙商银行,,-0.0064,-0.8784,-0.0069,
1410,601990,南京证券,,0.027000000000000003,1.3599,0.0391,
1411,603093,南华期货,,0.0249,4.3945,0.0301,
1412,600109,国金证券,,-0.0374,-1.4439,-0.0638,
1413,002673,西部证券,,0.0617,4.8641,0.0971,
1414,002926,华西证券,,0.0193,0.9134,0.0272,
1415,600999,招商证券,,0.0262,1.3658,0.0337,
1416,601066,中信建投,,0.1284,6.6353,0.1604,
1417,002970,锐明技术,,0.1153,,0.361,40.1013
1418,601318,中国平安,,0.0303,1.5176,0.0338,
1419,000728,国元证券,,0.0575,5.2285,0.08199999999999999,
1420,601601,中国太保,,0.0731,3.9428,0.0831,
1421,601688,华泰证券,,0.0364,2.2568,0.0468,
1422,000987,越秀金控,,0.0295,2.0205,0.0371,
1423,000065,北方国际,,-0.107,,-0.1699,-19.8816
1424,600908,无锡银行,,0.0247,3.1994,0.0267,
1425,002966,苏州银行,,-0.0405,-5.3248,-0.0442,
1426,601628,中国人寿,,0.0768,4.8468,0.0862,
1427,601939,建设银行,,0.0229,2.1591,0.0251,
1428,600015,华夏银行,,0.0262,3.5759,0.0287,
