,code,name,currentratio,quickratio,cashratio,icratio,sheqratio,adratio
0,688396,华润微,--,--,--,--,--,--
1,600868,梅雁吉祥,10.3609,10.3609,997.8654,-2288.6986,98.5508,1.4492
2,688058,宝兰德,43.4457,43.0019,2516.1389,-3875.1508,97.7413,2.2587
3,000416,民生控股,27.4122,27.4122,335.266,4376.3025,97.3445,2.6555
4,688196,卓越新能,40.1307,34.8779,792.5001,-7339.1621,97.289,2.711
5,300485,赛升药业,18.5189,16.5865,896.098,-1079.945,96.6403,3.3597
6,688388,嘉元科技,43.9802,40.5966,1529.4583,1947.8665,95.8485,4.1515
7,300235,方直科技,15.8959,15.686,1087.6002,-179.3214,95.531,4.469
8,688028,沃尔德,14.686,13.6591,965.6086,-1304.2333,95.0194,4.9806
9,300107,建新股份,17.7502,16.5635,1319.2967,-975.104,94.9219,5.0781
10,600883,博闻科技,29.8367,29.0558,1116.6287,-181.3336,94.8962,5.1038
11,300357,我武生物,17.4914,16.8781,1250.6682,-1336.631,94.6609,5.3391
12,300223,北京君正,18.9922,16.7626,302.415,-3481.8671,94.3409,5.6591
13,300127,银河磁体,14.2589,12.4124,895.3641,-636.6802,94.2554,5.7446
14,000722,湖南发展,24.6162,23.4543,1789.3779,-1010.2424,94.203,5.797
15,000557,西部创业,4.3265,4.1549,284.0828,-569.7251,94.1779,5.8221
16,300741,华宝股份,13.5625,12.7008,963.0326,-856.0284,94.106,5.894
17,002033,丽江股份,7.3099,7.2289,563.8798,-3249.893,94.1047,5.8953
18,688011,新光光电,17.7735,17.012,159.7086,7096.3471,93.9852,6.0148
19,688168,安博通,15.9782,15.6317,1218.0829,-43587.5848,93.9635,6.0365
20,688123,聚辰股份,17.9844,17.2702,1581.5686,-1834.0835,93.8138,6.1862
21,002320,海峡股份,7.2968,7.2399,711.4795,-1727.887,93.667,6.333
22,600867,通化东宝,6.32,4.2575,120.7204,7153.3815,93.6242,6.3758
23,600506,香梨股份,18.2205,17.2494,1085.4386,329.4374,93.4957,6.5043
24,688018,乐鑫科技,21.7696,20.503,176.1408,4624.9101,93.3205,6.6795
25,603500,祥和实业,11.1954,10.3297,432.202,-11431.6849,93.3088,6.6912
26,002333,*ST罗普,9.6531,8.5117,247.7936,-2239.7265,93.2074,6.7926
27,300701,森霸传感,12.5908,11.9904,152.6653,-4854.7205,93.0047,6.9953
28,300766,每日互动,11.7474,11.6754,925.438,-186.7687,92.9854,7.0146
29,000096,广聚能源,10.8212,10.7348,980.1675,-488.6047,92.857,7.143
30,603696,安记食品,8.4586,7.7802,235.5972,-4414.5048,92.7652,7.2348
31,300042,朗科科技,10.5332,8.5181,70.7578,66531.6193,92.5394,7.4606
32,600605,汇通能源,11.2559,11.2559,478.8284,774.5561,92.5225,7.4775
33,002222,福晶科技,8.2588,5.8442,280.9055,-3901.5055,92.4822,7.5178
34,688166,博瑞医药,9.8146,8.5496,522.1036,-4081.5184,92.3865,7.6135
35,603879,永悦科技,10.7224,10.1248,151.5033,-21890.0513,92.2952,7.7048
36,688016,心脉医疗,14.1321,13.3289,1268.8805,-1694.4083,92.2351,7.7649
37,603580,艾艾精工,10.6434,8.5154,461.6893,-1462.6407,92.2018,7.7982
38,688002,睿创微纳,15.3425,13.1609,1107.0423,-737.9581,92.0725,7.9275
39,300468,四方精创,7.8111,7.7464,568.9215,-891.5514,92.0682,7.9318
40,603058,永吉股份,7.853,7.0904,463.319,-1513.1959,91.9541,8.0459
41,688366,昊海生科,10.9604,10.2937,895.2265,-583.4839,91.8965,8.1035
42,600830,香溢融通,6.4087,6.3827,547.9301,-1944.3413,91.7586,8.2414
43,300795,米奥会展,14.0738,14.0738,1326.447,-1198.6146,91.6369,8.3631
44,300211,亿通科技,8.8471,8.6282,486.9964,-34.2307,91.6232,8.3768
45,300623,捷捷微电,9.4644,8.802,730.5323,-908.6298,91.5172,8.4828
46,300406,九强生物,6.7957,5.837,171.8073,-6374.4806,91.5003,8.4997
47,002802,洪汇新材,9.7333,8.9604,80.7633,-34451.569,91.4226,8.5774
48,002880,卫光生物,9.7823,5.2439,295.5664,-20089.7857,91.3814,8.6186
49,300639,凯普生物,6.2573,5.8485,242.2701,34155.0326,91.3392,8.6608
50,300534,陇神戎发,4.1755,3.5818,77.2043,1536196.1792,91.2038,8.7962
51,600722,金牛化工,9.5325,9.5132,786.9768,-194.468,91.1267,8.8733
52,300522,世名科技,8.0719,7.1252,423.9022,-2743.6682,91.0912,8.9088
53,002552,宝鼎科技,6.2785,4.0516,35.3351,-30253.4826,91.0753,8.9247
54,300628,亿联网络,10.2867,9.6606,24.8183,-12295.2506,91.0633,8.9367
55,600880,博瑞传播,5.7833,5.7652,438.8282,-420.2974,91.0379,8.9621
56,300726,宏达电子,10.9087,8.6492,148.4771,-6785.7878,91.0356,8.9644
57,002007,华兰生物,8.1859,6.5161,153.1408,42602.2546,90.7789,9.2211
58,688358,祥生医疗,13.7402,13.0914,1182.9021,-3160.3134,90.7241,9.2759
59,600171,上海贝岭,11.9209,11.0881,760.8597,-402.6801,90.6331,9.3669
60,300183,东软载波,9.1459,8.5545,670.4249,-440.2551,90.6101,9.3899
61,603938,三孚股份,8.8579,7.9569,234.0648,-2326.3841,90.5985,9.4015
62,603041,美思德,8.8902,8.3803,321.7847,-5581.26,90.5299,9.4701
63,600276,恒瑞医药,9.0233,8.3735,203.9786,-4425.2801,90.4961,9.5039
64,002903,宇环数控,9.3238,7.3225,407.4773,-1951.2389,90.3894,9.6106
65,300354,东华测试,9.0104,6.2336,185.2268,-5236.3723,90.3643,9.6357
66,688199,久日新材,7.8451,6.7975,100.6736,2675.2314,89.7358,10.2642
67,000655,金岭矿业,4.9935,4.6845,287.6088,-1711.7274,89.6813,10.3187
68,000613,大东海A,1.4758,1.4421,98.3836,-330.5687,89.6773,10.3227
69,300595,欧普康视,7.8054,7.4666,138.1243,-44050.3799,89.5286,10.4714
70,300669,沪宁股份,7.1175,6.3619,96.61399999999999,-12238.4688,89.4445,10.5555
71,300016,北陆药业,4.376,3.4042,197.3193,-65676.0131,89.3269,10.6731
72,002888,惠威科技,7.6071,5.5838,288.008,-2114.0659,89.2911,10.7089
73,300553,集智股份,6.9004,5.4796,381.8481,-1758.0098,89.2658,10.7342
74,300801,泰和科技,6.4468,6.1482,449.4021,-3055.9587,89.1611,10.8389
75,002109,兴化股份,2.3794,2.2162,114.406,1638.7187,89.1265,10.8735
76,603016,新宏泰,7.2726,6.4489,307.2502,-2083.3384,89.1011,10.8989
77,300717,华信新材,5.9188,5.1124,249.7671,-3348.2818,89.0867,10.9133
78,688389,普门科技,8.7587,8.3063,805.2952,-1244.2504,89.0332,10.9668
79,300481,濮阳惠成,7.2709,6.5981,321.4481,-1739.4241,88.9516,11.0484
80,603488,展鹏科技,7.6193,7.257999999999999,392.8322,-21643.5694,88.8501,11.1499
81,002263,*ST东南,3.7591,3.0092,145.3543,400.0382,88.8482,11.1518
82,603656,泰禾光电,8.0357,7.1595,168.7268,-865.6899,88.8425,11.1575
83,603508,思维列控,3.839,3.1116,212.8278,-3202.8095,88.8191,11.1809
84,002181,粤传媒,8.2036,7.8866,240.1764,-869.8381,88.8162,11.1838
85,688001,华兴源创,7.4441,6.6207,138.3402,-5467.6214,88.8066,11.1934
86,600854,春兰股份,4.2331,2.4587,212.8923,-216.3507,88.697,11.302999999999999
87,688202,美迪西,7.0049,6.9012,557.825,-1515.4963,88.6795,11.3205
88,688111,金山办公,9.1929,9.1909,103.0995,-13360.7676,88.6702,11.3298
89,002127,南极电商,6.406000000000001,6.3973,205.1754,-275879.3118,88.5851,11.4149
90,601958,金钼股份,4.8726,4.2735,324.9628,-808.7059,88.5651,11.4349
91,603516,淳中科技,5.8333,5.1972,245.6259,-15074.6154,88.501,11.499
92,600211,西藏药业,4.3281,4.0873,238.93900000000002,-2952.8874,88.4202,11.5798
93,002546,新联电子,7.6104,7.3182,109.8915,347175.4333,88.3867,11.6133
94,300508,维宏股份,6.3582,6.0005,20.156,2983.308,88.3856,11.6144
95,300570,太辰光,7.4251,6.3534,479.5146,-592.6032,88.3609,11.6391
96,603615,茶花股份,5.2221,4.3987,370.8424,-881.2492,88.2809,11.7191
97,600370,三房巷,7.2898,6.312,560.1681,-627.0122,88.2708,11.7292
98,603267,鸿远电子,8.9932,8.1214,119.6419,-35209.2846,88.1443,11.8557
99,300395,菲利华,7.0713,6.4366,437.2281,-5368.1656,88.0697,11.9303
100,688029,南微医学,7.5591,6.8917,203.9778,-9726.1268,87.9259,12.0741
101,688288,鸿泉物联,7.812,7.4622,546.4345,-2653.4708,87.8953,12.1047
102,300204,舒泰神,5.725,5.4385,197.6851,-1969.9814,87.8017,12.1983
103,300105,龙源技术,7.8996,7.3615,50.381,-108.8856,87.7708,12.2292
104,300408,三环集团,11.0528,9.7033,225.0183,7987.1785,87.6132,12.3868
105,603657,春光科技,6.3589,5.9641,360.2506,-888.1912,87.5392,12.4608
106,603896,寿仙谷,4.1172,3.3655,140.4045,-5915.7181,87.4466,12.5534
107,300767,震安科技,6.9675,6.0209,363.0852,-9050.8665,87.3888,12.6112
108,002553,南方轴承,4.5048,3.6853,47.107,-4284.6953,87.3674,12.6326
109,600009,上海机场,2.6443,2.6413,219.7227,-3094.7338,87.29799999999999,12.702
110,600201,生物股份,4.9152,4.4676,202.2811,-1321.9151,87.1679,12.8321
111,000819,岳阳兴长,6.1218,5.6999,433.3444,-602.2483,87.1584,12.8416
112,002458,益生股份,3.5024,3.1711,287.6615,35086.3892,87.1138,12.8862
113,600130,波导股份,5.7998,5.56,234.4131,-1212.8831,87.0278,12.9722
114,300529,健帆生物,5.9389,5.5874,484.223,-6960.5385,87.0072,12.9928
115,002951,金时科技,4.5847,4.1056,316.3673,-2596.4485,86.958,13.042
116,603360,百傲化学,4.9108,4.0146,227.873,-20646.8694,86.8974,13.1026
117,300414,中光防雷,7.1831,6.4184,248.00799999999998,-1071.8942,86.8964,13.1036
118,600897,厦门空港,2.4652,2.4639,39.6647,-49464.4065,86.8821,13.1179
119,603489,八方股份,7.2583,6.715,259.9527,45752.8122,86.7124,13.2876
120,300443,金雷股份,5.8448,4.3471,121.4879,-4284.6519,86.6737,13.3263
121,300154,瑞凌股份,7.1207,6.6337,416.8833,-301.5979,86.5031,13.4969
122,603025,大豪科技,5.5505,4.7932,68.7492,46242.0225,86.5014,13.4986
123,002917,金奥博,8.0663,7.2746,340.9794,-1901.1999,86.4746,13.5254
124,300371,汇中股份,4.9345,4.3721,92.4648,-14743.8526,86.4685,13.5315
125,688025,杰普特,7.2272,6.1418,387.94199999999995,-1135.0231,86.4321,13.5679
126,300305,裕兴股份,5.4018,5.1877,169.442,-1099.218,86.3681,13.6319
127,000635,英力特,3.3433,3.096,104.5736,-663.9681,86.2319,13.7681
128,002294,信立泰,3.9738,3.3267,143.0151,-60030.2708,86.2035,13.7965
129,300685,艾德生物,5.6728,5.5507,354.5593,-982.0408,86.1795,13.8205
130,603217,元利科技,5.1001,4.4798,57.3305,22079.3795,86.1508,13.8492
131,000089,深圳机场,1.7025,1.6992,138.1205,-1413.6937,86.1445,13.8555
132,688003,天准科技,6.7334,5.7636,523.1332,-285.4155,86.1129,13.8871
133,300345,红宇新材,4.2359,3.5148,182.5184,1331.3435,86.0871,13.9129
134,002690,美亚光电,6.8718,6.4463,176.1902,-9014.0753,86.0796,13.9204
135,603005,晶方科技,6.7010000000000005,6.1714,507.5032,-299.9363,86.0267,13.9733
136,000423,东阿阿胶,5.2057,2.9684,122.1108,-1245.2538,86.0077,13.9923
137,603317,天味食品,5.9508,5.615,231.0714,-7518.2845,85.9779,14.0221
138,600516,方大炭素,6.5577,5.8227,455.6684,-1271.0673,85.8806,14.1194
139,300314,戴维医疗,5.0786,4.4009,175.2553,-1882.132,85.8798,14.1202
140,600206,有研新材,6.386,4.6532,126.2326,6683.4437,85.8262,14.1738
141,002262,恩华药业,5.8216,5.1519,352.9277,-7207.969,85.7984,14.2016
142,601816,京沪高铁,1.9681,1.9681,168.645,2590.6820000000002,85.7537,14.2463
143,300196,长海股份,3.8303,3.3764,153.3692,-12498.8741,85.7534,14.2466
144,603860,中公高科,6.2421,5.7677,230.2315,-5604.0327,85.7368,14.2632
145,300458,全志科技,6.2647,5.0818,488.5289,-192.9107,85.6579,14.3421
146,002058,威尔泰,6.2882,4.4359,151.7957,8334.5956,85.6104,14.3896
147,300066,三川智慧,5.0453,4.2085,161.0185,-9244.71,85.5522,14.4478
148,300622,博士眼镜,5.3397,4.3891,340.6342,-15962.261999999999,85.53200000000001,14.468
149,002724,海洋王,5.4525,4.9853,162.7551,-8877.0372,85.4925,14.5075
150,300488,恒锋工具,3.8897,3.0202,22.7587,6609.1837,85.4892,14.5108
151,300722,新余国科,5.7258,4.524,256.5159,25733.7545,85.4691,14.5309
152,300193,佳士科技,6.0889999999999995,5.7181,374.6608,-314.1593,85.4187,14.5813
153,002507,涪陵榨菜,4.2471,3.1732,248.1195,-13860.6733,85.3994,14.6006
154,600523,贵航股份,4.7354,3.8056,116.4238,-719.2555,85.3463,14.6537
155,603949,雪龙集团,5.7683,4.5181,44.181000000000004,4658.0136,85.272,14.728
156,603383,顶点软件,6.0698,5.7333,353.9427,-1790.5519,85.1093,14.8907
157,600382,广东明珠,4.648,4.6361,12.2835,3155.3762,85.1035,14.8965
158,002972,科安达,6.2242,5.6508,383.8454,-11330.1307,85.0943,14.9057
159,000975,银泰黄金,2.0196,1.0244,29.0701,4230.2719,85.0699,14.9301
160,000045,深纺织A,4.5856,3.7789,84.3463,160.0928,85.0646,14.9354
161,300771,智莱科技,6.4459,5.1536,259.61,-2086.8078,85.0254,14.9746
162,000502,绿景控股,3.7988,3.0808,197.2263,819.5579,85.0047,14.9953
163,002643,万润股份,3.0235,1.6226,83.7744,-4380.8203,84.868,15.132
164,002099,海翔药业,3.2569,2.3604,165.5435,-2309.7431,84.8421,15.1579
165,600317,营口港,2.8159,2.7898,239.8039,1343.1555,84.7589,15.2411
166,002725,跃岭股份,2.3894,1.2864,40.1578,2602.7994,84.7586,15.2414
167,300765,新诺威,4.8334,4.5234,118.5606,-5464.0979,84.6772,15.3228
168,002561,徐家汇,4.8509,4.7992,253.1798,-2228.071,84.6553,15.3447
169,603986,兆易创新,4.2315,3.3036,290.7846,-2360.7823,84.6525,15.3475
170,600059,古越龙山,4.5382,2.0014,98.6112,-2313.0421,84.6152,15.3848
171,300289,利德曼,4.3885,3.9307,173.3325,1595.7641,84.5886,15.4114
172,688138,清溢光电,3.1429,2.7755,172.4923,1570.6989,84.5706,15.4294
173,300818,耐普矿机,4.1769,3.1603,216.5159,-47853.2021,84.4515,15.5485
174,300821,东岳硅材,4.0259,3.4791,287.4465,-2596.9161,84.3763,15.6237
175,603587,地素时尚,5.3908,4.8526,444.2518,-1326.4743,84.3588,15.6412
176,002890,弘宇股份,4.9034,3.7856,59.0319,4009.0131,84.3355,15.6645
177,601698,中国卫通,2.9477,2.9401,217.5871,-2469.8315,84.3184,15.6816
178,300005,探路者,5.5329,4.7564,272.58099999999996,-329.6883,84.314,15.686
179,600865,百大集团,4.1398,4.1383,159.5239,-118405.7088,84.2612,15.7388
180,300194,福安药业,3.1959,2.3396,109.4397,-1871.9707,84.2357,15.7643
181,300067,安诺其,3.4564,2.008,55.2036,3307.2673,84.1666,15.8334
182,300401,花园生物,3.0419,2.12,151.9281,-7202.7901,83.8155,16.1845
183,603387,基蛋生物,4.9445,4.4375,208.1131,-21434.7332,83.7628,16.2372
184,300811,铂科新材,4.5206,4.0986,245.9844,3913.0423,83.7468,16.2532
185,300009,安科生物,3.5574,3.2573,127.2236,-2676.1196,83.6903,16.3097
186,300480,光力科技,4.1593,3.4539,131.1668,7268.7172,83.6046,16.3954
187,300482,万孚生物,3.9259,3.4216,198.7025,-10678.1927,83.5784,16.4216
188,300023,宝德股份,3.9053,3.6909,305.8981,25848.4182,83.5597,16.4403
189,300403,汉宇集团,2.8566,2.1791,107.5841,-1290.5045,83.4844,16.5156
190,002191,劲嘉股份,2.5203,1.8730000000000002,76.0005,-37340.5551,83.3849,16.6151
191,002233,塔牌集团,2.9783,2.7173,76.4508,-9855.2231,83.3226,16.6774
192,603189,网达软件,4.7653,4.6469,58.699,14088.503999999999,83.3079,16.6921
193,002296,辉煌科技,4.2521,3.4503,113.5175,2667.4306,83.3072,16.6928
194,603239,浙江仙通,3.9623,3.3782,132.0201,-5728.0124,83.2785,16.7215
195,002818,富森美,2.4005,2.2147,89.4867,-11552.1358,83.1514,16.8486
196,002980,华盛昌,5.8969,4.2906,313.5712,-2239.3884,83.1472,16.8528
197,002759,天际股份,1.5604,1.2272,18.4274,336.5664,83.1411,16.8589
198,300110,华仁药业,3.0580000000000003,2.6093,88.0053,490.5518,82.9608,17.0392
199,603496,恒为科技,4.7408,3.4336,46.5325,-1009.0923,82.9284,17.0716
200,002337,赛象科技,4.5768,3.583,71.9237,-70.781,82.904,17.096
201,002801,微光股份,4.8958,4.4641,39.8442,-48346.4916,82.8916,17.1084
202,002883,中设股份,4.8266,4.8248,75.6772,-37722.2393,82.8835,17.1165
203,600620,天宸股份,16.4812,15.8308,590.8496,3594.6068,82.8375,17.1625
204,600563,法拉电子,4.9139,4.3563,124.1824,-3216.8391,82.8366,17.1634
205,300327,中颖电子,5.5993,4.9816,111.0972,-3816.4959,82.7049,17.2951
206,600695,绿庭投资,3.2027,3.2027,138.7233,435.0085,82.654,17.346
207,600750,江中药业,4.0882,3.7644,123.8195,-3297.3409,82.4584,17.5416
208,002566,益盛药业,5.0079,0.8824,15.9124,742.6893,82.429,17.570999999999998
209,603838,四通股份,8.0827,5.6287,320.2413,-999.3154,82.4187,17.5813
210,002199,东晶电子,3.8693,3.0451,168.3469,-572.8047,82.3777,17.6223
211,000919,金陵药业,3.3159,2.9704,216.4305,-3844.6242,82.3578,17.6422
212,000702,正虹科技,2.4445,1.3287,93.3114,769.3452,82.3343,17.6657
213,300285,国瓷材料,2.6866,1.9061,41.0351,3017.5528,82.2975,17.7025
214,603099,长白山,2.655,2.5493,183.6236,4801.4213,82.2412,17.7588
215,603706,东方环宇,3.3411,3.1693,139.416,-27910.9234,82.1973,17.8027
216,603156,养元饮品,4.8563,4.5726,18.7852,-5122.0779999999995,82.1527,17.8473
217,300271,华宇软件,3.4619,2.9055,182.0433,-3231.4826,82.0123,17.9877
218,600161,天坛生物,6.2066,3.2164,216.7917,-4565.5782,81.9928,18.0072
219,300580,贝斯特,2.7041,2.0547,7.7407,-10449.843,81.9812,18.0188
220,600598,北大荒,2.2666,2.0987,78.785,-9439.7482,81.9573,18.0427
221,300634,彩讯股份,4.5772,4.486000000000001,235.7924,3601.8788,81.9379,18.0621
222,002261,拓维信息,3.5659,3.1336,131.7439,-98.7591,81.9375,18.0625
223,300640,德艺文创,4.4743,4.3712,224.1307,-2338.5518,81.8894,18.1106
224,300251,光线传媒,2.4557,1.8602,128.4742,3954.7331,81.7023,18.2977
225,300653,正海生物,4.5974,4.4389,67.985,-12813.8727,81.6692,18.3308
226,600252,中恒集团,2.8656,2.5423,222.6907,-816.9352,81.6513,18.3487
227,603856,东宏股份,5.252000000000001,4.3501,85.0945,26260.9577,81.6143,18.3857
228,300800,力合科技,5.3893,4.8561,192.7042,-8825.1935,81.5143,18.4857
229,600299,安迪苏,3.6329,2.9556,213.6868,-2625.8045,81.4802,18.5198
230,000915,山大华特,3.4722,3.2423,187.4413,-11569.7873,81.433,18.567
231,002308,威创股份,4.5323,4.1765,97.962,-16151.9678,81.4112,18.5888
232,000025,特力A,2.279,2.2077,142.8153,6172.8378,81.3724,18.6276
233,300777,中简科技,2.5765,2.4252,42.3006,23116.5347,81.3631,18.6369
234,600495,晋西车轴,3.5159,2.7745,102.5906,-1412.7427,81.2229,18.7771
235,600618,氯碱化工,2.9335,2.7379,200.9751,3438.2804,81.1746,18.8254
236,300065,海兰信,3.5702,3.1342,102.7411,-8423.8771,81.0884,18.9116
237,002860,星帅尔,3.8862,3.2012,122.6837,-5304.003000000001,81.0862,18.9138
238,603558,健盛集团,1.6745,1.025,44.2343,10391.4394,81.0338,18.9662
239,300559,佳发教育,4.2208,3.9506,125.0199,-34087.3105,81.0309,18.9691
240,002821,凯莱英,3.2518,2.3613,86.36200000000001,-13944.8651,81.0247,18.9753
241,002956,西麦食品,4.4523,4.0871,48.6139,-6384.3647,81.0228,18.9772
242,300798,锦鸡股份,3.6546,2.5811,59.1385,-15573.6089,80.9688,19.0312
243,300548,博创科技,3.7157,2.7285,104.8367,-90.9518,80.9526,19.0474
244,002372,伟星新材,3.4666,2.6504,178.1062,-3454.3122,80.9526,19.0474
245,002469,三维工程,4.5073,4.1949,251.5519,-1269.4976,80.9214,19.0786
246,688139,海尔生物,4.6932,4.4998,257.9768,-693.4711,80.8855,19.1145
247,603365,水星家纺,4.0861,2.4954,135.1718,-4130.8839,80.7682,19.2318
248,603336,宏辉果蔬,3.4709,1.8912,22.3375,3351.2740000000003,80.7609,19.2391
249,300142,沃森生物,3.1638,2.8762,218.77,-5861.8223,80.7379,19.2621
250,300298,三诺生物,3.2158,2.5917,141.4467,-40982.0588,80.7233,19.2767
251,300259,新天科技,4.0623,3.5156,54.9556,-11206.4255,80.5804,19.4196
252,688222,成都先导,6.6816,6.5021,458.2749,-1337.3686,80.5492,19.4508
253,300770,新媒股份,4.3148,4.3147,359.9373,-2940.058,80.5277,19.4723
254,600301,ST南化,6.3229999999999995,3.715,296.9289,24097.8236,80.507,19.493
255,300661,圣邦股份,4.9678,4.202,112.3883,-3473.8429,80.4346,19.5654
256,600776,东方通信,4.0445,2.9795,138.045,-430.76599999999996,80.42699999999999,19.573
257,002795,永和智控,3.6217,2.3668,79.574,12949.7687,80.4002,19.5998
258,002879,长缆科技,4.7655,4.3203,261.3434,-2127.1739,80.3743,19.6257
259,002521,齐峰新材,3.4917,3.0054,18.2838,577.846,80.2199,19.7801
260,002937,兴瑞科技,3.6318,3.3383,198.6577,-760.9019,80.1275,19.8725
261,600650,锦江投资,2.5286,2.2394,176.5702,-3063.2908,80.0383,19.9617
262,300682,朗新科技,3.8029,3.5356,161.3738,-2313.1485,80.0041,19.9959
263,002067,景兴纸业,2.0965,1.6929,44.2201,423.7947,79.9944,20.0056
264,300699,光威复材,5.7345,5.1071,183.7454,8753.89,79.9866,20.0134
265,000688,国城矿业,1.2990000000000002,1.1786,95.5096,-6153.7607,79.9756,20.0244
266,002136,安纳达,2.0898,1.5148,59.2286,4425.1102,79.9583,20.0417
267,603919,金徽酒,2.3071,0.9252,81.7724,-11800.8652,79.9572,20.0428
268,002484,江海股份,3.1444,2.5894,65.9976,-9312.3394,79.9134,20.0866
269,002746,仙坛股份,3.6861,3.2684,157.5747,-7736.6006,79.8491,20.1509
270,600749,西藏旅游,2.3837,2.3442,37.8197,1300.4921,79.8299,20.1701
271,300074,华平股份,3.1074,2.5951,78.3096,-35.0968,79.8278,20.1722
272,300690,双一科技,3.8284,3.1941,47.9661,-3149.1168,79.7098,20.2902
273,002778,高科石化,3.1132,2.2145,49.0294,433.7729,79.6568,20.3432
274,600585,海螺水泥,3.5414,3.3382,200.5932,-3229.6869,79.6077,20.3923
275,000929,兰州黄河,3.8474,3.0458,213.804,42.9767,79.5957,20.4043
276,603813,原尚股份,2.51,2.5078,48.8768,1951.2605,79.5648,20.4352
277,002190,*ST集成,1.8235,1.3169,26.9065,3008.6463,79.4723,20.5277
278,000541,佛山照明,3.1561,2.5924,99.5475,-1170.0209,79.4697,20.5303
279,002695,煌上煌,4.4735,2.945,249.8017,-3077.8965,79.41199999999999,20.588
280,688085,三友医疗,3.2151,2.5753,35.1434,-66381.7248,79.3886,20.6114
281,600794,保税科技,2.1123,1.83,84.1175,1013.8264,79.329,20.671
282,603327,福蓉科技,3.2053,2.6598,77.834,2403.6641,79.2952,20.7048
283,002979,雷赛智能,3.8132,2.8445,123.3516,32331.6417,79.2421,20.7579
284,300817,双飞股份,2.4275,1.8421,38.236,4357.3152,79.1649,20.8351
285,300731,科创新源,3.2972,2.9954,154.9372,3071.8348,79.1176,20.8824
286,300179,四方达,3.511,2.9668,54.0372,-1977.059,79.0542,20.9458
287,002492,恒基达鑫,2.506,2.492,137.5323,559.7477,79.0527,20.9473
288,600826,兰生股份,3.8158,3.7,42.8151,-2168.084,79.0261,20.9739
289,601333,广深铁路,1.035,0.9932,24.1211,3675.1079999999997,78.9829,21.0171
290,603068,博通集成,4.5825,3.52,254.9878,-3941.1563,78.9694,21.0306
291,300759,康龙化成,4.6818,4.5579,351.2577,976.0386,78.8927,21.1073
292,300786,国林科技,3.8551,2.8358,117.2463,8239.029,78.8846,21.1154
293,300617,安靠智电,4.0625,3.4211,37.0847,1904.6781,78.8642,21.1358
294,002186,全聚德,2.1828,1.9631,168.5592,-50185.1722,78.8123,21.1877
295,600099,林海股份,3.3801,2.3372,128.3649,-65.763,78.8062,21.1938
296,002526,山东矿机,3.1716,2.4439,45.1655,4604.234,78.7532,21.2468
297,603121,华培动力,3.0337,2.582,39.2832,81782.2291,78.7194,21.2806
298,603444,吉比特,3.0546,3.054,100.0669,-7128.0074,78.6281,21.3719
299,603806,福斯特,7.8286,6.7733,218.3603,-393471.5714,78.6172,21.3828
300,688012,中微公司,4.2923,3.0782,105.4361,-15911.255,78.575,21.425
301,600273,嘉化能源,1.5181,1.1437,37.0025,7769.6623,78.5616,21.4384
302,600113,浙江东日,1.4184,1.195,88.7268,45074.3262,78.5517,21.4483
303,600088,中视传媒,2.9611,2.8105,235.0032,-1734.1728,78.467,21.533
304,688299,长阳科技,3.5214,3.2984,58.8254,1109.9782,78.4281,21.5719
305,300165,天瑞仪器,2.9486,1.9066,77.8713,1197.3798,78.4186,21.5814
306,000631,顺发恒业,4.9442,4.4875,444.4907,-4902.6512,78.4052,21.5948
307,300727,润禾材料,2.592,2.2365,89.3851,-1882.7356,78.3999,21.6001
308,300121,阳谷华泰,2.7525,2.2745,64.4409,2787.5944,78.3967,21.6033
309,600449,宁夏建材,1.8176,1.607,64.2708,5359.1338,78.3706,21.6294
310,600426,华鲁恒升,1.4343,1.298,29.3613,1975.0556,78.2482,21.7518
311,002568,百润股份,1.6369,1.4555,98.6267,-6884.1568,78.2039,21.7961
312,603826,坤彩科技,2.4494,1.041,36.1631,6438.6088,78.1603,21.8397
313,000985,大庆华科,2.5812,2.0093,190.649,-977.9019999999999,78.0156,21.9844
314,002293,罗莱生活,3.4239,2.3073,167.1498,-1636.0073,77.9665,22.0335
315,300019,硅宝科技,2.8510000000000004,2.2318,70.4629,76178.4774,77.8462,22.1538
316,688021,奥福环保,3.6979,2.992,209.9397,900.0951,77.8116,22.1884
317,603889,新澳股份,2.6034,1.3639,87.2438,5439.246999999999,77.7839,22.2161
318,300711,广哈通信,4.0824,3.4474,197.2524,-111.706,77.7609,22.2391
319,600933,爱柯迪,5.0274,4.3361,307.1114,-1525.6553,77.73100000000001,22.269000000000002
320,002832,比音勒芬,3.5513,2.2899,88.9328,-8341.9622,77.5789,22.4211
321,300624,万兴科技,4.4126,4.3444,75.179,-10965.8822,77.5629,22.4371
322,002706,良信电器,2.4096,1.886,55.5319,-12895.9604,77.5467,22.4533
323,002732,燕塘乳业,1.1488,0.7386,36.2142,2595.7342,77.4865,22.5135
324,603027,千禾味业,3.4657,2.3079,31.2583,-2987.133,77.4739,22.5261
325,300363,博腾股份,2.9767,2.4469,181.5046,2815.6413,77.4702,22.5298
326,300304,云意电气,3.5481,3.2022,65.35600000000001,16763.9004,77.4531,22.5469
327,000790,华神科技,3.5048,3.1537,165.68099999999998,-986.0594,77.3574,22.6426
328,603666,亿嘉和,4.0795,3.4166,77.3913,-3803.8435,77.3471,22.6529
329,688208,道通科技,6.0139,4.0435,191.8396,-4177.6653,77.3075,22.6925
330,300342,天银机电,2.7119,2.0073,33.345,1542.6128,77.2892,22.7108
331,002223,鱼跃医疗,2.6417,2.0538,99.2326,-8266.0719,77.2883,22.7117
332,300659,中孚信息,4.0975,3.8259,228.7566,-5173.4248,77.1619,22.8381
333,600321,ST正源,1.3362,1.0122,29.6167,201.5571,77.1287,22.8713
334,002925,盈趣科技,3.8062,3.3759,90.1441,-2020.8855,77.1168,22.8832
335,603535,嘉诚国际,2.4688,2.0769,89.5933,95517.9421,77.0751,22.9249
336,002978,安宁股份,2.0395,1.8508,65.9035,8431.9439,77.0718,22.9282
337,600062,华润双鹤,2.5789999999999997,2.0896,78.7509,-12679.0237,76.9412,23.0588
338,603258,电魂网络,2.7892,2.7886,42.6038,-3633.4557,76.8606,23.1394
339,002465,海格通信,3.4719,2.7257,85.8717,-5647.241,76.7962,23.2038
340,002882,金龙羽,3.6361,2.6239,81.1786,2037.3754,76.7886,23.2114
341,000538,云南白药,4.6493,3.4276,135.1511,-7425.3432,76.7245,23.2755
342,603967,中创物流,3.0465,3.0321,82.6333,-6811.5337,76.7208,23.2792
343,300493,润欣科技,3.4225,2.8982,67.5228,450.0307,76.6772,23.3228
344,600366,宁波韵升,2.5613,1.9917,48.5598,308.2907,76.6754,23.3246
345,002678,珠江钢琴,2.9339999999999997,1.8601,119.3296,12092.6914,76.6166,23.3834
346,600249,两面针,3.3673,3.0601,126.6601,-76.0018,76.5643,23.4357
347,300287,飞利信,2.6586,2.2618,42.2078,338.335,76.5433,23.4567
348,002231,奥维通信,3.9615,3.0263,158.1993,6423.0372,76.5175,23.4825
349,000710,贝瑞基因,4.1194,3.1814,91.4994,-64198.5255,76.479,23.521
350,002677,浙江美大,2.0836,1.9025,181.7056,-3980.9472,76.4669,23.5331
351,600987,航民股份,3.0523,2.2417,101.8713,-44770.5218,76.40100000000001,23.599
352,600727,鲁北化工,1.7157,1.3645,55.1275,-3612.3818,76.3626,23.6374
353,300253,卫宁健康,2.3558,2.1975,64.6471,12968.3332,76.3463,23.6537
354,603060,国检集团,2.3848,2.3002,90.5188,-14773.0823,76.2872,23.7128
355,000859,国风塑业,2.6908,2.1745,114.9531,-18921.817,76.2071,23.7929
356,300033,同花顺,3.7158,3.7158,322.7953,-811.2802,76.2046,23.7954
357,002012,凯恩股份,2.8171,2.1416,59.0384,675.543,76.1939,23.8061
358,002106,莱宝高科,3.5179,3.0281,174.9404,-556.4503,76.1763,23.8237
359,002756,永兴材料,2.7827,2.2056,83.98899999999999,-4971.6801,76.112,23.888
360,603992,松霖科技,2.8666,2.4796,179.1099,-891.1982,76.039,23.961
361,002861,瀛通通讯,2.924,2.2438,65.4031,-2769.6921,75.9658,24.0342
362,300248,新开普,2.8688,2.4049,114.4203,8570.1792,75.9601,24.0399
363,603000,人民网,3.1688,3.0974,69.7635,-5039.1394,75.9089,24.0911
364,600219,南山铝业,2.0769,1.6092,94.5603,842.9634,75.875,24.125
365,300046,台基股份,3.455,2.5241,142.6979,-105131.8821,75.8649,24.1351
366,002968,新大正,3.562,3.5594,266.2886,12565.673999999999,75.8467,24.1533
367,603878,武进不锈,3.3599,1.909,42.2266,5847.0681,75.8099,24.1901
368,300673,佩蒂股份,2.3588,1.7278,86.9084,-1138.0956,75.8037,24.1963
369,603528,多伦科技,3.335,2.719,144.7016,-2089.4272,75.7773,24.2227
370,300598,诚迈科技,2.3981,2.2921,54.8832,3647.938,75.6896,24.3104
371,601801,皖新传媒,3.1925,2.7366,175.611,-322.5233,75.5955,24.4045
372,002927,泰永长征,3.5838,2.9469,85.0879,-3509.8009,75.5457,24.4543
373,603165,荣晟环保,6.784,6.419,386.6466,-5157.168,75.5027,24.4973
374,688101,三达膜,3.8212,3.3616,140.0829,1785.6094,75.4548,24.5452
375,603968,醋化股份,3.2015,2.955,119.4151,-6065.1202,75.3365,24.6635
376,000738,航发控制,3.1048,2.544,124.4583,3040.2325,75.329,24.671
377,688357,建龙微纳,3.2586,2.9881,52.8064,1324.6893,75.3131,24.6869
378,600975,新五丰,2.2935,0.8039,48.9215,1349.5341,75.3016,24.6984
379,002859,洁美科技,3.1473,2.1909,105.4264,-1714.2369,75.2934,24.7066
380,000799,酒鬼酒,3.1458,1.9561,168.0674,-3706.1196,75.2793,24.7207
381,300584,海辰药业,1.6688,1.3087,72.9941,2247.5326,75.2416,24.7584
382,603638,艾迪精密,2.5386,1.7976,131.1783,2636.0848,75.1832,24.8168
383,002976,瑞玛工业,2.7148,2.1544,64.6022,-11145.8491,75.1336,24.8664
384,300375,鹏翎股份,2.6077,1.8244,50.8846,1535.2921,75.0938,24.9062
385,603022,新通联,2.1753,1.6732,45.3269,1283.4351,75.048,24.951999999999998
386,600135,乐凯胶片,3.0407,2.294,95.8228,54314.7999,74.9864,25.0136
387,300202,聚龙股份,3.2078,2.6010000000000004,130.9143,331.4249,74.9707,25.0293
388,603920,世运电路,2.7792,2.5019,145.2815,-853.5424,74.8914,25.1086
389,600356,恒丰纸业,2.3979,1.6093,42.4519,933.5662,74.8806,25.1194
390,600725,ST云维,4.7965,4.7965,177.8618,-2272.3351,74.8257,25.1743
391,600980,北矿科技,2.9503,2.0951,104.9791,-1450.694,74.7656,25.2344
392,300373,扬杰科技,2.1819,1.7696,52.0654,19103.486,74.7463,25.2537
393,603429,集友股份,2.3186,2.0602,134.5363,-1643.8552,74.7312,25.2688
394,300563,神宇股份,2.477,1.8286,28.285,4726.8498,74.7157,25.2843
395,300707,威唐工业,2.695,1.7801,109.2621,1739.6801,74.64699999999999,25.353
396,300612,宣亚国际,2.7526,2.647,88.7936,-791.7948,74.643,25.357
397,603948,建业股份,3.685,2.9343,155.5574,-10974.0766,74.6006,25.3994
398,300073,当升科技,3.2362,3.0226,215.2433,7402.8937,74.5981,25.4019
399,002494,华斯股份,2.5868,1.2027,67.6645,1960.4633,74.4432,25.5568
400,002014,永新股份,2.6951,2.2469,86.1197,78071.3047,74.4417,25.5583
401,300620,光库科技,3.2789,2.862,156.7156,-637.3736,74.4394,25.5606
402,601088,中国神华,1.6809,1.5546,53.9164,2753.0417,74.4191,25.5809
403,603385,惠达卫浴,2.6753,2.0322,14.3771,4002.9197,74.4091,25.5909
404,000912,泸天化,2.806,2.1349,136.9488,1384.8468,74.372,25.628
405,000629,攀钢钒钛,2.3269,2.0208,162.7574,3867.7669,74.3298,25.6702
406,002519,银河电子,2.6367,2.0215,42.7877,2161.8188,74.3167,25.6833
407,000088,盐田港,1.5919,1.5877,126.8736,1232.0403,74.2515,25.7485
408,600768,宁波富邦,3.2529,3.0937,161.4776,5355.5082,74.2394,25.7606
409,603917,合力科技,2.6462,1.5693,24.8055,3312.91,74.2357,25.7643
410,300787,海能实业,2.9324,2.4375,163.0164,-10969.1953,74.0686,25.9314
411,002155,湖南黄金,0.8517,0.5559,23.4322,461.7604,74.03,25.97
412,603727,博迈科,2.1113,1.3835,66.7031,275.2475,73.9814,26.0186
413,300670,大烨智能,2.6405,2.4595,43.0845,-427.7812,73.8422,26.1578
414,000822,山东海化,2.1893,1.7467,94.2977,-5425.6078,73.7212,26.2788
415,002441,众业达,2.9598,2.2898,31.4524,-3798.1216,73.6888,26.3112
416,300822,贝仕达克,2.8322,2.2825,143.5738,4011.7798,73.6761,26.3239
417,000565,渝三峡A,2.8058,2.3909,112.57600000000001,1248.7029,73.6739,26.3261
418,002362,汉王科技,2.8728,2.1958,101.2563,-2892.9002,73.6096,26.3904
419,000590,启迪古汉,3.1932,2.8626,204.2272,-1030.6841,73.4768,26.5232
420,300224,正海磁材,2.8853,2.2643,54.191,-1507.7234,73.4705,26.5295
421,603839,安正时尚,2.5614,1.3328,62.5578,386800.0999,73.4444,26.5556
422,000548,湖南投资,2.0244,0.9105,58.6578,-1019.3871,73.4413,26.5587
423,603933,睿能科技,3.3219,2.5283,29.035,311.7501,73.4213,26.5787
424,002940,昂利康,2.7526,2.3613,148.5756,-680.7215,73.3923,26.6077
425,300347,泰格医药,1.8819,1.8813,114.0512,11495.356000000002,73.3028,26.6972
426,603700,宁水集团,3.4461,2.8076,112.7977,-9410.4661,73.2714,26.7286
427,603183,建研院,2.0152,1.7949,47.3312,327074.5398,73.2382,26.7618
428,603289,泰瑞机器,3.0199,2.3026,137.4809,-851.2778,73.2245,26.7755
429,300451,创业慧康,1.7137,1.5637,55.7558,6332.7695,73.1371,26.8629
430,600558,大西洋,1.9735,1.2616,49.3385,809.8849,73.0846,26.9154
431,603380,易德龙,2.9126,2.4695,45.2298,-72755.1977,73.0327,26.9673
432,002595,豪迈科技,2.3789,1.8823,49.5248,6439.6463,72.9873,27.0127
433,603221,爱丽家居,2.3119,1.6757,75.3451,6303.9175,72.9607,27.0393
434,002428,云南锗业,1.5309,0.6165,25.1349,-179.4581,72.921,27.079
435,002597,金禾实业,3.557,3.2257,157.877,-4859.1257,72.8886,27.1114
436,603229,奥翔药业,2.5916,1.7819999999999998,147.1222,-782.1755,72.8081,27.1919
437,600126,杭钢股份,1.7617,1.4707,99.6459,-346.213,72.7977,27.2023
438,300130,新国都,4.0116,3.7265,210.0524,2482.4881,72.7355,27.2645
439,600012,皖通高速,1.3047,1.3019999999999998,100.4872,3117.7837,72.6742,27.3258
440,600929,湖南盐业,1.3745,1.0563,27.3765,879.1298,72.6328,27.3672
441,300760,迈瑞医疗,3.713,3.2639,283.4239,-1216.5046,72.626,27.374000000000002
442,002642,*ST荣联,2.1972,1.5378,49.5221,255.2039,72.4683,27.5317
443,600889,南京化纤,2.7669,2.5317,14.1903,-14416.6525,72.4323,27.5677
444,300479,神思电子,2.4583,1.8707,55.207,663.5894,72.2744,27.7256
445,002303,美盈森,2.0391,1.6311,56.9417,9003.1963,72.2712,27.7288
446,000576,广东甘化,2.1807,1.8754,73.7678,1199.2912,72.2649,27.7351
447,300785,值得买,4.696000000000001,4.6645,52.303000000000004,3311.8798,72.2333,27.7667
448,000798,中水渔业,1.4664,0.6625,40.7056,1350.5512,72.2228,27.7772
449,603866,桃李面包,4.3746,4.1563,179.8039,25249.8984,72.1774,27.8226
450,601010,文峰股份,1.0190000000000001,0.6307,18.2441,13431.2345,72.1734,27.8266
451,600187,国中水务,2.4863,2.3487,145.2689,434.0575,72.1607,27.8393
452,603678,火炬电子,2.6823,2.0255,40.9922,1890.967,72.0219,27.9781
453,300725,药石科技,1.9288,1.185,58.8084,-18598.4543,71.9894,28.0106
454,601005,重庆钢铁,1.5434,0.7709,35.0461,621.1099,71.9017,28.0983
455,002555,三七互娱,2.4439,2.4439,82.7764,-17990.1636,71.8928,28.1072
456,600866,星湖科技,1.5597,0.9298,52.2322,1461.856,71.8392,28.1608
457,002825,纳尔股份,2.1761,1.7447,74.7428,-3269.275,71.821,28.179000000000002
458,002461,珠江啤酒,2.6249,2.3876,168.5417,-170.5405,71.8006,28.1994
459,000029,深深房A,3.0363,1.9708,182.9899,-3401.2824,71.7968,28.2032
460,002238,天威视讯,1.6993,1.6704,94.8006,-1063.3591,71.7625,28.2375
461,603335,迪生力,2.5567,1.3103,95.8913,558.7477,71.6568,28.3432
462,600896,览海医疗,0.1481,0.1447,4.0806,-1443.5521,71.5953,28.4047
463,603987,康德莱,2.6569,2.3006,120.3713,-7364.2173,71.5535,28.4465
464,002138,顺络电子,1.5655,1.1949,31.3088,2563.5812,71.5237,28.4763
465,300745,欣锐科技,2.9907,2.2563,40.3843,-2249.9299,71.5104,28.4896
466,000552,靖远煤电,2.1655,2.0587,109.1346,5093.9467,71.4634,28.5366
467,688023,安恒信息,3.7137,3.4819,297.1214,-3134.4286,71.374,28.625999999999998
468,688278,特宝生物,2.9537,2.4853,136.5972,1228.2228,71.3517,28.6483
469,600872,中炬高新,2.2025,1.2227,43.6684,1998.9002,71.3132,28.6868
470,002344,海宁皮城,1.0686,0.4789,26.8427,-419928.9802,71.2687,28.7313
471,300234,开尔新材,2.6822,1.9844,35.7194,2040.7412,71.2563,28.7437
472,300146,汤臣倍健,2.1674,1.7448,103.6798,-3883.6690000000003,71.1991,28.8009
473,603309,维力医疗,1.8194,1.3713,74.7006,1228.0887,71.1935,28.8065
474,600583,海油工程,1.9439,1.3398,20.4025,-1532.2301,71.1717,28.8283
475,600724,宁波富达,2.8767,2.7464,101.0408,1384.2928,71.1124,28.8876
476,300705,九典制药,2.2647,1.5846,65.6107,1513.3859,71.0635,28.9365
477,300188,美亚柏科,2.3124,1.9256,103.1814,-4985.5935,71.0559,28.9441
478,603609,禾丰牧业,1.6287,0.9840000000000001,63.9121,2171.0949,71.0345,28.9655
479,002895,川恒股份,1.205,0.7803,50.5397,1538.1622,70.9353,29.0647
480,300825,阿尔特,3.1228,2.2466,100.7946,8391.5419,70.9083,29.0917
481,002923,润都股份,2.658,1.8425,67.3164,17541.501,70.8757,29.1243
482,603339,四方科技,2.354,1.4382,130.0052,-1111.0205,70.8089,29.1911
483,002019,亿帆医药,1.2209,1.0135,52.8442,2305.5774,70.6836,29.3164
484,603192,汇得科技,2.7754,2.5947,118.3878,-2885.5812,70.6789,29.3211
485,601996,丰林集团,3.1401,2.3516,169.0047,8208.0757,70.6747,29.3253
486,600097,开创国际,3.667,2.4285,186.6447,1377.3872,70.5898,29.4102
487,000026,飞亚达,2.4236,0.7758,28.8468,941.7837,70.5821,29.4179
488,002687,乔治白,2.0541,1.3339,70.4835,534070.3597,70.5646,29.4354
489,300397,天和防务,1.9082,1.2603,28.3872,-2824.5971,70.5049,29.4951
490,300637,扬帆新材,0.963,0.6038,26.0189,98433.5669,70.4686,29.5314
491,600566,济川药业,2.6695,2.4855,124.181,-8524.4904,70.4522,29.5478
492,600329,中新药业,2.3803,1.6411,68.5813,-11933.7797,70.4205,29.5795
493,002117,东港股份,2.0489,1.8783,54.4294,-135756.7219,70.2615,29.7385
494,002658,雪迪龙,6.3216,4.987,332.2035,-3069.6169,70.2602,29.7398
495,002538,司尔特,2.9082,1.9056,25.5798,861.7566,70.2029,29.7971
496,601579,会稽山,1.9413,0.7494,41.7759,2590.5546,70.1777,29.8223
497,002114,罗平锌电,1.1454,0.6382,56.2445,280.6745,70.1618,29.8382
498,600989,宝丰能源,0.5741,0.4376,33.6642,1453.399,70.1378,29.8622
499,600085,同仁堂,3.2926,2.0764,154.4267,-6455.3076,70.0714,29.9286
500,600720,祁连山,0.877,0.6864,17.5643,3921.4659,69.9224,30.0776
501,601158,重庆水务,1.1114,1.0012,58.4792,14638.6663,69.8717,30.1283
502,002152,广电运通,2.3166,1.8588,107.0071,-1393.3107,69.8627,30.1373
503,000529,广弘控股,3.4160000000000004,2.8864,251.5142,-782.4701,69.8237,30.1763
504,300471,厚普股份,1.2989,0.816,19.647000000000002,221.4523,69.7388,30.2612
505,002858,力盛赛车,2.2769,2.074,66.8556,900.3828,69.7327,30.2673
506,002572,索菲亚,1.6885,1.5499,54.8065,5378.8606,69.652,30.348000000000003
507,600103,青山纸业,2.3223,1.7659,38.8863,981.1532,69.6315,30.3685
508,300496,中科创达,1.929,1.8854,94.6197,1356.7773,69.5933,30.4067
509,601116,三江购物,2.3871,2.0702,192.8782,-116.2459,69.5665,30.4335
510,300636,同和药业,2.026,0.7491,20.3473,1601.3863,69.5383,30.4617
511,600378,昊华科技,2.8546,2.4651,112.5759,10500.4732,69.5297,30.4703
512,603605,珀莱雅,2.1878,1.8291,142.6123,-4705.1814,69.4798,30.5202
513,000823,超声电子,2.0963,1.6341,59.1293,-5825.1359999999995,69.3727,30.6273
514,300036,超图软件,1.9421,1.9329,91.7052,17911.4508,69.372,30.628
515,000661,长春高新,2.7171,2.173,116.0533,-5565.7391,69.2346,30.7654
516,603103,横店影视,1.9353,1.8771,34.3554,-5573.2948,69.1899,30.8101
517,002054,德美化工,2.0999,1.8204,57.5965,709.9522,69.1539,30.8461
518,002715,登云股份,1.7587,0.8975,33.7026,163.0678,69.1084,30.8916
519,002299,圣农发展,0.9429,0.5162,27.2322,2776.9641,69.0991,30.9009
520,000610,西安旅游,1.7069,1.6994,96.7967,1420.0036,69.0818,30.9182
521,300820,英杰电气,3.0106,1.913,88.9691,-5806.67,69.0736,30.9264
522,000795,英洛华,2.5164,1.9404,55.0402,-2894.7195,69.0718,30.9282
523,603977,国泰集团,1.4436,1.1841,34.2365,3576.5609999999997,69.0553,30.9447
524,002315,焦点科技,1.9713,1.9665,104.853,-4072.2558,69.0532,30.9468
525,600479,千金药业,2.6839999999999997,2.2576,125.149,-1048.2863,68.9784,31.0216
526,002965,祥鑫科技,2.3925,1.8997,26.3015,-11656.0,68.9352,31.0648
527,300120,经纬辉开,1.7757,1.3796,53.044,750.0943,68.8926,31.1074
528,600817,ST宏盛,2.2847,2.1886,183.2849,-5116.377,68.8837,31.1163
529,603181,皇马科技,3.9649,3.463,66.5588,-38426.2112,68.8624,31.1376
530,002938,鹏鼎控股,1.8485,1.6235,76.4299,-1805.8836,68.7175,31.2825
531,002809,红墙股份,2.8556,2.7534,57.1142,-1193.3135,68.6924,31.3076
532,603669,灵康药业,3.0598,2.8356,127.5218,2443.1551,68.6635,31.3365
533,600756,浪潮软件,1.9896,1.9149,76.5394,-2608.1546,68.5829,31.4171
534,600313,农发种业,2.2705,1.7647,31.9494,438.7925,68.5021,31.4979
535,300034,钢研高纳,2.2234,1.6846,34.605,3073.5735,68.4985,31.5015
536,300697,电工合金,2.589,2.0457,62.815,928.9674,68.387,31.613000000000003
537,002913,奥士康,2.0816,1.8146,24.5566,-4106.32,68.3796,31.6204
538,300310,宜通世纪,2.6104,2.2202,95.1158,-569.1733,68.3574,31.6426
539,600380,健康元,2.2495,2.0422,152.0043,-881.8103,68.3398,31.6602
540,600033,福建高速,0.6091,0.603,34.7481,875.3868,68.3345,31.6655
541,603776,永安行,4.5376,4.458,72.9327,6170.8726,68.3121,31.6879
542,000513,丽珠集团,2.4318,2.211,167.6139,-682.4044,68.2851,31.7149
543,002782,可立克,2.5301,2.1797,94.9941,-1485.8335,68.2437,31.7563
544,300383,光环新网,1.8304,1.8259999999999998,34.4039,915.3654,68.2201,31.7799
545,603090,宏盛股份,1.8725,1.625,32.7465,-93209.06800000001,68.1158,31.8842
546,002970,锐明技术,3.1521,2.8091,190.4108,14189.246000000001,68.0555,31.9445
547,002850,科达利,1.3691,1.0947,17.6376,734.7731,68.0498,31.9502
548,603113,金能科技,2.9744,2.5396,24.0916,25853.8813,68.0361,31.9639
549,603578,三星新材,5.0868,4.7526,161.4362,1180.2068,67.9768,32.0232
550,000990,诚志股份,1.1544,0.9874,39.0185,304.0603,67.9451,32.0549
551,600488,天药股份,1.1532,0.379,15.3078,876.9066,67.9005,32.0995
552,600761,安徽合力,2.2405,1.7856,62.6886,34808.4592,67.7912,32.2088
553,000786,北新建材,1.0206,0.7609,10.0386,2582.9671,67.7542,32.2458
554,300763,锦浪科技,2.6053,2.2696,138.5611,-883.7011,67.6624,32.3376
555,300644,南京聚隆,2.3369,1.7873,37.2613,634.8316,67.66,32.34
556,300286,安科瑞,2.3022,1.9207,25.69,-87244.7889,67.6564,32.3436
557,600433,冠豪高新,1.1515,0.8320000000000001,24.3791,472.5683,67.6422,32.3578
558,002166,莱茵生物,2.3952,0.6236,24.7177,1820.0511,67.6073,32.3927
559,002557,洽洽食品,2.1697,1.3468,15.0617,-4751.7841,67.5762,32.4238
560,603353,和顺石油,1.1401,0.8293,67.4451,2265.7545,67.5187,32.4813
561,300573,兴齐眼药,1.2746,0.9133,22.6005,899.0561,67.4478,32.5522
562,002057,中钢天源,2.3374,2.0533,82.529,3138.1224,67.4408,32.5592
563,002134,天津普林,1.7558,1.409,48.8128,-7006.6296,67.3241,32.6759
564,600825,新华传媒,1.9054,1.6338,104.2486,2.9539999999999997,67.2794,32.7206
565,603166,福达股份,1.4216,0.9485,17.4067,621.0906,67.2506,32.7494
566,600571,信雅达,2.7139,2.4244,28.5329,2319.3185,67.0527,32.9473
567,603288,海天味业,2.5405,2.3146,168.6486,-2078.4502,67.0509,32.9491
568,300531,优博讯,1.9614,1.5023,95.4114,5176.4508,67.0199,32.9801
569,300114,中航电测,2.2139,1.6163,81.9818,-1723.0682,66.9696,33.0304
570,600557,康缘药业,1.5066,1.3642,21.1702,1594.0485,66.8884,33.1116
571,002243,通产丽星,2.5685,1.9123,135.3686,3140.8059,66.8514,33.1486
572,601126,四方股份,2.4969,2.044,59.0798,-1596.729,66.7444,33.2556
573,603393,新天然气,3.3229,3.2988,244.68900000000002,1256.878,66.64399999999999,33.356
574,300275,梅安森,1.5233,1.193,9.1799,368.6405,66.5452,33.4548
575,603167,渤海轮渡,1.8744,1.787,96.3464,2990.7813,66.4536,33.5464
576,002774,快意电梯,2.7316,2.062,63.6388,-473.5899,66.3995,33.6005
577,300341,麦克奥迪,4.0933,3.1117,179.0418,-5835.7263,66.3984,33.6016
578,603979,金诚信,2.4659,1.9881,60.3365,561.8372,66.3601,33.6399
579,000877,天山股份,0.8926,0.7894,20.2523,1288.7218,66.3568,33.6432
580,603579,荣泰健康,2.258,1.9466,114.0341,-9949.0927,66.2812,33.7188
581,603897,长城科技,5.7812,4.6869,18.7565,741.3589,66.2223,33.7777
582,000619,海螺型材,1.8825,1.4998,46.8673,184.4753,66.2185,33.7815
583,002232,启明信息,2.7498,2.5143,170.9804,-784.62,66.1896,33.8104
584,300213,佳讯飞鸿,2.1255,1.9533,86.8883,976.1471,66.1719,33.8281
585,002738,中矿资源,2.0316,1.365,55.0915,480.1815,66.1653,33.8347
586,300119,瑞普生物,1.4648,1.2128,37.895,1218.5931,66.1504,33.8496
587,000705,浙江震元,2.1917,1.5028,38.4013,-2246.6942,66.1278,33.8722
588,603095,越剑智能,2.1886,1.7183,66.5481,-5272.2723,66.0998,33.9002
589,002020,京新药业,1.9687,1.7335,27.8609,18845.401,65.9672,34.0328
590,600577,精达股份,2.2007,1.7142,48.3976,694.7975,65.9224,34.0776
591,002977,天箭科技,2.7744,2.553,29.4388,-23805.3621,65.8554,34.1446
592,600688,上海石化,1.4412,1.0049,57.8731,-662.2805,65.7722,34.2278
593,002025,航天电器,2.6599,2.3836,52.2525,-5025.8137,65.7376,34.2624
594,000520,长航凤凰,1.4211,1.3609,68.0431,60751.3635,65.6916,34.3084
595,600628,新世界,1.1878,1.1083,73.8621,368.2226,65.6774,34.3226
596,300031,宝通科技,1.7033,1.4967,73.4667,1851.5277,65.6759,34.3241
597,600379,宝光股份,2.5254,1.9245,45.4457,1676.3051,65.6602,34.3398
598,603533,掌阅科技,2.349,2.349,183.123,-381.5405,65.6329,34.3671
599,002029,七匹狼,1.7003,1.3655,41.3652,-1017.3125,65.6182,34.3818
600,601086,国芳集团,1.2647,1.1432,88.9494,-7572.9687,65.5826,34.4174
601,002292,奥飞娱乐,1.0593,0.6231,26.5801,228.5944,65.5679,34.4321
602,300650,太龙照明,2.4113,1.8993,93.9172,11299.7941,65.5584,34.4416
603,002675,东诚药业,1.2659,0.9008,34.1261,789.8629,65.5098,34.4902
604,002922,伊戈尔,1.6386,1.3145,42.6598,1203.623,65.4802,34.5198
605,002211,宏达新材,2.0502,1.969,11.7128,6086.74,65.4786,34.5214
606,603187,海容冷链,2.2525,1.7768,116.1645,-1765.8939,65.4415,34.5585
607,000848,承德露露,2.4736,2.1673,215.3984,-2725.3222,65.4,34.6
608,002829,星网宇达,2.2723,1.6580000000000001,21.5211,251.0506,65.3141,34.6859
609,002075,沙钢股份,1.7683,1.3472,5.1606,-9749.2924,65.2771,34.7229
610,603725,天安新材,1.5078,1.1414,23.0402,123.6251,65.2539,34.7461
611,000899,赣能股份,0.6409999999999999,0.5408,10.9976,396.6306,65.2379,34.7621
612,603337,杰克股份,1.9697,1.1304,31.3477,12450.681,65.196,34.804
613,603128,华贸物流,2.0167,1.9858,58.346000000000004,9801.6857,65.1857,34.8143
614,002398,垒知集团,2.05,1.9866,16.7472,-131499.446,65.1491,34.8509
615,603214,爱婴室,2.3948,1.4105,114.4343,-2680.7312,65.0408,34.9592
616,000988,华工科技,2.2943,1.8944,83.1656,-2215.6910000000003,65.027,34.973
617,600798,宁波海运,1.4669,1.393,95.9465,525.7518,64.9627,35.0373
618,300227,光韵达,1.7897,1.4164,35.2163,588.6625,64.8579,35.1421
619,603617,君禾股份,1.8081,1.3458,80.1717,-3410.7459999999996,64.834,35.166
620,603303,得邦照明,2.1983,1.8054,40.8187,2146.532,64.7257,35.2743
621,002518,科士达,2.3053,2.0511,58.7824,-1997.6719,64.7115,35.2885
622,002239,奥特佳,1.3311,0.934,24.6398,328.5302,64.6987,35.3013
623,601069,西部黄金,1.0061,0.4807,28.4153,276.5969,64.6944,35.3056
624,603290,斯达半导,2.7677,1.7932,46.3522,1506.8757,64.6557,35.3443
625,600877,*ST电能,2.426,1.8957,54.3446,-60793.5967,64.6518,35.3482
626,603823,百合花,1.8644,1.2548,27.6371,18704.4054,64.543,35.457
627,600780,通宝能源,1.0696,1.0172,75.5962,653.7433,64.5387,35.4613
628,002187,广百股份,1.5546,1.4346,120.2143,-457.3717,64.5166,35.4834
629,000715,中兴商业,1.7480000000000002,1.6321,70.3224,-1533.0028,64.4892,35.5108
630,600805,悦达投资,0.909,0.7117,27.2332,167.4966,64.3204,35.6796
631,688096,京源环保,3.0255,2.9221,78.1564,2459.5472,64.3087,35.6913
632,000735,罗牛山,1.473,0.5463,33.3639,185.3428,64.2934,35.7066
633,300436,广生堂,0.8513,0.6989,40.3005,310.1317,64.264,35.736
634,002379,宏创控股,1.3145,0.732,11.3616,-7685.0212,64.2628,35.7372
635,002395,双象股份,1.915,1.0926,49.2689,-6359.853,64.182,35.818000000000005
636,000999,华润三九,1.5378,1.3238,45.506,-20042.547,64.0777,35.9223
637,000037,深南电A,1.5893,1.4672,75.685,228.9593,64.0672,35.9328
638,300505,川金诺,2.5429,1.5717,112.4602,1678.0699,64.0581,35.9419
639,600862,中航高科,2.3478,1.5418,103.8066,304317.4308,64.0302,35.9698
640,300174,元力股份,1.3299,0.9359999999999999,29.9191,1064.7205,63.9566,36.0434
641,600968,海油发展,1.39,1.3365,16.0731,977.0137,63.9464,36.0536
642,600647,同达创业,2.5474,2.168,145.9191,-1158.8518,63.9178,36.0822
643,603238,诺邦股份,1.0702,0.7755,36.4989,-6794.775,63.8952,36.1048
644,600018,上港集团,2.089,1.3582,95.9235,1555.0432,63.8561,36.1439
645,002382,蓝帆医疗,1.2962,1.1397,84.4083,840.9559,63.8312,36.1688
646,603228,景旺电子,1.8007,1.5213,38.4217,-8620.1636,63.8165,36.1835
647,300454,深信服,1.2012,1.1108,19.5703,-540.8551,63.8023,36.1977
648,300703,创源文化,1.9457,1.6967,67.1916,-3227.1696,63.7792,36.2208
649,603320,迪贝电气,3.9938,3.3856,214.0116,-4443.1071,63.7344,36.2656
650,002905,金逸影视,1.4849,1.465,44.2943,-45676.9106,63.7299,36.2701
651,600444,国机通用,2.4441,1.89,63.7115,-882.0922,63.724,36.275999999999996
652,000789,万年青,1.5119999999999998,1.3675,98.1845,8157.8009999999995,63.7208,36.2792
653,600818,中路股份,0.4532,0.3685,23.9009,-537.2242,63.6906,36.3094
654,601298,青岛港,1.8133,1.7943,66.4958,-2365.8084,63.6491,36.3509
655,300638,广和通,2.478,2.2405,86.9745,-32329.9528,63.4483,36.5517
656,000833,粤桂股份,1.3133,0.9059999999999999,77.714,707.6336,63.3967,36.6033
657,002254,泰和新材,2.9619999999999997,2.353,130.5511,-18841.3347,63.2402,36.7598
658,002396,星网锐捷,2.1701,1.5712,74.5603,-16985.0944,63.2172,36.7828
659,002110,三钢闽光,1.6149,1.2688,59.501000000000005,17057.2513,63.1373,36.8627
660,601636,旗滨集团,0.81,0.5923,15.7899,1502.0667,63.1043,36.8957
661,002805,丰元股份,1.3214,0.8532,16.0433,298.1104,63.0546,36.9454
662,002810,山东赫达,1.5896,1.2152,47.9849,2027.8309,63.0219,36.9781
663,000973,佛塑科技,1.0977,0.7222,32.0697,304.8261,62.9992,37.0008
664,600717,天津港,1.0508,1.0192,63.5692,469.0338,62.9985,37.0015
665,600156,华升股份,2.2728,1.6922,36.7213,-3077.3062,62.9792,37.0208
666,300788,中信出版,2.5442,1.8108,130.1386,-9693.8292,62.9381,37.0619
667,300632,光莆股份,2.1346,1.9632,109.1815,12788.4877,62.9052,37.0948
668,002626,金达威,2.3436,1.7927,69.0162,1289.0641,62.8866,37.1134
669,002056,横店东磁,1.8358,1.595,99.4371,-920.1894,62.8513,37.1487
670,002031,巨轮智能,1.6311,1.2591,26.221999999999998,291.03700000000003,62.8324,37.1676
671,000828,东莞控股,1.4327,1.4327,137.0303,-2906.478,62.7274,37.2726
672,002949,华阳国际,1.7339,1.7096,59.5206,-11496.1461,62.6845,37.3155
673,300453,三鑫医疗,1.0978,0.7531,27.5934,1254.4354,62.6712,37.3288
674,600976,健民集团,1.6764,1.4839,20.6569,15243.2562,62.6336,37.3664
675,000419,通程控股,1.4449,1.2511,57.472,-20846.4589,62.5629,37.4371
676,000530,冰山冷热,1.2704,0.9613,19.026,461.2306,62.5125,37.4875
677,603886,元祖股份,1.849,1.7783,25.8607,-60043.2284,62.3741,37.6259
678,002463,沪电股份,1.785,1.2612,26.0809,-95301.7962,62.3352,37.6648
679,603801,志邦家居,1.6105,1.4176,47.2065,-4449.737,62.3246,37.6754
680,300330,华虹计通,2.1992,1.7972,77.8241,4718.6874,62.2081,37.7919
681,688398,赛特新材,1.9489,1.5302,34.5535,78246.5531,62.2061,37.7939
682,603305,旭升股份,1.7815,1.1811,74.3302,2698.7011,62.1836,37.8164
683,300378,鼎捷软件,1.4287,1.4161,60.568000000000005,2129.0203,62.1606,37.8394
684,600814,杭州解百,1.7514,1.7314,103.6608,-1929.0523,62.1428,37.8572
685,300706,阿石创,1.3447,0.9235,40.1171,314.7587,62.1365,37.8635
686,300543,朗科智能,2.1019,1.5011,70.0405,-926.8224,62.0367,37.9633
687,002853,皮阿诺,2.1283,1.7890000000000001,53.0546,9282.796,62.0229,37.9771
688,002896,中大力德,1.3976,0.7779,17.1801,983.623,62.0179,37.9821
689,000818,航锦科技,0.9633,0.7463,18.4918,1033.395,61.9071,38.0929
690,601018,宁波港,0.7277,0.7028,33.4435,1099.5572,61.9009,38.0991
691,000666,经纬纺机,3.1573,3.0585,142.9125,619.2552,61.8205,38.1795
692,603185,上机数控,1.5491,1.2056,37.8502,9536.2367,61.8099,38.1901
693,002049,紫光国微,2.7216,2.1878,72.8707,1668.7712,61.7812,38.2188
694,002735,王子新材,1.8591,1.5905,23.284000000000002,8407.8245,61.7663,38.2337
695,002046,轴研科技,1.5848,1.2209999999999999,43.8029,327.9957,61.7228,38.2772
696,603477,振静股份,1.8112,0.8494,52.3,678.6583,61.6515,38.3485
697,600330,天通股份,1.3178,0.9305,29.4426,573.1913,61.6401,38.3599
698,002324,普利特,1.7565,1.3288,14.7623,418.1439,61.5594,38.4406
699,603026,石大胜华,1.5204,1.1840000000000002,26.1317,1963.1834,61.5526,38.4474
700,300596,利安隆,1.412,0.8017,30.1746,1557.8892,61.5215,38.4785
701,000612,焦作万方,0.5736,0.3756,34.1298,223.8415,61.5123,38.4877
702,600562,国睿科技,2.3204,1.4058,53.5816,-1191.8387,61.4362,38.5638
703,000733,振华科技,3.0463,2.5674,67.7042,726.6822,61.3961,38.6039
704,688228,开普云,2.2883,1.9892,88.9566,-8754.0976,61.3879,38.6121
705,600775,南京熊猫,1.8793,1.5218,46.1106,5986.9497,61.2702,38.7298
706,000603,盛达资源,1.1265,0.9394,33.22,1551.7559,61.2438,38.7562
707,300582,英飞特,1.1095,0.8877,19.8371,1654.5869,61.2155,38.7845
708,603456,九洲药业,1.6932,0.9987,47.4113,4399.173,61.2031,38.7969
709,601326,秦港股份,1.1618,1.0984,95.4987,462.3492,61.1788,38.8212
710,601518,吉林高速,1.6421,1.6409,157.8095,352.1185,61.1624,38.8376
711,000507,珠海港,1.0703,1.0146,55.5409,388.7392,61.128,38.872
712,000570,苏常柴A,1.7546,1.3730000000000002,51.3819,-502.4403,61.0872,38.9128
713,603326,我乐家居,1.4461,1.2391,44.6362,32349.4838,61.0449,38.9551
714,000922,佳电股份,2.4588,1.8419999999999999,43.3251,-5951.7625,61.034,38.966
715,002404,嘉欣丝绸,1.8958,1.575,46.2128,-86967.5592,61.0288,38.9712
716,601880,大连港,2.8985,2.8543,170.4124,300.0672,60.9842,39.0158
717,603995,甬金股份,1.6721,1.3649,84.7266,1969.4888,60.9607,39.0393
718,300823,建科机械,1.8319999999999999,1.2221,45.9626,2062.6388,60.9085,39.0915
719,002353,杰瑞股份,2.0986,1.4255,36.4077,-38864.678,60.7768,39.2232
720,300320,海达股份,1.9232,1.4962,16.9887,2051.8124,60.756,39.244
721,603989,艾华集团,2.9939999999999998,2.3832,22.9623,1599.4424,60.6735,39.3265
722,001872,招商港口,0.6844,0.6769,38.8919,658.1586,60.6203,39.3797
723,600125,铁龙物流,1.6073,0.6525,39.9913,1968.156,60.5949,39.4051
724,300463,迈克生物,1.9272,1.4591,24.6326,1164.6377,60.5371,39.4629
725,002497,雅化集团,2.0213,1.5774,36.1834,278.9136,60.5109,39.4891
726,000972,ST中基,1.1661,1.0757,27.9629,155.2381,60.5088,39.4912
727,603677,奇精机械,2.5874,1.7166,19.941,511.8941,60.5082,39.4918
728,300092,科新机电,1.9976,1.3737,17.8232,6286.1815,60.4546,39.5454
729,600982,宁波热电,1.6942,1.5469,76.8434,559.1089,60.37,39.63
730,601975,招商南油,1.411,1.22,73.2027,730.1868,60.3064,39.6936
731,600200,江苏吴中,1.435,1.2825,44.6507,260.2125,60.2899,39.7101
732,600183,生益科技,1.6573,1.2577,20.1998,1368.6902,60.2103,39.7897
733,600833,第一医药,2.0111,1.4884,112.1915,-635.2771,60.1978,39.8022
734,002838,道恩股份,1.9122,1.4314,32.6908,1055.3248,60.1111,39.8889
735,601238,广汽集团,1.3674,1.2008,80.2773,24036.0268,60.0062,39.9938
736,002714,牧原股份,1.0783,0.6839,60.1746,1297.8969,59.9615,40.0385
737,002697,红旗连锁,1.4582,0.88,37.7498,7141.4943,59.8789,40.1211
738,000898,鞍钢股份,0.8007,0.4669,15.9197,280.4209,59.8442,40.1558
739,000895,双汇发展,1.4449,0.6648,30.6227,7117.6428,59.7743,40.2257
740,600235,民丰特纸,1.0998,0.6655,10.332,144.5303,59.7313,40.2687
741,601118,海南橡胶,1.185,0.94,64.0533,209.2257,59.7035,40.2965
742,600508,上海能源,0.4667,0.3938,10.2487,545.5930000000001,59.6483,40.3517
743,300681,英搏尔,2.3783,1.5317,64.2566,-1407.8389,59.6297,40.3703
744,600481,双良节能,1.8536,1.6893,68.9834,3212.242,59.6071,40.3929
745,002318,久立特材,2.4275,1.5959,42.6839,1574.175,59.6046,40.3954
746,603259,药明康德,1.9087,1.6461,78.7901,9853.2628,59.5425,40.4575
747,601512,中新集团,2.0087,0.9744,84.32,237337.8587,59.5258,40.4742
748,601811,新华文轩,1.5834,1.2074,63.4007,-3383.3344,59.5123,40.4877
749,600611,大众交通,2.0095,1.3159,51.4725,1378.1188,59.4994,40.5006
750,002803,吉宏股份,1.7321,1.4667,53.0098,1699.5719,59.4867,40.5133
751,600292,远达环保,1.1487,0.9661,13.3587,330.5612,59.475,40.525
752,001965,招商公路,0.9731,0.8079999999999999,59.2979,662.1447,59.3292,40.6708
753,600261,阳光照明,2.1197,1.7817,102.3117,-4085.3519,59.3046,40.6954
754,600327,大东方,1.2243,0.7827,37.1564,1242.8637,59.2953,40.7047
755,000544,中原环保,1.9335,1.9,97.9459,838.1241,59.131,40.869
756,300483,沃施股份,0.5766,0.5479999999999999,32.3175,905.523,59.0563,40.9437
757,600316,洪都航空,1.8742,1.1059,16.3412,276.5805,59.0461,40.9539
758,300680,隆盛科技,1.1532,0.7693,18.1979,471.6502,59.0456,40.9544
759,000582,北部湾港,0.6221,0.6161,37.9062,726.6274,59.0455,40.9545
760,000573,粤宏远A,2.7248,0.9152,55.854,449.2447,59.003,40.997
761,601969,海南矿业,1.1918,0.9734,54.658,427.73900000000003,59.0023,40.9977
762,600017,日照港,0.4866,0.466,18.7679,426.2677,58.9674,41.0326
763,603899,晨光文具,1.7573,1.2972,64.6241,-15305.9422,58.967,41.033
764,300497,富祥药业,1.9166,1.5917,109.11200000000001,1741.6925,58.8452,41.1548
765,300520,科大国创,1.5605,1.4395,80.9284,-15072.1764,58.8099,41.1901
766,002028,思源电气,1.8996,1.4709,46.3974,8364.6083,58.7693,41.2307
767,002981,朝阳科技,1.8049,1.3139,21.2792,-2257.9008,58.7631,41.2369
768,002438,江苏神通,1.7356,1.1604,18.4054,1105.5842,58.6649,41.3351
769,600082,海泰发展,3.0119,0.1247,9.1417,130.05100000000002,58.6633,41.3367
770,300187,永清环保,1.2104,0.8475,31.9637,498.7046,58.6024,41.3976
771,300052,中青宝,1.2151,1.2151,49.0732,648.3161,58.5425,41.4575
772,601882,海天精工,1.8319999999999999,1.0599,31.9154,-2249.4094,58.5109,41.4891
773,603078,江化微,1.7935,1.6953,102.6033,996.0798,58.5024,41.4976
774,600739,辽宁成大,0.833,0.6226,20.7157,346.103,58.4964,41.5036
775,603236,移远通信,2.1015,1.5064,49.3893,633.3109,58.4836,41.5164
776,000672,上峰水泥,1.3179,1.0824,72.5104,5168.581,58.38399999999999,41.61600000000001
777,603127,昭衍新药,1.3269,0.9117,36.6506,-10069.1904,58.3468,41.6532
778,002053,云南能投,2.2754,2.1651,135.825,487.2449,58.3267,41.6733
779,603686,龙马环卫,1.7787,1.5079,28.8897,25880.2243,58.3234,41.6766
780,000965,天保基建,2.7731,0.263,24.04,714.7286,58.318000000000005,41.681999999999995
781,600422,昆药集团,1.7287,1.2134,45.7624,1603.8823,58.2944,41.7056
782,002350,北京科锐,1.5471,1.1977,32.4035,1792.3737,58.2318,41.7682
783,300215,电科院,0.9376,0.9353,75.1099,513.9801,58.1755,41.8245
784,600116,三峡水利,0.9916,0.9376,74.225,572.1412,58.1148,41.8852
785,000969,安泰科技,1.1865,0.7464,31.2657,478.8161,58.1141,41.8859
786,600792,云煤能源,1.3047,1.1117,33.9226,379.3145,58.0665,41.9335
787,600106,重庆路桥,1.598,1.2735,68.9015,345.3921,58.0406,41.9594
788,000429,粤高速A,1.6311,1.631,154.1919,936.8664,57.9964,42.0036
789,603637,镇海股份,2.1742,1.9337,164.4338,-230.0545,57.9566,42.0434
790,600893,航发动力,1.4236,0.7323,30.8684,419.9404,57.9028,42.0972
791,002771,真视通,2.0581,1.5607,46.1956,3599.4509,57.8889,42.1111
792,000099,中信海直,1.6288,1.4075,69.6987,441.8018,57.852,42.148
793,000739,普洛药业,1.5451,1.1575,40.4367,5028.2028,57.7683,42.2317
794,002727,一心堂,1.984,1.2665,51.6384,3699.6232,57.7204,42.2796
795,002179,中航光电,2.0424,1.7008,49.0804,3956.4444,57.7158,42.2842
796,000920,南方汇通,2.2612,1.932,83.7874,592.6836,57.7046,42.2954
797,603348,文灿股份,2.3651,2.1119,93.387,305.7171,57.6902,42.3098
798,300575,中旗股份,1.6469,1.2163,72.5899,1472.48,57.5869,42.4131
799,000400,许继电气,2.1519999999999997,1.8209,21.3157,14976.7083,57.501999999999995,42.498000000000005
800,300616,尚品宅配,1.4718,1.1515,59.8833,-26651.1491,57.5017,42.4983
801,000514,渝开发,2.6659,0.9425,79.3887,1011.2354,57.4473,42.5527
802,603713,密尔克卫,1.555,1.5407,18.8916,1627.648,57.4438,42.5562
803,002373,千方科技,1.5263,1.1105,41.9418,5059.5707,57.4264,42.5736
804,002902,铭普光磁,1.7606,1.3643,48.4433,575.972,57.3881,42.6119
805,600425,青松建化,0.7559999999999999,0.5551,21.397,228.05200000000002,57.3354,42.6646
806,600050,中国联通,0.4042,0.3928,18.6958,2056.3136,57.333999999999996,42.666000000000004
807,000505,京粮控股,1.4306,0.7609999999999999,26.4044,883.1969,57.1773,42.8227
808,002145,中核钛白,0.9681,0.6989,32.7689,1378.356,57.1683,42.8317
809,601799,星宇股份,1.8543,1.4145,36.7511,23284.9094,57.1092,42.8908
810,600787,中储股份,1.5217,1.3289,30.2746,252.5713,57.0644,42.9356
811,002436,兴森科技,1.6779,1.4114,36.9002,697.3333,57.0354,42.9646
812,300389,艾比森,1.7467,1.3808,63.3547,-1157.3316,56.9848,43.0152
813,300136,信维通信,1.5156,1.2939,16.1757,1915.7392,56.8935,43.1065
814,603596,伯特利,2.0271,1.8157,74.4701,-2925.2211,56.8917,43.1083
815,000682,东方电子,2.0276,1.4883,76.8125,-915.6897,56.8101,43.1899
816,002084,海鸥住工,2.0057,1.4185,56.778,505.7736,56.7683,43.2317
817,002533,金杯电工,1.6777,1.1767,35.3452,922.2334,56.6831,43.3169
818,600777,新潮能源,0.8762,0.8077,33.4077,849.0707,56.667,43.333
819,002023,海特高新,1.7366,1.3922,44.1832,164.4968,56.6046,43.3954
820,600819,耀皮玻璃,1.1777,0.7785,23.2423,655.1344,56.571000000000005,43.428999999999995
821,600497,驰宏锌锗,0.2999,0.1181,8.487,307.6988,56.4738,43.5262
822,600315,上海家化,2.0515,1.7286,56.165,2334.3652,56.3871,43.6129
823,603595,东尼电子,1.3369,1.1373,26.221,-432.1525,56.2793,43.7207
824,300241,瑞丰光电,1.3738,1.1526,34.3691,-5926.920999999999,56.2495,43.7505
825,000721,西安饮食,0.7258,0.6446,53.3373,-899.6346,56.2167,43.7833
826,688178,万德斯,2.0575,1.5534,61.477,2171.7573,56.2064,43.7936
827,001696,宗申动力,1.5621,1.3603,62.6226,792.0632,56.1953,43.8047
828,300428,四通新材,1.7778,1.2759,34.2702,1145.6406,56.1876,43.8124
829,300790,宇瞳光学,1.365,1.0726,18.3065,630.6281,56.1489,43.8511
830,002819,东方中科,2.2032,1.9591,47.9438,6248.7458,56.0975,43.9025
831,603111,康尼机电,2.0095,1.5918,49.7078,3150.5226,56.0971,43.9029
832,000060,中金岭南,1.063,0.7912,43.8208,676.9677,55.9227,44.0773
833,300218,安利股份,1.4099,0.9401,60.7708,402.3958,55.8951,44.1049
834,002921,联诚精密,1.3047,0.8232,36.4797,504.8052,55.8569,44.1431
835,603331,百达精工,1.3344,0.9538,33.4116,791.1604,55.8364,44.1636
836,002878,元隆雅图,1.8701,1.6666,48.3066,2053.4320000000002,55.8124,44.1876
837,002891,中宠股份,1.328,0.8159,28.9898,940.1611,55.6669,44.3331
838,000978,桂林旅游,0.524,0.4624,9.6454,183.8682,55.6574,44.3426
839,300030,阳普医疗,1.2234,1.0817,54.5039,235.9179,55.6318,44.3682
840,600120,浙江东方,1.3109,1.225,36.5898,1568.6032,55.5069,44.4931
841,300658,延江股份,1.2996,1.0399,47.0578,858.2066,55.4766,44.5234
842,601228,广州港,0.9456,0.8125,48.7046,740.5341,55.4219,44.5781
843,600182,S佳通,2.1967,1.6963,25.9846,1229.1365,55.4019,44.5981
844,002886,沃特股份,1.5461,1.0248,37.1903,435.3629,55.284,44.716
845,603636,南威软件,1.7528,1.4559,81.3706,-1895.5577,55.2672,44.7328
846,300691,联合光电,1.5627,1.2298,21.8595,3625.165,55.2641,44.7359
847,600063,皖维高新,0.9933,0.7969,33.2355,506.2474,55.1566,44.8434
848,600997,开滦股份,1.2789,1.1525,66.4295,626.5007,55.0536,44.9464
849,002449,国星光电,1.4431,1.0978,32.6019,-57667.787000000004,54.995,45.005
850,603663,三祥新材,1.3103,0.7275,12.3921,1374.5682,54.9932,45.0068
851,603929,亚翔集成,2.1406,1.6744,37.6628,-1778.9434,54.8836,45.1164
852,603318,派思股份,1.6331,1.2159,25.2624,-259.3087,54.8349,45.1651
853,300296,利亚德,1.8282,1.0966,48.5913,809.9814,54.674,45.326
854,300552,万集科技,2.0053,1.4952,41.155,16206.1306,54.6419,45.3581
855,603396,金辰股份,1.9074,1.1905,46.1234,-1385.9535,54.5904,45.4096
856,002661,克明面业,0.9239,0.7369,27.5297,470.8171,54.5435,45.4565
857,688122,西部超导,2.1629,1.5308,48.0725,611.9647,54.4521,45.5479
858,600138,中青旅,1.1338,0.7534,16.1152,1160.4527,54.4262,45.5738
859,300295,三六五网,1.9408,1.9408,42.9357,698.9144,54.3666,45.6334
860,603606,东方电缆,1.6955,1.3381,56.6899,2165.4668,54.34,45.66
861,300129,泰胜风能,1.6527,1.1638,30.8862,-4746.7533,54.3374,45.6626
862,002410,广联达,1.0502,1.0426,79.4218,799.8489999999999,54.3039,45.6961
863,300554,三超新材,1.2092,1.0184,40.6943,604.0256,54.2453,45.7547
864,002601,龙蟒佰利,0.9348,0.6698,31.4754,2548.9365,54.2422,45.7578
865,600712,南宁百货,0.5927,0.4587,31.6129,156.2529,54.1515,45.8485
866,002236,大华股份,1.8335,1.527,29.647,-4892.4143,54.0381,45.9619
867,002688,金河生物,1.0833,0.7082,31.5979,603.6889,54.0289,45.9711
868,300011,鼎汉技术,1.5738,1.3221,17.8839,157.3993,53.9457,46.0543
869,000993,闽东电力,1.2969,0.5036,9.6524,264.5568,53.9341,46.0659
870,600279,重庆港九,1.1212,0.8669,44.9053,444.2907,53.9315,46.0685
871,002562,兄弟科技,1.3693,1.0611,71.8384,275.6767,53.757,46.243
872,600834,申通地铁,2.4181,2.4039,190.4544,534.0531,53.7234,46.2766
873,300358,楚天科技,1.5403,1.0075,33.7995,364.1091,53.7202,46.2798
874,600159,大龙地产,2.0183,0.6523,47.2404,876.0076,53.6516,46.3484
875,000779,甘咨询,1.5402,1.5233,97.5763,-5619.9527,53.5591,46.4409
876,000546,金圆股份,1.0372,0.5973,17.5617,548.4028,53.5559,46.4441
877,600395,盘江股份,1.2517,1.2199,50.4629,1352.7873,53.4917,46.5083
878,600298,安琪酵母,1.2937,0.6271,22.2103,1514.0177,53.4731,46.5269
879,002006,精功科技,1.5395,1.0406,21.2711,-2053.3501,53.4061,46.5939
880,600600,青岛啤酒,1.5727,1.3345,114.5891,-463.2109,53.3693,46.6307
881,000572,*ST海马,0.6595,0.5413,28.1687,679.4914,53.3312,46.6688
882,600277,亿利洁能,0.9973,0.9639,77.0969,314.9002,53.2745,46.7255
883,600963,岳阳林纸,1.6596,0.6243,20.8169,469.9209,53.2613,46.7387
884,688051,佳华科技,1.6367,1.5753,40.6691,2825.2537,53.2525,46.7475
885,002258,利尔化学,1.3027,0.8712,33.3537,661.335,53.1737,46.8263
886,002930,宏川智慧,0.4801,0.4776,25.4573,768.5754,53.1491,46.8509
887,603536,惠发食品,1.1232,0.8056,43.3659,129.1395,53.0428,46.9572
888,002911,佛燃能源,0.9364,0.8864,41.7841,1480.8859,52.9782,47.0218
889,600507,方大特钢,1.4199,1.1972,79.9603,-2050.2211,52.9672,47.0328
890,300729,乐歌股份,1.5124,1.2395,87.6268,3126.9126,52.8851,47.1149
891,601857,中国石油,0.7059,0.4309,16.7315,471.0562,52.8532,47.1468
892,600740,山西焦化,0.6413,0.5772,53.9689,225.326,52.8009,47.1991
893,002909,集泰股份,1.6368,1.4726,61.1577,1904.5064,52.7872,47.2128
894,600731,湖南海利,1.6001,1.2137,59.2222,817.9983,52.7649,47.2351
895,300240,飞力达,1.2395,1.1372,36.0659,303.2731,52.6878,47.3122
896,002967,广电计量,1.3316,1.3271,47.3879,369.6221,52.6081,47.3919
897,002800,天顺股份,1.868,1.6107,17.7436,332.0545,52.538999999999994,47.461000000000006
898,603916,苏博特,1.4329,1.3502,22.4396,887.6519999999999,52.4767,47.5233
899,600399,ST抚钢,3.3711,2.1068,11.93,571.2693,52.3326,47.6674
900,300398,飞凯材料,1.3562,1.1037,59.8979,917.0433,52.2958,47.7042
901,300757,罗博特科,1.7552,1.2819,49.5022,-3192.5651,52.2758,47.7242
902,603887,城地股份,1.4427,1.0471,24.1529,862.4047,52.2663,47.7337
903,601798,ST蓝科,1.5169,1.0712,27.5741,-110.6135,52.2519,47.7481
904,002182,云海金属,1.2148,0.9333,9.2494,1268.7946,52.2419,47.7581
905,002225,濮耐股份,1.4667,1.003,15.6187,1093.0835,52.1859,47.8141
906,600420,现代制药,1.4906,1.1334,79.548,950.0597,52.1768,47.8232
907,603733,仙鹤股份,1.7149,1.268,56.7387,717.4572,52.1089,47.8911
908,603126,中材节能,1.6266,1.1339,55.4514,-1570.4793,52.0735,47.9265
909,002798,帝欧家居,1.3812,1.1402,17.1854,1331.0929,52.0193,47.9807
910,603822,嘉澳环保,1.4022,0.7836,43.3023,397.7787,51.9762,48.0238
911,688126,沪硅产业,0.7395,0.5432,31.6914,-0.5825,51.9353,48.0647
912,688159,有方科技,1.9255,1.4357,26.6722,751.5698,51.878,48.122
913,300528,幸福蓝海,1.577,1.0898,37.9377,28.7939,51.8355,48.1645
914,300579,数字认证,1.8807,1.5951,106.1089,-6070.2977,51.7608,48.2392
915,300721,怡达股份,0.8198,0.5482,16.1144,106.7399,51.7439,48.2561
916,600753,东方银星,2.0197,1.7641,30.8994,-2281.1092,51.7105,48.2895
917,300806,斯迪克,1.3086,1.1593,37.7831,401.5755,51.6936,48.3064
918,002648,卫星石化,0.6932,0.5785,41.6056,1098.3132,51.6426,48.3574
919,000551,创元科技,1.4003,0.9688,44.6641,1463.4888,51.6325,48.3675
920,603158,腾龙股份,1.2791,0.8651,21.6857,1161.5112,51.575,48.425
921,300382,斯莱克,1.685,0.9625,39.7663,663.9504,51.5223,48.4777
922,600196,复星医药,1.1703,0.9443,54.6828,622.9431,51.5034,48.4966
923,600649,城投控股,3.1259,0.6427,41.5403,3192.1115,51.4572,48.5428
924,002139,拓邦股份,1.8868,1.5966,46.105,1187.0325,51.4515,48.5485
925,002367,康力电梯,1.4628,1.0643,24.0498,7641.9756,51.3734,48.6266
926,300746,汉嘉设计,1.6662,1.6648,25.1021,823.3912,51.3465,48.6535
927,603668,天马科技,1.308,0.7208,27.0437,463.8331,51.3428,48.6572
928,603939,益丰药房,1.3385,0.8498,38.241,2216.4329,51.3225,48.6775
929,600895,张江高科,2.1947,0.3645,26.1071,424.1341,51.1436,48.8564
930,002728,特一药业,1.2095,0.9571,15.9875,535.7245,51.0915,48.9085
931,600681,百川能源,1.1,0.9666,49.6548,1354.7711,51.0054,48.9946
932,600841,上柴股份,1.5548,1.4303,84.5658,-74.0033,50.9633,49.0367
933,603613,国联股份,2.0004,1.9881,72.4219,3018.9345,50.9578,49.0422
934,603225,新凤鸣,0.8573,0.6518,32.5421,676.2537,50.9169,49.0831
935,600278,东方创业,1.4924,1.2852,75.3321,-1011.7416,50.9092,49.0908
936,300538,同益股份,1.8438,1.7204,33.7544,660.6705,50.9002,49.0998
937,000876,新希望,0.6558,0.3005,22.0538,1581.5485,50.8425,49.1575
938,300618,寒锐钴业,1.7246,0.7065,23.4954,41.6658,50.7351,49.2649
939,002885,京泉华,1.5989,1.1965,44.1571,788.1534,50.6671,49.3329
940,002206,海利得,0.9779,0.7393,46.8795,1898.5792,50.6183,49.3817
941,600228,ST昌九,1.4379,1.3403,59.6281,933.8385,50.5942,49.4058
942,603577,汇金通,1.7009,0.8263,26.1452,242.7135,50.4299,49.5701
943,000062,深圳华强,1.4374,1.1031,32.6864,704.8682,50.3175,49.6825
944,000561,烽火电子,1.8777,1.4604,55.0734,-10066.5849,50.3017,49.6983
945,600282,南钢股份,0.9355,0.6312,22.0632,1516.3033,50.2768,49.7232
946,300003,乐普医疗,1.1025,0.9059,40.0293,837.2113,50.2625,49.7375
947,600511,国药股份,1.8681,1.5788,49.1426,23097.9082,50.256,49.744
948,002242,九阳股份,1.4924,1.1988,43.3303,-3735.0331,50.2288,49.7712
949,600456,宝钛股份,2.4158,1.4885,39.0324,387.9741,50.2238,49.7762
950,600728,佳都科技,1.7089,1.1912,40.5561,3222.239,50.1422,49.8578
951,601015,陕西黑猫,0.7407,0.6529,23.9592,171.0525,50.0957,49.9043
952,600272,开开实业,1.8355,1.4573,78.4257,-597.3635,49.9844,50.0156
953,600028,中国石化,0.7736,0.4397,22.1951,1003.1404,49.9641,50.0359
954,002865,钧达股份,1.412,1.061,39.4038,174.6132,49.961000000000006,50.038999999999994
955,300057,万顺新材,1.2843,1.0884,37.1447,353.5072,49.8002,50.1998
956,002004,华邦健康,0.9178,0.7269,31.3762,323.5115,49.7204,50.2796
957,002329,皇氏集团,1.0566,0.9915,31.0425,196.5653,49.6473,50.3527
958,300647,超频三,0.9916,0.8177,25.3635,185.3399,49.6237,50.3763
959,000555,神州信息,1.4533,1.1004,27.0747,639.867,49.4847,50.5153
960,600556,ST慧球,1.8849,1.8849,105.4803,-1761.9494,49.3879,50.6121
961,600331,宏达股份,0.3847,0.2135,12.4227,189.1295,49.3599,50.6401
962,300231,银信科技,1.5371,1.3775,70.2392,845.2331,49.3261,50.6739
963,002548,金新农,0.7312,0.5367,24.7947,349.3117,49.3243,50.6757
964,002119,康强电子,1.247,0.8639,19.5693,393.5025,49.2785,50.7215
965,603013,亚普股份,1.4954,1.0084,24.8875,988.8097,49.0677,50.9323
966,002723,金莱特,1.0801,0.7263,12.0777,655.8749,48.9746,51.0254
967,002326,永太科技,0.8897,0.6486,23.4882,434.0969,48.9519,51.0481
968,300152,科融环境,1.0596,0.9079999999999999,13.5889,210.7347,48.935,51.065
969,601598,中国外运,1.2518,1.2457,50.7609,1252.5873,48.8823,51.1177
970,002593,日上集团,1.3981,0.624,22.5267,300.0797,48.7601,51.2399
971,600528,中铁工业,1.4709,0.8391,35.5256,6550.4217,48.5906,51.4094
972,603208,江山欧派,1.4512,1.1343,48.5874,-15719.9296,48.583999999999996,51.416000000000004
973,601808,中海油服,1.1614,1.0896,17.7059,469.6141,48.5012,51.4988
974,001914,招商积余,1.4292,1.0285,58.1176,273.165,48.4929,51.5071
975,000014,沙河股份,1.8971,0.4143,15.7346,2118.8779999999997,48.4658,51.5342
976,002799,环球印务,1.1861,1.061,36.6426,768.4136,48.4602,51.5398
977,600098,广州发展,1.2441,0.9713,13.6096,276.8732,48.4356,51.5644
978,300210,森远股份,1.1103,0.619,22.1114,-710.498,48.3968,51.6032
979,600326,西藏天路,1.6228,1.4636,88.9445,1262.0817,48.3815,51.6185
980,000756,新华制药,0.977,0.5222,27.7798,885.1543,48.33,51.67
981,603345,安井食品,1.2137,0.5823,27.5364,6455.2236,48.2651,51.7349
982,600066,宇通客车,1.6662,1.3999,28.7131,1084.5453,48.2415,51.7585
983,000059,华锦股份,1.4715,1.0577,78.6641,382.3265,48.183,51.817
984,603039,泛微网络,1.4639,1.4527,96.23700000000001,-438.819,48.1602,51.8398
985,002149,西部材料,1.3544,0.6607,18.3546,363.3145,48.1398,51.8602
986,600658,电子城,2.9872,0.8617,56.3439,373.125,48.1136,51.8864
987,000793,华闻集团,1.2332,1.1629,18.5445,273.8427,48.095,51.905
988,002683,宏大爆破,1.3317,1.0666,29.8148,578.9039,48.0518,51.9482
989,601865,福莱特,0.9997,0.8911,13.7626,1723.7135,48.0489,51.9511
990,300674,宇信科技,1.445,1.1251,61.1565,1231.2491,48.0116,51.9884
991,300655,晶瑞股份,1.9586,1.6577,62.9382,314.7584,47.9983,52.0017
992,002402,和而泰,1.631,1.2274,42.0754,1216.971,47.9349,52.0651
993,600222,太龙药业,1.9349,1.5988,44.6056,181.3889,47.8861,52.1139
994,600176,中国巨石,0.7844,0.6069,12.3964,592.3866,47.8527,52.1473
995,601008,连云港,0.5714,0.5663,43.3823,135.8121,47.81,52.19
996,300244,迪安诊断,1.5673,1.2525,30.5531,469.4872,47.7971,52.2029
997,600873,梅花生物,0.9936,0.6027,40.6437,532.1849,47.7103,52.2897
998,600150,中国船舶,1.6909999999999998,1.2839,81.6126,-179.4997,47.5013,52.4987
999,000401,冀东水泥,0.7768,0.6486,26.6815,629.9303,47.4828,52.5172
1000,300201,海伦哲,1.2703,0.9877,28.888,187.7382,47.4064,52.5936
1001,000598,兴蓉环境,0.8471,0.716,48.903,1400.8066,47.3405,52.6595
1002,000718,苏宁环球,1.9506,0.5134,24.3685,1763.7049,47.3374,52.6626
1003,300014,亿纬锂能,1.3763,1.189,34.7683,1806.2587,47.3272,52.6728
1004,600588,用友网络,1.1159,1.1134,78.4365,1291.7812,47.2916,52.7084
1005,300826,测绘股份,1.5089,0.7938,31.1813,90089.9618,47.2454,52.7546
1006,603050,科林电气,1.5630000000000002,1.2226,39.0297,5756.1446,47.177,52.823
1007,300748,金力永磁,2.6092,1.8787,89.2763,587.845,47.0724,52.9276
1008,601231,环旭电子,1.675,1.2791,56.1503,5562.5849,47.0378,52.9622
1009,002847,盐津铺子,0.7663,0.428,14.1593,1138.816,46.9588,53.0412
1010,600259,广晟有色,1.7025,0.6216,26.4604,208.5266,46.8424,53.1576
1011,600857,宁波中百,4.0463,3.511,58.506,4752.6384,46.8244,53.1756
1012,603712,七一二,1.6691,0.8393,18.6339,1958.4746,46.8146,53.1854
1013,603817,海峡环保,0.9759,0.9578,33.3828,375.6936,46.7729,53.2271
1014,600163,中闽能源,0.9442,0.9234,31.0091,425.1587,46.6965,53.3035
1015,000717,韶钢松山,0.6083,0.3588,18.1031,1384.0261,46.5821,53.4179
1016,002241,歌尔股份,1.0083,0.7067,20.5762,504.6172,46.5351,53.4649
1017,002285,世联行,1.5375,1.5352,44.8481,320.1712,46.4807,53.5193
1018,002442,龙星化工,1.0398,0.8298,28.8179,143.6117,46.4683,53.5317
1019,000949,新乡化纤,1.1951,0.6498,25.4391,240.1424,46.4542,53.5458
1020,300115,长盈精密,1.1156,0.6346,14.4913,235.5173,46.3818,53.6182
1021,600318,新力金融,1.1973,1.1972,101.9381,308.0173,46.3613,53.6387
1022,300686,智动力,1.0028,0.7356,19.1613,949.9395,46.341,53.659
1023,600463,空港股份,1.0907,0.4079,17.6078,16.5451,46.3395,53.6605
1024,600548,深高速,1.1829,1.0713,73.3821,526.614,46.1299,53.8701
1025,601899,紫金矿业,0.8571,0.4109,21.5266,575.4597,46.0948,53.9052
1026,000055,方大集团,1.0429,0.8802,26.8262,604.8289,46.00899999999999,53.99100000000001
1027,000534,万泽股份,1.2227,1.1533,30.6057,505.1719,45.9591,54.0409
1028,002352,顺丰控股,1.3846,1.3561,60.1197,1187.3218,45.9215,54.0785
1029,603569,长久物流,1.5569,1.5561,65.0306,304.953,45.7606,54.2394
1030,300577,开润股份,1.4054,0.8918,39.5194,50562.8402,45.7011,54.2989
1031,600332,白云山,1.5652,1.2422,62.8711,3625.1261,45.6808,54.3192
1032,300592,华凯创意,1.5544,0.9524,28.8138,229.1236,45.6728,54.3272
1033,000006,深振业A,2.4207,0.8764,58.9301,964.1576,45.5388,54.4612
1034,603501,韦尔股份,1.4306,0.8565,43.6183,385.7961,45.5211,54.4789
1035,000905,厦门港务,0.9867,0.6854,27.4833,331.0124,45.4677,54.5323
1036,603180,金牌厨柜,1.386,1.1657,60.0224,-10580.1129,45.3586,54.6414
1037,600309,万华化学,0.5242,0.3325,10.1928,1235.4831,45.3529,54.6471
1038,000539,粤电力A,0.5745,0.4822,25.9611,306.877,45.3011,54.6989
1039,000559,万向钱潮,1.4073,1.0039,41.2563,1194.368,45.295,54.705
1040,600644,乐山电力,0.4941,0.4265,17.9582,679.5364,45.1007,54.8993
1041,300265,通光线缆,1.6488,1.4389,55.9256,199.9841,45.0463,54.9537
1042,603319,湘油泵,1.1719,0.8664,18.6843,746.5712,45.0341,54.9659
1043,300773,拉卡拉,1.4337,1.4307,132.9063,-14447.376,44.8521,55.1479
1044,600512,腾达建设,1.4891,0.8536,41.8766,768.0847,44.8486,55.1514
1045,603659,璞泰来,1.1905,0.6479,20.6661,869.6246,44.8239,55.1761
1046,300532,今天国际,1.5497,1.2248,52.0301,-4203.0991,44.7876,55.2124
1047,600789,鲁抗医药,0.8075,0.5376,28.2736,425.5275,44.7386,55.2614
1048,000407,胜利股份,0.6888,0.5515,24.5742,468.459,44.7358,55.2642
1049,300588,熙菱信息,1.5119,1.3495,35.8145,-19.7963,44.6887,55.3113
1050,603466,风语筑,1.6158,1.1942,61.7204,-1958.8339999999998,44.6465,55.3535
1051,002013,中航机电,1.4779,1.1177,39.3071,710.0779,44.6126,55.3874
1052,000903,云内动力,1.0452,0.8555,10.6298,344.8468,44.5623,55.4377
1053,002429,兆驰股份,1.4564,1.2654,36.1876,-779.0638,44.4518,55.5482
1054,600879,航天电子,1.4609,0.8094,18.1461,359.1991,44.4417,55.5583
1055,600547,山东黄金,0.4166,0.2702,13.0337,349.9844,44.3943,55.6057
1056,600026,中远海能,0.561,0.4983,31.9735,175.9921,44.2995,55.7005
1057,601717,郑煤机,1.6464,1.3507,40.6867,1138.7797,44.2312,55.7688
1058,300423,鲁亿通,1.2864,0.9684,18.0884,869.7444,44.1807,55.8193
1059,600493,凤竹纺织,1.369,0.9590000000000001,52.0527,327.6733,44.0043,55.9957
1060,688009,中国通号,1.5554,1.5129,46.4064,-3390.0518,43.8145,56.1855
1061,600362,江西铜业,1.229,0.8353,43.5055,441.7469,43.7558,56.2442
1062,000417,合肥百货,0.9269,0.5926,44.7066,1388.4017,43.7257,56.2743
1063,600284,浦东建设,1.6439,1.1599,64.6915,-945.4905,43.6904,56.3096
1064,000301,东方盛虹,0.7869,0.5718,39.9677,463.9711,43.6616,56.3384
1065,002080,中材科技,0.9118,0.7271,14.4647,560.7848,43.6447,56.3553
1066,688189,南新制药,1.3157,1.2186,45.3751,850.965,43.6373,56.3627
1067,300536,农尚环境,1.6402,0.8381,57.2851,-3953.5328,43.5801,56.4199
1068,300376,易事特,1.2407,1.1539,28.5408,296.8809,43.4614,56.5386
1069,601138,工业富联,1.6874,1.3283,57.687,-2773.9258,43.4548,56.5452
1070,600022,山东钢铁,0.6857,0.5134,20.9792,207.6126,43.4167,56.5833
1071,603799,华友钴业,0.8363,0.5363,25.5405,137.2898,43.37,56.63
1072,000550,江铃汽车,1.1229,0.9779,66.5804,44.6008,43.1984,56.8016
1073,603507,振江股份,1.0067,0.6728,16.5197,185.3151,43.1331,56.8669
1074,601898,中煤能源,0.6576,0.56,30.6002,355.4738,43.0739,56.9261
1075,002452,长高集团,1.3079,1.0176,24.3663,939.7187,43.0363,56.9637
1076,600132,重庆啤酒,1.1369,0.8957,82.9904,9142.3438,43.0051,56.9949
1077,603378,亚士创能,1.3987,1.3041,43.7002,367.4233,42.9522,57.0478
1078,000157,中联重科,1.8269,1.4866,45.6958,514.2996,42.9391,57.0609
1079,000586,汇源通信,1.6012,1.272,31.5031,238.8452,42.9333,57.0667
1080,300242,佳云科技,1.4337,1.4335,29.2369,140.4524,42.9175,57.0825
1081,000600,建投能源,0.6527,0.5993,21.7417,306.1264,42.9064,57.0936
1082,601003,柳钢股份,1.0112,0.5408,25.5421,4672.9154,42.893,57.107
1083,002374,丽鹏股份,1.0629,0.7961,14.5491,-1547.6546,42.8178,57.1822
1084,601107,四川成渝,1.0971,0.7844,61.3874,321.5717,42.8176,57.1824
1085,002758,华通医药,1.5807,1.2323,36.8886,216.2948,42.7732,57.2268
1086,300657,弘信电子,1.3178,1.1705,30.6537,777.1006,42.726000000000006,57.273999999999994
1087,300752,隆利科技,1.444,1.1338,41.7143,18579.7527,42.6946,57.3054
1088,002245,澳洋顺昌,1.226,0.8825,9.6108,253.4001,42.5386,57.4614
1089,002162,悦心健康,0.8784,0.4936,25.5691,216.8926,42.4117,57.5883
1090,603993,洛阳钼业,1.5669,0.9674,45.2574,288.5495,42.3538,57.6462
1091,300738,奥飞数据,0.6918,0.6918,10.6594,706.5075,42.2093,57.7907
1092,600741,华域汽车,1.1953,1.0362,47.0012,-16341.3604,42.1926,57.8074
1093,600089,特变电工,1.4752,1.1988,55.7837,499.0519,42.0913,57.9087
1094,600603,广汇物流,1.5098,0.6523,43.3413,5287.1511,42.0553,57.9447
1095,600962,国投中鲁,1.2065,0.619,9.1605,157.7221,42.0353,57.9647
1096,603955,大千生态,1.494,1.0458,63.4472,-1916.2349,42.0248,57.9752
1097,000698,沈阳化工,0.7961,0.6422,40.0316,-440.7433,41.9737,58.0263
1098,603278,大业股份,1.2324,1.0063,35.9621,771.6053,41.96,58.04
1099,600860,*ST京城,0.9993,0.5879,10.6637,-592.9169,41.9325,58.0675
1100,002129,中环股份,1.0401,0.9404,49.5649,260.7004,41.8346,58.1654
1101,002419,天虹股份,1.0055,0.9171,48.1975,-7520.9317,41.8148,58.1852
1102,600477,杭萧钢构,1.2321,0.5472,14.848,1286.7761,41.7911,58.2089
1103,600549,厦门钨业,0.9956,0.5523,15.2592,220.5208,41.6493,58.3507
1104,000680,山推股份,1.0715,0.822,31.1827,170.9935,41.5978,58.4022
1105,300416,苏试试验,1.0558,0.8241,33.3006,862.0216,41.5977,58.4023
1106,600803,新奥股份,0.8544,0.6302,30.4794,319.4481,41.586999999999996,58.413000000000004
1107,000404,长虹华意,1.4294,1.2069,51.9424,-266.8143,41.5826,58.4174
1108,300323,华灿光电,1.1239,0.9092,33.109,-552.5923,41.5581,58.4419
1109,601966,玲珑轮胎,0.9864,0.7298,34.819,618.1845,41.5022,58.4978
1110,600109,国金证券,--,--,--,--,41.4516,58.5484
1111,600604,市北高新,2.4203,0.688,46.37,270.3269,41.4516,58.5484
1112,601766,中国中车,1.255,0.9511,29.6362,4550.2359,41.4077,58.5923
1113,688186,广大特材,1.0819,0.5802,12.2266,482.1594,41.3838,58.6162
1114,000800,一汽轿车,0.9162,0.5626,17.0562,199.5779,41.2876,58.7124
1115,600639,浦东金桥,1.1188,0.5559,16.512,1907.3822,41.2684,58.7316
1116,002165,红宝丽,0.9681,0.7886,29.0401,269.4734,41.2236,58.7764
1117,002302,西部建设,1.5337,1.5061,39.2762,899.879,41.1105,58.8895
1118,601200,上海环境,0.7071,0.635,25.2007,509.1014,41.0911,58.9089
1119,603042,华脉科技,1.4191,1.2004,30.4074,219.9206,41.0778,58.9222
1120,300021,大禹节水,1.296,1.0697,40.592,507.2792,41.023,58.977
1121,600127,金健米业,1.0764,0.4366,13.8122,162.1204,40.9913,59.0087
1122,600635,大众公用,0.6682,0.6307,54.5416,327.8674,40.9866,59.0134
1123,603901,永创智能,1.6766,1.0014,57.6871,1485.0674,40.9443,59.0557
1124,002916,深南电路,1.28,0.9578,30.9148,2023.6675,40.9425,59.0575
1125,002312,三泰控股,0.7635,0.5742,28.4064,-293.848,40.854,59.146
1126,000050,深天马A,0.7054,0.5418,15.7739,240.3888,40.8049,59.1951
1127,600828,茂业商业,0.5344,0.4517,15.9671,640.737,40.8033,59.1967
1128,002628,成都路桥,1.1318,0.7984,39.3308,201.023,40.5212,59.4788
1129,600587,新华医疗,0.9196,0.5724,17.8717,779.8043,40.4281,59.5719
1130,600643,爱建集团,1.8042,1.8032,114.5751,814.1484,40.3178,59.6822
1131,600766,园城黄金,1.6098,0.4425,2.3671,1006.4355,40.3157,59.6843
1132,300228,富瑞特装,1.0533,0.6376,27.2243,-575.0689,40.289,59.711000000000006
1133,002156,通富微电,0.8357,0.5746,30.674,93.7351,40.2431,59.7569
1134,300385,雪浪环境,1.2788,0.8128,18.7934,304.8854,40.1841,59.8159
1135,000532,华金资本,0.5079,0.4347,27.096,263.6365,40.0999,59.9001
1136,002579,中京电子,1.1459,0.8864,30.0732,482.8481,40.0693,59.9307
1137,601828,美凯龙,0.5025,0.4906,28.0334,374.4628,40.0549,59.9451
1138,002812,恩捷股份,1.1877,1.0082,23.9177,1173.0262,40.0316,59.9684
1139,600835,上海机电,1.4266,0.9931,61.7661,-738.7717,39.986,60.013999999999996
1140,000960,锡业股份,0.629,0.3908,26.4928,290.7654,39.9389,60.0611
1141,002300,太阳电缆,1.0466,0.7994,25.7506,446.0304,39.7908,60.2092
1142,000531,穗恒运A,0.6959,0.5951,50.0177,412.1497,39.7195,60.2805
1143,600874,创业环保,1.3516,1.3475,59.0847,415.728,39.6991,60.3009
1144,000151,中成股份,1.3563,0.7282,43.7937,-408.1626,39.626,60.373999999999995
1145,600505,西昌电力,0.994,0.9249,45.7295,295.7574,39.5116,60.4884
1146,603927,中科软,1.596,1.5047,92.5739,-2240.1818,39.4763,60.5237
1147,000909,数源科技,1.8284,1.1659,15.3201,178.0781,39.4154,60.5846
1148,603300,华铁应急,0.524,0.5204,3.8339,632.0244,39.3433,60.6567
1149,600619,海立股份,1.14,0.8412,15.767,649.3019,39.3304,60.6696
1150,000932,华菱钢铁,0.6915,0.5121,17.4975,925.6693,39.2241,60.7759
1151,603885,吉祥航空,0.4729,0.4528,16.5137,511.0052,39.06,60.94
1152,300322,硕贝德,1.094,0.8516,18.2755,562.0015,39.0127,60.9873
1153,600236,桂冠电力,0.3646,0.3397,18.7776,361.5286,38.9615,61.0385
1154,300007,汉威科技,1.5511,1.2788,79.1859,96.6992,38.9477,61.0523
1155,600368,五洲交通,2.0083,0.6362,42.3965,473.9809,38.8915,61.1085
1156,600888,新疆众和,1.0911,0.8572,44.1085,159.5727,38.8113,61.1887
1157,000100,TCL科技,1.1184,0.9865,43.3097,424.7758,38.7535,61.2465
1158,002541,鸿路钢构,1.1716,0.5073,18.1818,1114.2621,38.722,61.278
1159,300692,中环环保,0.765,0.68,25.7674,416.917,38.552,61.448
1160,002135,东南网架,1.2637,0.7122,17.2196,575.751,38.5091,61.4909
1161,600496,精工钢构,1.2916,0.6448,24.8584,360.8028,38.3784,61.6216
1162,600452,涪陵电力,0.1945,0.1943,15.8128,892.58,38.3205,61.6795
1163,600071,凤凰光学,1.4404,1.2055,45.7285,86.0148,38.2822,61.7178
1164,002876,三利谱,1.2647,0.8679,25.3932,238.2417,38.2636,61.7364
1165,002375,亚厦股份,1.3865,1.2367,23.8957,703.8318,38.2265,61.7735
1166,600203,福日电子,1.2669,1.0303,39.5052,157.9626,38.1417,61.8583
1167,603161,科华控股,1.0326,0.7403,16.1248,388.6565,37.9724,62.0276
1168,600823,世茂股份,1.1736,0.3959,20.4875,2409.8946,37.7882,62.2118
1169,600386,北巴传媒,1.4201,1.1434,59.3585,287.6735,37.7205,62.2795
1170,002453,华软科技,1.3654,1.2619,11.6851,-670.1511,37.650999999999996,62.349
1171,000791,甘肃电投,1.0896,1.0863,39.4493,206.4255,37.5865,62.4135
1172,002534,杭锅股份,1.364,1.1615,36.2728,-2668.3667,37.4847,62.5153
1173,000830,鲁西化工,0.2147,0.1336,3.596,449.8064,37.4591,62.5409
1174,000428,华天酒店,0.5229,0.2751,4.5888,102.9117,37.3989,62.6011
1175,603386,广东骏亚,0.7311,0.5268,11.3807,269.5353,37.3703,62.6297
1176,600190,锦州港,0.2246,0.2234,8.272,140.0095,37.126999999999995,62.873000000000005
1177,600785,新华百货,0.6343,0.4263,22.086,427.8955,37.0817,62.9183
1178,000810,创维数字,1.6224,1.3923,38.081,-3115.8648,37.0743,62.9257
1179,600673,东阳光,1.1781,1.0467,44.971,424.289,37.0287,62.9713
1180,000885,城发环境,0.4635,0.4604,36.236,618.6338,36.986999999999995,63.013000000000005
1181,000065,北方国际,1.3476,1.2772,44.1706,4126.8492,36.9863,63.0137
1182,600754,锦江酒店,1.1159,1.1036,77.7505,618.7036,36.9294,63.0706
1183,002024,苏宁易购,0.9959,0.7751,27.9685,752.2958,36.7925,63.2075
1184,000921,海信家电,1.1767,1.0088,29.3715,-26761.7844,36.7185,63.2815
1185,600655,豫园股份,1.4555,0.6359,40.494,845.4851,36.6741,63.3259
1186,300118,东方日升,0.9139,0.7864,32.897,964.8711,36.5804,63.4196
1187,002112,三变科技,1.2001,0.8727,19.0972,227.1374,36.5613,63.4387
1188,002673,西部证券,--,--,--,--,36.4964,63.5036
1189,601619,嘉泽新能,1.9792,1.9789,23.8688,206.2545,36.4115,63.5885
1190,603018,中设集团,1.3618,1.2382,28.961,5252.9472,36.3073,63.6927
1191,300621,维业股份,1.4073,1.3413,27.97,572.9998,36.2985,63.7015
1192,600372,中航电子,1.4952,1.1465,29.4836,309.7096,36.2267,63.7733
1193,601608,中信重工,1.0827,0.6899,32.1837,184.8038,36.0685,63.9315
1194,601607,上海医药,1.3148,0.9813,24.3622,597.506,36.0412,63.9588
1195,603179,新泉股份,1.2638,0.9101,23.8866,676.9565,36.0237,63.9763
1196,000521,长虹美菱,1.2509,1.0753,66.1021,-390.8411,35.9942,64.0058
1197,002742,三圣股份,0.84,0.7327,14.4505,229.0082,35.9596,64.0404
1198,000591,太阳能,1.2422,1.2237,15.1612,211.2758,35.9592,64.0408
1199,002167,东方锆业,0.4209,0.1212,1.3581,-98.9143,35.8943,64.1057
1200,600808,马钢股份,0.929,0.7104,19.0055,392.7781,35.7276,64.2724
1201,000420,吉林化纤,0.4621,0.3481,20.514,142.606,35.6107,64.3893
1202,600391,航发科技,1.1029,0.4399,8.4341,156.998,35.5995,64.4005
1203,600985,淮北矿业,0.4751,0.4169,21.1761,451.9348,35.5588,64.4412
1204,600067,冠城大通,1.3504,0.2665,11.9614,494.4689,35.5405,64.4595
1205,600875,东方电气,1.4033,1.1376,61.6327,-1030.3075,35.4818,64.5182
1206,600104,上汽集团,1.1045,0.9869,39.1136,168189.6861,35.4207,64.5793
1207,603903,中持股份,0.9629,0.7695,32.0871,389.958,35.3656,64.6344
1208,600008,首创股份,0.7416,0.6797,20.6397,227.2898,35.3244,64.6756
1209,600051,宁波联合,1.2271,0.5709,41.1308,1253.1168,35.2777,64.7223
1210,300237,美晨生态,1.6012,0.5549,22.8059,162.6497,35.2525,64.7475
1211,600268,国电南自,1.1657,1.0297,22.8229,373.9652,35.1764,64.8236
1212,600295,鄂尔多斯,0.7041,0.5311,35.2049,283.076,35.086999999999996,64.913
1213,000977,浪潮信息,1.4646,0.9991,36.4313,968.1323,35.0511,64.9489
1214,003816,中国广核,0.924,0.6499,29.204,315.0645,34.8718,65.1282
1215,601600,中国铝业,0.7043,0.4221,13.1054,144.7815,34.8278,65.1722
1216,000708,中信特钢,0.7778,0.5672,20.6998,1455.5064,34.8234,65.1766
1217,000950,重药控股,1.3393,1.0916,21.6278,337.5323,34.779,65.221
1218,601111,中国国航,0.3197,0.2926,12.4484,247.5877,34.4521,65.5479
1219,002607,中公教育,0.7531,0.7531,42.4204,1122.6335,34.4508,65.5492
1220,601016,节能风电,1.4204,1.3749,46.3334,257.8593,34.3939,65.6061
1221,600027,华电国际,0.3951,0.3472,9.9287,206.6905,34.3903,65.6097
1222,300059,东方财富,1.4262,1.4262,63.5177,-17618.1795,34.306999999999995,65.693
1223,000880,潍柴重机,0.8028,0.6385,42.1552,-323.6255,34.2923,65.7077
1224,000768,中航飞机,1.3286,0.8465,22.1234,-1986.7126,34.0471,65.9529
1225,601369,陕鼓动力,1.3762,1.1718,34.7104,-1354.3243,34.0284,65.9716
1226,600323,瀚蓝环境,0.4877,0.4347,14.829,598.0223,33.8436,66.1564
1227,300751,迈为股份,1.4076,0.6255,29.0324,-2422.0444,33.8399,66.1601
1228,002140,东华科技,1.3005,0.8432,38.7637,-2505.2043,33.7219,66.2781
1229,000409,ST地矿,0.9294,0.8607,27.4029,-740.3792,33.3037,66.6963
1230,600829,人民同泰,1.4249,1.1034,10.314,1552.0885,33.2996,66.7004
1231,600202,哈空调,1.1528,0.8966,15.6166,233.8208,33.2552,66.7448
1232,600057,厦门象屿,1.3469,0.8119,20.172,257.4251,33.1587,66.8413
1233,600886,国投电力,0.7286,0.6948,24.6514,315.8744,33.1051,66.8949
1234,000727,*ST东科,0.3676,0.2046,10.125,-1168.1167,32.8206,67.1794
1235,000951,中国重汽,1.3685,1.0475,17.3099,1351.8499,32.768,67.232
1236,300208,青岛中程,1.2727,0.509,14.0693,-326.1831,32.7577,67.2423
1237,600058,五矿发展,1.284,0.9973,16.0478,207.635,32.6718,67.3282
1238,601727,上海电气,1.2142,1.0496,15.4142,582.3812,32.6494,67.3506
1239,000049,德赛电池,1.3424,0.9661,13.3327,3745.0874,32.6249,67.3751
1240,600719,大连热电,0.5222,0.4697,16.4143,209.9631,32.6243,67.3757
1241,001896,豫能控股,0.4714,0.4019,12.1454,133.0838,32.6018,67.3982
1242,601168,西部矿业,0.9236,0.7259,47.5727,266.1531,32.3688,67.6312
1243,603737,三棵树,1.0018,0.8589,17.7945,6661.9324,32.3587,67.6413
1244,600970,中材国际,1.1575,1.0338,37.6484,-1841.3931,32.3456,67.6544
1245,002039,黔源电力,0.1864,0.1864,5.5887,206.5751,32.3425,67.6575
1246,002945,华林证券,--,--,--,--,32.3348,67.6652
1247,600038,中直股份,1.3498,0.3983,25.2547,-2030.3617,32.1868,67.8132
1248,002097,山河智能,1.1423,0.8048,21.1992,536.0359,32.147,67.85300000000001
1249,600693,东百集团,1.3649,0.405,21.2318,449.1681,32.0839,67.9161
1250,000039,中集集团,1.276,0.6906,19.8571,539.9019,31.9788,68.0212
1251,600795,国电电力,0.3897,0.3443,11.396,176.8973,31.9718,68.0282
1252,601886,江河集团,1.2433,1.1285,27.3165,353.5578,31.8271,68.1729
1253,600663,陆家嘴,0.912,0.3163,8.7479,745.1788,31.7768,68.2232
1254,000807,云铝股份,0.442,0.2774,19.753,166.4193,31.7677,68.2323
1255,600732,爱旭股份,0.6354,0.5696,27.3275,702.5073,31.4215,68.5785
1256,002202,金风科技,0.9773,0.8134,18.6642,313.8956,31.2683,68.7317
1257,600418,江淮汽车,0.857,0.7485,32.3398,128.249,31.2496,68.7504
1258,000597,东北制药,0.7443,0.5818,19.3107,327.7171,31.2431,68.7569
1259,603186,华正新材,0.9429,0.7816,11.7441,401.4854,31.2183,68.7817
1260,002490,山东墨龙,0.6354,0.3938,13.9525,-47.0872,31.1896,68.8104
1261,601990,南京证券,--,--,--,--,31.074,68.926
1262,688015,交控科技,1.389,1.0227,45.3391,942.2405,30.805,69.195
1263,600810,神马股份,0.8692,0.728,49.2488,321.3273,30.5422,69.4578
1264,002480,新筑股份,0.9445,0.6056,21.1516,-17.5556,30.3582,69.6418
1265,600812,华北制药,0.7725,0.5632,12.1312,145.4503,30.3328,69.6672
1266,000011,深物业A,1.8187,0.8739,63.4127,845.884,30.3232,69.6768
1267,600458,时代新材,1.2791,1.0338,30.9355,205.7917,30.2483,69.7517
1268,600748,上实发展,1.6443,0.4683,31.7922,797.1138,30.1588,69.8412
1269,601236,红塔证券,--,--,--,--,29.9593,70.0407
1270,000728,国元证券,--,--,--,--,29.8747,70.1253
1271,600685,中船防务,1.1301,0.9823,51.034,787.4814,29.7256,70.2744
1272,603520,司太立,0.7724,0.5057,27.2285,340.182,29.5195,70.4805
1273,600858,银座股份,0.4082,0.292,25.3173,145.7947,29.4989,70.5011
1274,603881,数据港,0.2779,0.2679,14.4668,306.6358,29.4937,70.5063
1275,000421,南京公用,0.9501,0.4712,24.7398,771.0465,29.4813,70.5187
1276,000338,潍柴动力,1.1918,0.9584,48.6185,6613.5951,29.4617,70.5383
1277,300827,上能电气,1.3817,1.1081,33.9685,1236.8802,29.455,70.545
1278,002401,中远海科,1.3312,0.8088,55.5743,-913.0389,29.2899,70.7101
1279,601992,金隅集团,1.3664,0.4147,16.6985,333.5508,29.2536,70.7464
1280,002459,晶澳科技,0.9827,0.7985,42.548,383.0207,29.0763,70.9237
1281,600621,华鑫股份,1.5612,1.5612,59.0468,-222.5932,29.0471,70.9529
1282,002926,华西证券,--,--,--,--,29.0349,70.9651
1283,600526,菲达环保,1.1056,0.6332,21.287,187.4338,29.0037,70.9963
1284,600469,风神股份,0.8226,0.5982,22.3856,373.7639,28.9915,71.0085
1285,601991,大唐发电,0.4178,0.3673,10.1398,165.8588,28.978,71.02199999999999
1286,600119,*ST长投,0.9906,0.9478,37.2621,322.9035,28.9488,71.0512
1287,600973,宝胜股份,1.0562,0.9025,26.0119,151.4985,28.8386,71.1614
1288,002237,恒邦股份,0.9931,0.3136,15.7193,199.7948,28.8089,71.1911
1289,600455,博通股份,0.5397,0.5319,50.4612,550.2003,28.6255,71.3745
1290,000878,云南铜业,0.9789,0.3305,13.1314,221.8003,28.6248,71.3752
1291,600839,四川长虹,1.056,0.7344,39.3231,226.2485,28.5657,71.4343
1292,002205,国统股份,0.6257,0.5279,18.495,164.1794,28.5497,71.4503
1293,000862,银星能源,1.1392,1.0928,13.6352,106.5213,28.3818,71.6182
1294,600011,华能国际,0.4291,0.3664,9.7508,144.9435,28.3583,71.6417
1295,600068,葛洲坝,1.1918,0.7165,20.4851,417.7988,28.2481,71.7519
1296,603997,继峰股份,1.0195,0.7508,29.3633,330.0344,28.0044,71.9956
1297,002370,亚太药业,8.5486,7.6564,680.7425,-4114.1059,27.9085,72.0915
1298,600354,*ST敦种,0.8469,0.5642,26.8317,-493.2667,27.9081,72.0919
1299,603322,超讯通信,1.2924,1.2267,31.1127,-103.1199,27.8274,72.1726
1300,603019,中科曙光,1.6863,1.1099,49.3549,617.5865,27.558000000000003,72.442
1301,601068,中铝国际,1.2728,1.1844,29.6418,160.1573,27.491999999999997,72.508
1302,300708,聚灿光电,1.004,0.8767,22.108,130.5141,27.1107,72.8893
1303,600021,上海电力,0.3983,0.3895,14.4092,200.704,27.0835,72.9165
1304,002456,欧菲光,0.9333,0.6493,14.4416,163.7074,27.066,72.934
1305,002471,中超控股,1.1605,0.926,22.7497,-143.7838,26.9759,73.0241
1306,000488,晨鸣纸业,0.853,0.7624,49.8704,170.2489,26.8886,73.1114
1307,000063,中兴通讯,1.1875,0.8669,38.5656,841.4082,26.8794,73.1206
1308,002066,瑞泰科技,0.9438,0.5796,16.15,205.2882,26.8719,73.1281
1309,600909,华安证券,--,--,--,--,26.7602,73.2398
1310,002797,第一创业,--,--,--,--,26.7449,73.2551
1311,002961,瑞达期货,--,--,--,--,26.7443,73.2557
1312,601800,中国交建,1.0052,0.8872,35.9697,550.3812,26.453000000000003,73.547
1313,601696,中银证券,--,--,--,--,26.366,73.634
1314,601919,中远海控,1.0266,0.969,71.463,337.843,26.3611,73.6389
1315,300226,上海钢联,1.3121,1.1642,6.9528,771.9344,26.2636,73.7364
1316,601211,国泰君安,--,--,--,--,26.1202,73.8798
1317,603363,傲农生物,0.4477,0.2705,7.5391,182.5103,26.0801,73.9199
1318,600820,隧道股份,1.0778,0.7238,33.1562,560.829,25.8046,74.1954
1319,002175,*ST东网,0.7605,0.506,4.6984,401.4917,25.7606,74.2394
1320,601330,绿色动力,0.3503,0.344,11.1902,244.3321,25.5765,74.4235
1321,601618,中国中冶,1.1357,0.9375,14.9569,491.5582,25.497,74.503
1322,002011,盾安环境,1.3289,1.1112,29.183,149.5748,25.4021,74.5979
1323,600678,四川金顶,0.4655,0.4276,8.5363,284.8872,25.3257,74.6743
1324,000737,ST南风,0.636,0.4444,29.4152,36.6539,25.2757,74.7243
1325,000875,吉电股份,0.5561,0.5483,6.6851,138.9585,25.261999999999997,74.738
1326,600029,南方航空,0.1753,0.1555,2.0882,154.5576,25.128,74.872
1327,002736,国信证券,--,--,--,--,25.0419,74.9581
1328,600320,振华重工,0.8034,0.61,10.4426,139.4813,24.9575,75.0425
1329,600115,东方航空,0.2519,0.2212,1.7674,167.9406,24.8809,75.1191
1330,601186,中国铁建,1.097,0.8141,25.3995,871.5849,24.2335,75.7665
1331,600061,国投资本,1.4565,1.456,42.6578,1891.4253,24.1656,75.8344
1332,601788,光大证券,--,--,--,--,24.0182,75.9818
1333,000090,天健集团,1.543,0.3536,21.6155,1314.6375,23.9636,76.0364
1334,000776,广发证券,--,--,--,--,23.8688,76.1312
1335,002863,今飞凯达,0.6978,0.3488,12.7097,156.3072,23.6872,76.3128
1336,000686,东北证券,--,--,--,--,23.6739,76.3261
1337,002845,同兴达,1.0832,0.7835,25.417,249.0976,23.3598,76.6402
1338,601390,中国中铁,1.0495,0.7541,26.7654,633.9198,23.2416,76.7584
1339,000031,大悦城,1.5769,0.6838,32.5301,462.076,23.2233,76.7767
1340,600657,信达地产,1.6217,0.4864,28.9582,572.981,23.0821,76.9179
1341,600266,城建发展,2.5015,0.5428,22.6174,464.6682,22.8338,77.1662
1342,601881,中国银河,--,--,--,--,22.7841,77.2159
1343,002172,澳洋健康,0.589,0.4975,15.0849,-371.2348,22.717,77.283
1344,601688,华泰证券,--,--,--,--,22.3513,77.6487
1345,600999,招商证券,--,--,--,--,22.2981,77.7019
1346,600048,保利地产,1.5623,0.5885,23.2482,2057.2457,22.2145,77.7855
1347,600837,海通证券,--,--,--,--,22.1608,77.8392
1348,601878,浙商证券,--,--,--,--,22.0397,77.9603
1349,000750,国海证券,--,--,--,--,21.8839,78.1161
1350,000166,申万宏源,--,--,--,--,21.8335,78.1665
1351,601319,中国人保,--,--,--,--,21.7907,78.2093
1352,000523,广州浪奇,1.1889,0.982,15.5067,157.5465,21.4142,78.5858
1353,600346,恒力石化,0.6478,0.4112,20.0669,470.8252,21.0685,78.9315
1354,600030,中信证券,--,--,--,--,20.8974,79.1026
1355,600713,南京医药,1.1533,0.9362,12.2846,233.8429,20.5776,79.4224
1356,600958,东方证券,--,--,--,--,20.539,79.461
1357,000987,越秀金控,--,--,--,--,20.3656,79.6344
1358,002183,怡亚通,1.1163,0.872,29.4761,101.2814,20.1076,79.8924
1359,601066,中信建投,--,--,--,--,19.9163,80.0837
1360,000856,冀东装备,0.9393,0.8314,11.6885,366.7328,19.5298,80.4702
1361,600466,蓝光发展,1.4699,0.4367,20.8401,835.2076,19.3772,80.6228
1362,002163,中航三鑫,0.8343,0.644,25.6936,254.4968,19.2203,80.7797
1363,000712,锦龙股份,--,--,--,--,19.1728,80.8272
1364,600416,*ST湘电,0.8375,0.6544,18.0197,-369.2638,18.8114,81.1886
1365,000628,高新发展,1.2024,0.8935,23.7519,-4361.9113,18.7914,81.2086
1366,000897,*ST津滨,1.1837,0.1835,3.3365,3256.4185,18.7677,81.2323
1367,600325,华发股份,1.6753,0.4413,20.234,1738.6052,18.4933,81.5067
1368,600684,珠江实业,1.8363,0.5737,26.0428,203.0297,18.0896,81.9104
1369,002146,荣盛发展,1.3207,0.4144,17.0944,1523.6908,17.5465,82.4535
1370,000652,泰达股份,1.0757,0.4581,9.2222,165.9256,17.454,82.546
1371,603093,南华期货,--,--,--,--,17.3703,82.6297
1372,601866,中远海发,0.5491,0.5329,49.2183,158.9634,16.7534,83.2466
1373,000627,天茂集团,3.0573,2.622,154.042,--,16.7354,83.2646
1374,000617,中油资本,0.6882,0.6882,27.044,10998.6056,16.4546,83.5454
1375,000656,金科股份,1.4491,0.3831,17.9066,1425.7237,16.2159,83.7841
1376,600310,桂东电力,0.6333,0.423,20.737,172.1022,16.0574,83.9426
1377,000838,财信发展,1.4052,0.3414,17.0917,629.5339,15.9099,84.0901
1378,002208,合肥城建,1.3669,0.3265,21.2336,917.7536,15.6859,84.3141
1379,000002,万科A,1.1307,0.4259,13.0593,1434.3805,15.640999999999998,84.359
1380,600234,ST山水,0.3224,0.287,16.1873,316.641,15.3948,84.6052
1381,600744,华银电力,0.4659,0.385,8.1273,113.4058,15.0986,84.9014
1382,000034,神州数码,1.0375,0.6289,17.7702,289.9885,14.8699,85.1301
1383,600751,海航科技,1.0888,0.7671,7.1937,137.4261,14.7836,85.2164
1384,000755,山西路桥,0.2791,0.2788,22.3199,156.5036,14.2094,85.7906
1385,002248,华东数控,0.8368,0.3368,19.1332,212.7092,14.1557,85.8443
1386,002564,天沃科技,1.1209,0.9924,11.2769,135.175,14.1362,85.8638
1387,601155,新城控股,1.0441,0.3875,18.1533,2097.0024,13.4027,86.5973
1388,300772,运达股份,0.9233,0.7066,37.5392,-471.87,13.2019,86.7981
1389,000736,中交地产,1.5757,0.5326,30.6973,7756.0573,13.1833,86.8167
1390,002060,粤水电,0.8988,0.6609,19.1014,162.0509,13.0726,86.9274
1391,002200,*ST云投,0.8387,0.4135,18.6605,154.7114,12.2338,87.7662
1392,600396,金山股份,0.2095,0.1897,6.8765,83.6247,12.2238,87.7762
1393,601601,中国太保,--,--,--,896.5252,11.9948,88.0052
1394,600853,龙建股份,1.023,0.6587,21.1397,212.034,11.1351,88.8649
1395,601628,中国人寿,--,--,--,--,10.9839,89.0161
1396,600871,石化油服,0.5831,0.5605,3.1877,243.4153,10.8973,89.1027
1397,601318,中国平安,--,--,--,--,10.3658,89.6342
1398,002306,ST云网,0.9304,0.9198,39.4925,-18952.1324,10.1166,89.8834
1399,000868,*ST安凯,0.8775,0.8433,23.7549,161.6808,9.6227,90.3773
1400,601336,新华保险,--,--,--,--,9.6091,90.3909
1401,002807,江阴银行,--,--,--,--,9.3975,90.6025
1402,600683,京投发展,1.7907,0.1663,11.1065,383.7752,8.9539,91.0461
1403,601398,工商银行,--,--,--,--,8.9407,91.0593
1404,600015,华夏银行,--,--,--,--,8.9161,91.0839
1405,601939,建设银行,--,--,--,--,8.7872,91.2128
1406,601988,中国银行,--,--,--,--,8.6812,91.3188
1407,601077,渝农商行,--,--,--,--,8.6777,91.3223
1408,002966,苏州银行,--,--,--,--,8.4296,91.5704
1409,600223,鲁商发展,1.1456,0.2097,7.655,1225.4897,8.3822,91.6178
1410,600036,招商银行,--,--,--,--,8.328,91.67200000000001
1411,002948,青岛银行,--,--,--,--,8.1574,91.8426
1412,601818,光大银行,--,--,--,--,8.1559,91.8441
1413,601328,交通银行,--,--,--,--,8.0854,91.9146
1414,002936,郑州银行,--,--,--,--,7.9707,92.0293
1415,000001,平安银行,--,--,--,--,7.9456,92.0544
1416,600016,民生银行,--,--,--,--,7.9444,92.0556
1417,601998,中信银行,--,--,--,--,7.8887,92.1113
1418,601288,农业银行,--,--,--,--,7.8774,92.1226
1419,600908,无锡银行,--,--,--,--,7.2448,92.7552
1420,601916,浙商银行,--,--,--,--,7.1095,92.8905
1421,601577,长沙银行,--,--,--,--,6.9491,93.0509
1422,601860,紫金银行,--,--,--,--,6.8296,93.1704
1423,600919,江苏银行,--,--,--,--,6.6069,93.3931
1424,601658,邮储银行,--,--,--,--,5.3332,94.6668
1425,600186,莲花健康,0.7649,0.7261,59.6547,248.2461,3.4175,96.5825
1426,000911,*ST南糖,0.536,0.3866,14.7718,134.1394,2.7430000000000003,97.257
1427,000670,*ST盈方,0.275,0.241,10.9386,12048.0313,-54.5358,154.5358
1428,000509,*ST华塑,0.3548,0.343,10.9747,-1091781.9324,-61.8437,161.8437
1429,000927,*ST夏利,0.3314,0.3126,6.7717,-3197.2811,-69.812,169.812
1430,600891,*ST秋林,0.4603,0.308,17.6693,-187.9956,-114.6261,214.6261
1431,600074,退市保千,0.0642,0.0484,2.1445,-121.4972,-949.5294,1049.5294
