,报表日期,20200331,20191231,20190930,20190630,20190331,20181231,20180930,20180630,20180331,20171231,20170930,20170630,20170331,20161231,20160930,20160630,20160331,20151231,20150930,20150630,20150331,20141231,20140930,20140630,20140331,20131231,20130930,20130630,20130331,20121231,20120930,20120630,20120331,20111231,20110930,20110630,20110331,20101231,20100930,20100630,20100331,20091231,20090930,20090630,20090331,20081231,20080930,20080630,20080331,20071231,20070930,20070630,20070331,20061231,20060930,20060630,20060331,20051231,20050930,20050630,20050331,20041231,20040930,20040630,20040331,20031231,20030930,20030630,20030331,20021231,20020930,20020630,20020331,20011231,20010630,20001231,19991231,19981231,19700101
0,单位,元,元,元,元,元,元,元,元,元,元,元,元,元,元,元,元,元,元,元,元,元,元,元,元,元,元,元,元,元,元,元,元,元,元,元,元,元,元,元,元,元,元,元,元,元,元,元,元,元,元,元,元,元,元,元,元,元,元,元,元,元,元,元,元,元,元,元,元,元,元,元,元,元,元,元,元,元,元,
1,流动资产,,,,,,,,,,,,,,,,,,,,,,,,,,,,,,,,,,,,,,,,,,,,,,,,,,,,,,,,,,,,,,,,,,,,,,,,,,,,,,,
2,货币资金,774599027.57,694131974.25,713638609.52,922886937.31,825698459.00,878897129.28,961023404.42,861621218.38,668904304.21,624373951.94,725285087.82,527151891.18,466733836.26,481636589.53,895342537.36,877781968.82,578255226.53,734257618.84,713660912.39,357026687.11,415529160.61,379357854.77,807163121.04,729540473.15,654717379.36,366393229.83,460709960.57,515278656.12,579319634.51,334248247.97,558600633.84,561768034.51,583306348.25,355379177.42,468459761.69,460038150.56,246036273.65,344825091.43,606508471.40,146191432.52,382326293.74,488971906.47,825463469.60,893529889.28,437956098.04,394362134.66,318360213.17,302123992.81,320609093.00,390694647.06,309287893.08,265806014.32,183552919.58,173042657.30,363704258.66,242236439.83,140046573.58,240660487.29,235548865.50,101804975.13,133125126.40,79574764.96,72352074.11,76492983.78,89440324.42,86335258.84,84784864.69,155085113.86,155234069.80,171812534.77,50413378.99,324774421.01,0,183545563.17,204424190.77,14337235.17,9525692.65,5672240.46,0.0
3,交易性金融资产,0,0,0,0,0,0,0,0,0,0,0,0,0,0,0,0,0,0,0,0,0,0,0,0,0,0,0,0,0,0,0,0,0,0,0,0,0,0,0,0,0,0,0,0,0,0,0,0,306180.00,295020.00,322200.00,359460.00,211320.00,148150.56,181920.56,188090.56,74847.32,97527.32,88900.00,84700.00,101900.00,108900.00,114400.00,120200.00,163400.00,112100.00,128000.00,144600.00,159700.00,166600.00,30219877.71,30224077.71,0,100248575.50,55242332.00,5287932.00,0,0,0.0
4,衍生金融资产,0,0,0,0,0,0,0,0,0,0,0,0,0,0,0,0,0,0,0,0,0,0,0,0,0,0,0,0,0,0,0,0,0,0,0,0,0,0,0,0,0,0,0,0,0,0,0,0,0,0,0,0,0,0,0,0,0,0,0,0,0,0,0,0,0,0,0,0,0,0,0,0,0,0,0,0,0,0,0.0
5,应收票据及应收账款,1059997181.69,964383903.72,837112155.41,669087453.19,788961215.78,735488666.74,851339111.82,805744634.18,633862812.00,759903010.78,0,818732702.88,0,618360436.40,0,710443049.86,0,0,0,0,0,0,0,0,0,0,0,0,0,0,0,0,0,0,0,0,0,0,0,0,0,0,0,0,0,0,0,0,0,0,0,0,0,0,0,0,0,0,0,0,0,0,0,0,0,0,0,0,0,0,0,0,0,0,0,0,0,0,0.0
6,应收票据,42000000.00,44000000.00,15000000.00,0,0,0,3000000.00,0,0,300000.00,514911.20,13950000.00,12582620.67,15510000.00,15510000.00,8160000.00,20200000.00,686214.50,0,0,1923363.70,1923363.70,0,0.00,700000.00,700000.00,0,0,0,0,0,0,0,28473573.24,37100464.34,0,0,15000000.00,20000.00,620000.00,100000.00,100000.00,0,5000000.00,0,134000000.00,0,0,0,97500000.00,0,0,0,25000000.00,0,0,0,32500000.00,0,0,0,8000000.00,0,0,0,8000000.00,0,0,10000000.00,130000000.00,0,0,0,0,0,0,30000.00,0,0.0
7,应收账款,1017997181.69,920383903.72,822112155.41,669087453.19,788961215.78,735488666.74,848339111.82,805744634.18,633862812.00,759603010.78,720014814.92,804782702.88,610778224.56,602850436.40,681765837.08,702283049.86,561447416.92,492263626.75,374907105.95,545938964.41,424468895.89,397125570.32,438691060.83,440657738.51,562980551.17,473873792.72,507545189.75,386492696.36,364319546.61,484167459.99,342132176.27,262935082.13,410423514.31,384900782.64,253954592.26,143677540.75,236135694.71,279770505.76,124417832.25,147375856.62,147008045.61,148816295.48,190143471.78,212404013.21,205855507.15,43997592.15,183025202.31,282109339.44,238952753.29,79168501.97,223342528.29,246898138.22,250845516.32,95168073.11,64454915.95,88404747.90,85033376.68,18815501.19,57152492.50,62484094.27,55907903.86,18305205.52,41065664.55,46322841.52,42912916.89,29863046.44,22725901.45,158928500.23,187887878.47,50856981.26,21942880.49,30760810.67,0,21107608.22,52809524.82,39690091.63,20443476.01,17243911.68,0.0
8,应收款项融资,183500000.00,146000000.00,0,0,0,0,0,0,0,0,0,0,0,0,0,0,0,0,0,0,0,0,0,0,0,0,0,0,0,0,0,0,0,0,0,0,0,0,0,0,0,0,0,0,0,0,0,0,0,0,0,0,0,0,0,0,0,0,0,0,0,0,0,0,0,0,0,0,0,0,0,0,0,0,0,0,0,0,0.0
9,预付款项,100258215.27,65887321.31,86324444.82,37434757.96,32747863.66,26836750.00,95429168.92,97324835.56,27642315.67,65647907.28,107142150.36,7446786.39,3982272.45,11187944.79,7483721.94,5282239.76,4851228.75,4733336.75,3068841.35,3369596.10,3964381.89,3321789.16,86629777.22,62897839.79,104227791.65,13212131.87,52709445.87,48775256.12,14773288.90,13717179.66,295206353.24,393992412.74,351561713.08,363077316.15,387469473.71,355508014.52,318238257.54,338853100.51,843077717.55,1275496386.62,1275248330.36,1136064068.07,1357359850.45,929363454.24,675541222.68,657739562.52,447511813.15,371478758.92,284657467.91,91339448.11,26133397.46,10222924.55,414718781.53,10080546.61,68596619.03,70607835.61,53434264.85,3979805.66,6352562.38,5406228.64,1634895.89,639336.55,7391767.71,394033.51,45000.00,45000.00,0,6870948.29,-2010.00,339000.00,0,0,0,2379255.09,0,0,0,0,0.0
10,其他应收款(合计),9998088.09,7327290.21,13941989.64,14227032.09,27788087.85,57981632.54,101760044.28,54032130.36,56244306.20,54911478.74,0,47021222.45,0,40461273.85,0,43518295.53,0,0,0,0,0,0,0,0,0,0,0,0,0,0,0,0,0,0,0,0,0,0,0,0,0,0,0,0,0,0,0,0,0,0,0,0,0,0,0,0,0,0,0,0,0,0,0,0,0,0,0,0,0,0,0,0,0,0,0,0,0,0,0.0
11,应收利息,0,0,0,0,0,0,0,0,0,0,0,0,0,0,0,0,0,0,0,0,0,0,0,0,0,0,0,0,0,0,0,0,0,0,0,0,0,0,0,0,0,0,0,0,0,0,0,0,0,0,0,0,0,0,0,0,0,0,0,0,0,0,0,0,0,0,0,0,0,0,0,0,0,0,0,0,0,0,0.0
12,应收股利,0,0,0,0,0,0,0,0,0,0,0,0,0,0,0,0,0,0,0,0,0,0,0,18687353.16,0,0,29579674.26,0,0,13785631.12,14400000.00,9000000.00,9000000.00,9000000.00,9000000.00,9000000.00,93485612.34,9000000.00,9000000.00,9000000.00,9000000.00,9000000.00,0,0,0,0,0,0,0,0,0,0,0,11424419.27,4921803.33,2000000.00,7739239.46,3739239.46,0,4808395.88,0,7560873.66,0,0,0,0,0,0,0,0,0,0,0,0,0,0,0,0,0.0
13,其他应收款,0,7327290.21,0,14227032.09,0,57981632.54,101760044.28,54032130.36,56244306.20,54911478.74,40738229.28,47021222.45,41603282.30,40461273.85,45463673.37,43518295.53,42125355.93,40137218.32,99005647.29,109421958.00,113782055.96,109136371.55,69209338.46,99130216.25,70716650.50,64917040.65,76757226.64,69457015.82,68653560.14,64915528.83,75842154.93,84898098.24,66551039.85,57625263.81,200299970.30,36427625.18,39194735.70,43352572.43,30098832.64,19978708.75,19156740.44,17119951.82,46046867.45,30041167.26,30806875.48,28932344.39,7229887.16,5973191.14,6743508.04,3253496.33,8679536.02,3187618.69,4264816.37,3918247.92,7813020.66,4684165.60,3709881.39,2565550.27,4316645.00,2505275.52,1707303.66,938778.29,7244824.70,6230887.77,6312032.43,6025583.52,101706519.50,105444226.67,107778894.34,104166896.54,64407613.50,7807512.00,0,32740606.18,20370830.25,5176605.67,4151526.85,29931455.23,0.0
14,买入返售金融资产,0,0,0,0,0,0,0,0,0,0,0,0,0,0,0,0,0,0,0,0,0,0,0,0,0,0,0,0,0,0,0,0,0,0,0,0,0,0,0,0,0,0,0,0,0,0,0,0,0,0,0,0,0,0,0,0,0,0,0,0,0,0,0,0,0,0,0,0,0,0,0,0,0,0,0,0,0,0,0.0
15,存货,245978199.46,199320764.30,280430424.46,239989070.98,241873771.86,287059738.50,198455846.65,198297860.29,212987866.73,311740725.86,336453802.91,214467913.44,203646403.04,187555514.19,204465881.31,191986595.78,166032723.97,198671189.53,165291088.49,143399653.75,159393548.97,245658506.55,169465481.20,131379954.74,125391755.57,150689525.61,160818996.22,147699016.16,151226285.88,209961601.88,133268513.52,130772247.20,100810571.91,195878687.67,177114988.02,72896493.46,47714179.84,129457423.74,53253170.66,49532640.32,52045868.91,61415950.06,180347525.50,143085193.34,128029963.75,179684676.43,176329094.50,112531170.20,85251043.11,86059818.67,86126283.83,46820141.60,42169339.55,45482075.33,42340066.89,31213034.31,23057897.51,41741833.11,41043601.47,20069389.40,12625305.86,22458472.11,22979822.76,11299638.49,5216883.09,9995090.12,4167001.91,13217522.12,14251059.90,28053418.14,4150759.79,5151894.00,0,3551073.45,3330418.18,8359780.89,8210920.14,6973031.95,0.0
16,划分为持有待售的资产,0,0,0,0,0,0,0,0,0,0,0,0,0,0,0,0,0,0,0,0,0,0,0,0,0,0,0,0,0,0,0,0,0,0,0,0,0,0,0,0,0,0,0,0,0,0,0,0,0,0,0,0,0,0,0,0,0,0,0,0,0,0,0,0,0,0,0,0,0,0,0,0,0,0,0,0,0,0,0.0
17,一年内到期的非流动资产,0,0,0,0,0,0,0,0,0,0,0,0,0,0,0,0,0,0,0,0,0,0,0,0,0,0,0,0,0,0,0,0,0,0,0,0,0,0,0,0,0,0,0,0,0,0,0,0,0,0,0,0,0,0,0,0,0,0,0,0,0,0,0,0,0,0,0,0,0,0,0,0,0,0,0,0,0,0,0.0
18,待摊费用,0,0,0,0,0,0,0,0,0,0,0,0,0,0,0,0,0,0,0,0,0,0,0,0,0,0,0,0,0,0,0,0,0,0,0,0,0,0,0,0,0,0,0,0,0,0,0,0,0,0,0,0,0,653454.42,1067381.54,881392.88,1095995.35,528136.40,859230.67,935748.53,638178.35,526618.06,549350.86,591615.31,237936.30,299162.31,73187.02,131043.01,355446.71,349731.00,62525.54,181267.67,0,284779.63,150896.03,399695.45,220080.00,111848.80,0.0
19,待处理流动资产损益,0,0,0,0,0,0,0,0,0,0,0,0,0,0,0,0,0,0,0,0,0,0,0,0,0,0,0,0,0,0,0,0,0,0,0,0,0,0,0,0,0,0,0,0,0,0,0,0,0,0,0,0,0,0,0,0,0,0,0,0,0,0,0,0,0,0,0,0,0,0,0,0,0,0,0,0,0,0,0.0
20,其他流动资产,29563327.52,37652738.04,33227135.68,43225186.63,35978096.76,75536564.34,46245721.15,45487175.41,78753812.06,107496063.88,53774842.92,66320212.59,90277017.37,140363250.19,61715421.15,48193569.67,63662865.10,59315394.16,57939077.71,70627691.17,76530128.85,116847845.10,29892031.62,32105909.69,33339527.24,33102833.48,19975947.96,18470399.32,14362710.79,13506205.18,22400507.98,27758678.09,16532717.05,23183705.00,19266064.33,18984860.65,13313826.90,11362881.25,12311667.22,12769478.90,14605083.31,11773631.52,2981731.57,3497795.09,2519936.99,1443985.38,2647941.54,19656206.92,21126315.29,20000030.64,30262757.89,19669655.33,22876996.60,0,0,0,0,0,0,0,0,0,0,0,0,0,0,0,0,0,0,0,0,0,0,0,0,0,0.0
21,流动资产合计,2403894039.60,2114703991.83,1964674759.53,1926850438.16,1953047494.91,2061800481.40,2254253297.24,2062507854.18,1678395416.87,1924073138.48,1983923839.41,1681140728.93,1429603656.65,1479565008.95,1911747072.21,1877205719.42,1436574817.20,1530064598.85,1413872673.18,1229784550.54,1195591535.87,1253371301.15,1601050810.37,1514399485.29,1552073655.49,1102888554.16,1308096441.27,1186173039.90,1192655026.83,1134301854.63,1441850339.78,1471124552.91,1538185904.45,1417518505.93,1552665314.65,1096532685.12,994118580.68,1171621575.12,1678687691.72,1660964503.73,1899490362.37,1873261803.42,2602342916.35,2216921512.42,1480709604.09,1440160295.53,1135104151.83,1093872659.43,957646360.64,768310962.78,684154596.57,592963952.71,918639689.95,364917624.52,553079986.62,440215706.69,314192076.14,344628080.70,345362297.52,198098807.37,205740614.02,138112949.15,151697904.69,141452200.38,144328493.13,140675241.23,213585474.57,439821954.18,475665039.22,485745161.71,171197036.02,398899983.06,317801110.00,343857461.24,336328192.05,73251340.81,41105995.48,57101966.11,0.0
22,非流动资产,,,,,,,,,,,,,,,,,,,,,,,,,,,,,,,,,,,,,,,,,,,,,,,,,,,,,,,,,,,,,,,,,,,,,,,,,,,,,,,
23,发放贷款及垫款,0,0,0,0,0,0,0,0,0,0,0,0,0,0,0,0,0,0,0,0,0,0,0,0,0,0,0,0,0,0,0,0,0,0,0,0,0,0,0,0,0,0,0,0,0,0,0,0,0,0,0,0,0,0,0,0,0,0,0,0,0,0,0,0,0,0,0,0,0,0,0,0,0,0,0,0,0,0,0.0
24,可供出售金融资产,0,0,0,0,0,1250000.00,273564843.75,273564843.75,273564843.75,273564843.75,273564843.75,273564843.75,273564843.75,273564843.75,273564843.75,273564843.75,273564843.75,273564843.75,0,0,0,0,0,0,0,0,0,0,0,0,0,0,0,0,0,0,0,0,0,0,0,0,0,0,0,0,0,0,0,0,0,0,0,0,0,0,0,0,0,0,0,0,0,0,0,0,0,0,0,0,0,0,0,0,0,0,0,0,0.0
25,持有至到期投资,0,0,0,0,0,0,0,0,0,0,0,0,0,0,0,0,0,0,0,0,0,0,0,0,0,0,0,0,0,0,0,0,0,0,0,0,0,0,0,0,0,0,0,0,0,0,0,0,0,0,0,0,0,0,0,0,0,0,0,0,0,0,0,0,0,0,0,0,0,0,0,0,0,0,0,0,0,0,0.0
26,长期应收款,0,0,0,0,0,0,0,0,0,0,0,0,0,0,0,0,0,0,0,0,0,0,0,0,0,0,0,0,0,0,0,0,0,0,0,0,0,0,0,0,0,0,0,0,0,0,0,0,0,0,0,0,0,0,0,0,0,0,0,0,0,0,0,0,0,0,0,0,0,0,0,0,0,0,0,0,0,0,0.0
27,长期股权投资,556968506.22,545153162.00,1008534900.94,982452332.27,947566806.83,920933583.48,454538524.48,456168746.84,481141992.26,468683003.18,464695452.71,497856876.37,507493883.13,472525969.42,505820178.10,524839853.56,501174432.46,488171213.20,496945091.12,498686091.12,491378681.86,461170868.92,479828293.50,468248757.54,511533560.61,485478269.50,470531700.73,500170542.31,484804482.64,445013705.08,471822042.07,452365331.06,422873703.25,394148339.22,377669331.38,935498942.73,882761875.84,629789897.96,898753951.51,879912742.55,828931763.73,775609377.48,522034145.33,506436213.17,405675495.86,387409502.88,371913702.80,369817990.91,339660085.66,315686041.16,270241406.65,273141406.65,272682645.27,268652251.99,251591439.28,248041007.89,256399222.85,253717342.27,259227990.27,249368693.41,222794437.26,191239874.18,157085060.77,170449321.82,168536257.99,167476235.65,166819848.95,65514424.37,69152834.98,68400645.59,185117187.76,0,0,0,0,0,1244000.00,0,0.0
28,投资性房地产,11009170.05,11212797.47,10806567.13,10991739.07,9465801.79,9605296.76,9744791.73,9884286.75,10023781.70,10163276.64,10302771.61,10442266.62,10581761.58,10721256.55,10860751.53,11000246.54,5262938.66,5341476.18,4066224.25,4092727.97,4119231.63,4145735.34,0,0,0,0,0,0,0,0,0,0,0,0,0,0,0,0,0,0,0,0,0,0,3483630.60,3505549.41,3527468.22,3549387.03,3571305.84,3593224.65,0,0,0,0,0,0,0,0,0,0,0,0,0,0,0,0,0,0,0,0,0,0,0,0,0,0,0,0,0.0
29,在建工程(合计),1007939219.09,778024973.12,821871536.64,478672695.99,457211500.58,457254698.69,453324359.10,537983954.54,392473519.49,197605247.05,0,688167185.53,0,710437611.96,0,829329959.95,0,0,0,0,0,0,0,0,0,0,0,0,0,0,0,0,0,0,0,0,0,0,0,0,0,0,0,0,0,0,0,0,0,0,0,0,0,0,0,0,0,0,0,0,0,0,0,0,0,0,0,0,0,0,0,0,0,0,0,0,0,0,0.0
30,在建工程,0,743888022.53,0,477938534.76,0,456520537.46,453324359.10,537249793.31,391739358.26,196871085.82,466850156.41,687550955.07,716664397.04,709821381.50,568617303.46,820308097.68,776023355.93,750331755.32,471764196.40,307892779.56,238668910.71,230584542.51,367014851.32,226667489.71,608435672.03,600265954.40,598956092.16,587805664.78,472414049.94,308985779.70,1313665425.77,2317369789.71,2177638831.52,1984110091.21,1926069995.64,1460137744.03,1193323164.70,741476884.32,1526511277.69,900529713.30,562530191.64,468569897.17,666349774.41,424150951.42,265555627.19,197521729.80,163407445.50,127315797.53,158001684.61,64674851.92,40693117.64,27238219.78,289877632.22,208885295.57,892829711.62,556347318.01,484470976.69,378338399.07,195862372.04,68760144.57,32714755.43,34512429.43,12129994.14,3628879.97,27577626.99,25317274.76,38219428.54,30259056.48,24216119.47,24313748.50,13187847.49,9340298.94,0,12759275.04,5512872.02,6035821.74,5843541.25,34839781.01,0.0
31,工程物资,0,34136950.59,0,734161.23,0,734161.23,0,734161.23,734161.23,734161.23,843217.13,616230.46,616230.46,616230.46,9215679.99,9021862.27,9152492.62,17217445.01,28162899.08,3834583.97,0,0,16256937.19,1633673.33,4335843.17,1531790.04,12211987.69,11161983.90,56667612.54,988129.68,321228104.03,364224623.22,352604529.97,406832315.12,353201101.72,381512446.18,435670452.60,576033660.44,622279879.68,316936845.92,136254819.38,13732756.29,25343388.76,13388779.65,1423509.70,73409.70,103424.18,4803.57,0,670082.01,0,0,789173.60,347375408.38,931468438.55,881270988.98,890132128.86,693710910.46,375016246.46,100538915.97,74280571.94,74000571.94,3439422.44,0,0,0,63570000.00,72050000.00,72050000.00,58800000.00,0,0,0,0,0,0,0,0,0.0
32,固定资产及清理(合计),15137381151.71,15376071893.01,15737625883.93,15676809550.28,15918123906.06,16155506525.67,16365378780.06,16463860975.57,16699072661.10,16946727455.67,0,16634692972.50,0,17021741357.79,0,16432296361.76,0,0,0,0,0,0,0,0,0,0,0,0,0,0,0,0,0,0,0,0,0,0,0,0,0,0,0,0,0,0,0,0,0,0,0,0,0,0,0,0,0,0,0,0,0,0,0,0,0,0,0,0,0,0,0,0,0,0,0,0,0,0,0.0
33,固定资产净额,0,15376071893.01,0,15676809550.28,0,16155506525.67,16365378780.06,16463860975.57,16699072661.10,16946727455.67,16850040585.54,16634692972.50,16780485900.95,17021741357.79,16593710024.25,16432296361.76,16660225030.79,16795460217.70,12572282673.89,12687580260.36,12803291466.49,12846560007.56,12664893284.85,12789718145.13,12548347177.45,12572942991.43,12448568003.64,12481864279.35,12595555866.81,12706653997.82,10701111707.63,9510286726.12,9595241000.26,9610003816.04,9486425599.27,4930986190.68,4973746007.23,9676757254.97,2860229111.38,2885411935.12,2912059875.70,2937657971.06,3827765222.11,3847779638.11,3881329662.35,3921817210.94,3890111719.99,3913755735.41,3978882903.17,4013928202.90,4006646371.88,3968026222.43,3064068170.16,2660875569.48,1136735584.26,1143609404.84,902592362.87,906806723.68,890935148.27,895744385.21,909955804.81,464397211.21,461819211.39,464332928.11,338948479.31,336400827.00,163418357.32,596842411.79,619107992.89,638653348.80,162548562.61,164203952.63,166075570.00,161705303.49,148091398.00,141481563.54,146409226.81,112414354.62,0.0
34,固定资产清理,0,0,0,0,0,0,0,0,0,0,0,0,0,0,0,0,0,0,0,0,0,0,0,0,0,0,0,0,0,0,0,0,0,0,0,0,0,0,0,0,0,0,256148.00,215148.00,184711.11,256148.00,0,0,0,0,0,0,0,0,0,0,0,0,0,0,0,0,0,0,0,0,0,-4970.00,0,0,0,0,0,0,0,0,0,0,0.0
35,生产性生物资产,0,0,0,0,0,0,0,0,0,0,0,0,0,0,0,0,0,0,0,0,0,0,0,0,0,0,0,0,0,0,0,0,0,0,0,0,0,0,0,0,0,0,0,0,0,0,0,0,0,0,0,0,0,0,0,0,0,0,0,0,0,0,0,0,0,0,0,0,0,0,0,0,0,0,0,0,0,0,0.0
36,公益性生物资产,0,0,0,0,0,0,0,0,0,0,0,0,0,0,0,0,0,0,0,0,0,0,0,0,0,0,0,0,0,0,0,0,0,0,0,0,0,0,0,0,0,0,0,0,0,0,0,0,0,0,0,0,0,0,0,0,0,0,0,0,0,0,0,0,0,0,0,0,0,0,0,0,0,0,0,0,0,0,0.0
37,油气资产,0,0,0,0,0,0,0,0,0,0,0,0,0,0,0,0,0,0,0,0,0,0,0,0,0,0,0,0,0,0,0,0,0,0,0,0,0,0,0,0,0,0,0,0,0,0,0,0,0,0,0,0,0,0,0,0,0,0,0,0,0,0,0,0,0,0,0,0,0,0,0,0,0,0,0,0,0,0,0.0
38,使用权资产,0,0,0,0,0,0,0,0,0,0,0,0,0,0,0,0,0,0,0,0,0,0,0,0,0,0,0,0,0,0,0,0,0,0,0,0,0,0,0,0,0,0,0,0,0,0,0,0,0,0,0,0,0,0,0,0,0,0,0,0,0,0,0,0,0,0,0,0,0,0,0,0,0,0,0,0,0,0,0.0
39,无形资产,256903501.31,260048088.00,259409166.17,262326356.38,265382145.58,267981401.77,270462298.34,273407542.81,276442956.12,279479170.25,280522413.51,283027066.23,285922445.97,288922677.39,272451423.59,272766033.23,274335358.41,276703018.00,277259063.34,107287339.83,107968735.60,108793646.35,103078290.46,103387798.15,104157292.63,104826850.67,105312097.48,105937406.27,106581581.21,106802104.01,106006249.80,106667699.24,107072755.85,106671256.63,107034349.93,100224476.93,100810751.01,101378410.14,134866642.11,134941838.27,135405093.86,135859245.53,74624074.06,75059099.38,74920442.53,75394383.93,75803318.18,76275808.44,76825781.76,77164970.45,41351781.44,41481967.14,41745489.51,41613680.43,41771041.08,41979302.09,42315113.68,42497316.29,42726152.56,42984238.82,43230537.58,43413495.88,52326247.75,45693942.05,45956351.03,46213336.51,44555547.05,44253905.25,44503934.46,44746313.67,44822678.26,45068060.44,0,45558824.80,46049589.16,46540353.52,47522348.86,48503877.58,0.0
40,开发支出,0,0,0,0,0,0,0,0,0,0,0,0,0,0,0,0,0,0,0,0,0,0,0,0,0,0,0,0,0,0,0,0,0,0,0,0,0,0,0,0,0,0,0,0,0,0,0,0,0,0,0,0,0,0,0,0,0,0,0,0,0,0,0,0,0,0,0,0,0,0,0,0,0,0,0,0,0,0,0.0
41,商誉,0,0,0,0,0,0,0,0,0,0,0,0,0,0,0,0,0,0,0,0,0,0,0,0,0,0,0,0,0,0,0,0,0,0,0,0,0,0,0,0,0,0,0,0,0,0,0,0,0,0,0,0,0,0,0,0,0,0,0,0,0,0,0,0,0,0,0,0,0,0,0,0,0,0,0,0,0,0,0.0
42,长期待摊费用,22512918.81,22946700.56,25230500.24,25769531.59,24340961.75,24775793.72,25127659.06,25134467.57,25615426.37,26360950.16,4639931.61,5011516.60,5731345.29,6653917.64,7228550.59,4858958.57,6466126.54,6988555.62,2263688.05,2334467.59,2350032.47,2409386.39,690215.48,730255.70,778540.35,822702.78,866865.21,911027.64,955190.07,999352.50,932910.99,2226804.81,1036877.79,1049244.45,1150766.86,1163133.52,1175500.18,1187866.84,791602.99,803969.65,816336.31,828702.97,841069.63,853436.29,865802.95,878169.61,890536.27,902902.93,915269.59,927636.25,940002.91,952369.57,964736.23,977102.89,1745872.62,1755497.61,1765122.60,1774747.59,1723656.85,1733281.84,1759790.24,1752531.82,1929728.90,750750.02,760375.01,770000.00,2182402.93,73689.07,4358917.52,8599720.80,0,0,0,0,0,0,0,0,0.0
43,递延所得税资产,30348997.22,64809499.31,89570928.46,69153364.12,48966655.15,74176107.81,69754026.24,70116536.62,71050516.11,71016042.11,140682315.60,101177002.98,98259413.87,70134589.86,46286884.90,49757741.15,52808435.71,56089195.18,48225514.24,53864038.31,60911262.72,65358789.23,64647334.24,64656662.84,64076656.88,63827103.41,78253871.21,75352170.56,74930111.07,77411253.95,96944673.41,90276881.97,78702852.80,76881469.85,77849246.79,69100632.85,59565279.60,58809169.65,43087290.41,38541645.57,33207175.55,36591748.08,37699127.29,29028500.64,25185987.76,28516677.98,28056690.03,23413705.14,10178883.65,10178883.65,14394194.52,14236912.64,11838960.02,0,0,0,0,0,0,0,0,0,0,0,0,0,0,0,0,0,0,0,0,0,0,0,0,0,0.0
44,其他非流动资产,129297308.74,132220661.07,135940650.23,131829444.38,132065380.37,132760969.99,123526176.86,119320135.12,129936588.71,131282390.35,74083151.67,74275948.64,66667179.45,73640137.89,29911611.75,35523494.47,29822294.54,29822294.54,38527588.48,38862735.72,37669452.26,38414489.60,0,0,0,0,0,0,0,0,0,0,0,0,0,0,0,0,0,0,0,0,0,0,0,0,0,0,0,0,0,0,0,0,0,0,0,0,0,0,0,0,0,0,0,0,0,0,0,0,0,0,0,0,0,0,0,0,0.0
45,非流动资产合计,17152360773.15,17190487774.54,18088990133.74,17639255014.08,17804373158.11,18044244377.89,18045421459.62,18229441489.57,18359322285.61,18404882379.16,18566224839.54,18568215679.22,18745987401.49,18928342362.25,18317667251.91,18433937492.98,18588835309.41,18699690014.50,13939496938.85,13704435024.43,13746357773.74,13757437465.90,13696409207.04,13655042782.40,13841664743.12,13829695662.23,13714700618.12,13763203074.81,13791908894.28,13646854322.74,13011711113.70,12843417856.13,12735170551.44,12579696532.52,12329400391.59,7878623566.92,7647053031.16,11785433144.32,6086519755.77,5157078690.38,4609205256.17,4368849698.58,5154912949.59,4896911766.66,4658624870.05,4615372782.25,4533814305.17,4515036130.96,4568035914.28,4486823892.99,4374266875.04,4325077098.21,3681966807.01,3528379308.74,3256142087.41,2873003519.42,2577674927.55,2276845439.36,1765491566.45,1359129659.82,1284735897.26,809316114.46,688729665.39,684855821.97,581779090.33,576177673.92,478765584.79,808988516.96,833389799.32,843513777.36,405676276.12,218612312.01,0,220023403.33,199653859.18,194057738.80,201019116.92,195758013.21,0.0
46,资产总计,19556254812.75,19305191766.37,20053664893.27,19566105452.24,19757420653.02,20106044859.29,20299674756.86,20291949343.75,20037717702.48,20328955517.64,20550148678.95,20249356408.15,20175591058.14,20407907371.20,20229414324.12,20311143212.40,20025410126.61,20229754613.35,15353369612.03,14934219574.97,14941949309.61,15010808767.05,15297460017.41,15169442267.69,15393738398.61,14932584216.39,15022797059.39,14949376114.71,14984563921.11,14781156177.37,14453561453.48,14314542409.04,14273356455.89,13997215038.45,13882065706.24,8975156252.04,8641171611.84,12957054719.44,7765207447.49,6818043194.11,6508695618.54,6242111502.00,7757255865.94,7113833279.08,6139334474.14,6055533077.78,5668918457.00,5608908790.39,5525682274.92,5255134855.77,5058421471.61,4918041050.92,4600606496.96,3893296933.26,3809222074.03,3313219226.11,2891867003.69,2621473520.06,2110853863.97,1557228467.19,1490476511.28,947429063.61,840427570.08,826308022.35,726107583.46,716852915.15,692351059.36,1248810471.14,1309054838.54,1329258939.07,576873312.14,617512295.07,535946940.00,563880864.57,535982051.23,267309079.61,242125112.40,252859979.32,0.0
47,流动负债,,,,,,,,,,,,,,,,,,,,,,,,,,,,,,,,,,,,,,,,,,,,,,,,,,,,,,,,,,,,,,,,,,,,,,,,,,,,,,,
48,短期借款,6997046447.44,6670909861.68,8060248988.04,8493915775.89,8072577775.41,7938194041.86,7704000000.00,7486000000.00,6551000000.00,6281000000.00,6046000000.00,5595346036.55,5055612734.55,4724266698.00,4630000000.00,3976500000.00,3367035482.15,3141500000.00,2755000000.00,2705000000.00,2515000000.00,2615000000.00,2545000000.00,2422000000.00,2462000000.00,2742000000.00,2842000000.00,2472000000.00,2252000000.00,1982000000.00,1777000000.00,1756500000.00,1556500000.00,1701500000.00,1439500000.00,1817500000.00,1427500000.00,1781439000.00,1896439000.00,1544639000.00,1494700000.00,1444700000.00,1722700000.00,1272400000.00,1021000000.00,938000000.00,979000000.00,771000000.00,671000000.00,522000000.00,277000000.00,385000000.00,355000000.00,305000000.00,460000000.00,257500000.00,283354000.00,90000000.00,273000000.00,90000000.00,162000000.00,142000000.00,144000000.00,149000000.00,40000000.00,50000000.00,122000000.00,212000000.00,262000000.00,336000000.00,131000000.00,166000000.00,0,106000000.00,76000000.00,84000000.00,4000000.00,1000000.00,0.0
49,交易性金融负债,0,0,0,0,0,0,0,0,0,0,0,0,0,0,0,0,0,0,0,0,0,0,0,0,0,0,0,0,0,0,0,0,0,0,0,0,0,0,0,0,0,0,50000000.00,50000000.00,0,0,0,0,0,0,0,0,0,0,0,0,0,0,0,0,0,0,0,0,0,0,0,0,0,0,0,0,0,0,0,0,0,0,0.0
50,应付票据及应付账款,1433979580.59,1413862313.19,2014821540.66,1406625323.12,1550992875.09,1608324044.17,1487886660.30,1488816140.46,1561531947.13,1607279802.40,0,1239128209.02,0,1533322061.99,0,889159642.50,0,0,0,0,0,0,0,0,0,0,0,0,0,0,0,0,0,0,0,0,0,0,0,0,0,0,0,0,0,0,0,0,0,0,0,0,0,0,0,0,0,0,0,0,0,0,0,0,0,0,0,0,0,0,0,0,0,0,0,0,0,0,0.0
51,应付票据,153909270.63,163922829.68,95000000.00,97000000.00,0,133030000.00,0,82548000.00,59348000.00,18700000.00,12790000.00,7790000.00,7790000.00,7790000.00,59533429.66,59533429.66,0,0,0,0,0,0,0,0,0,0,0,0,0,0,9272000.00,0,0,10000000.00,30530000.00,26292281.00,27479397.00,28717116.00,59638627.71,58638627.71,117000000.00,218000000.00,245270039.80,175770039.80,148776068.00,124776068.00,47500000.00,65348070.00,59960000.00,19000000.00,19000000.00,18100000.00,11900000.00,6300000.00,79766048.00,140723106.50,21461860.15,71200000.00,143400000.00,21400000.00,8529252.89,10251752.68,8165235.60,7000000.00,4500000.00,3000000.00,2500000.00,41000000.00,37352055.35,36352055.35,4000000.00,0,0,11800000.00,0,6000000.00,0,500000.00,0.0
52,应付账款,1280070309.96,1249939483.51,1919821540.66,1309625323.12,0,1475294044.17,0,1406268140.46,1502183947.13,1588579802.40,1258661260.90,1231338209.02,1251812797.20,1525532061.99,949785922.98,829626212.84,852431309.81,1045091576.18,732735591.97,746895362.00,754982438.27,773113690.80,873216044.53,1003302634.48,1163442857.33,1066268874.82,1003352885.08,1048504713.78,1089577017.31,1194360742.48,915092913.98,993319817.56,1048517188.20,1071100191.09,1068866257.70,754673371.99,768609858.75,754081400.43,261514687.32,223519374.79,143867591.84,171281321.76,203523129.49,165302924.78,170148245.26,135556498.76,128142536.35,103043555.30,193750126.16,128512216.76,151622133.49,163222585.21,120295314.24,58468680.04,54071277.45,59065824.88,51997222.80,39602750.38,41082495.60,33400319.91,39539528.82,28115913.91,44859623.46,33144268.17,29489584.46,27160039.61,20581809.99,44687100.56,44875702.62,36977551.38,21851061.49,25794097.39,0,21993873.44,37621508.50,25189430.20,32826152.62,21964354.39,0.0
53,预收款项,26652913.03,385658287.38,114787133.05,6038759.54,5680454.54,350161333.13,104540975.69,5364542.79,5723318.66,344308924.75,116942615.12,4151927.00,6016306.68,289523288.67,123499708.05,17263909.77,18866766.36,256585130.76,96355428.00,2200711.90,3093111.04,229854369.58,60158849.69,48045776.97,90473141.22,159648608.00,30515282.54,3074503.12,2012674.70,109339287.97,6149300.38,8493074.90,4078301.66,56949868.39,11845566.76,6268113.70,1230450.74,75193644.01,20514880.25,3595907.37,2277370.00,59423854.16,27149264.81,21147181.33,18869453.70,52816674.93,37436623.17,39270741.03,11917557.22,26170129.21,15777142.75,5989369.43,2998473.58,18334573.61,4861737.59,1048452.50,0,18417735.08,2145060.82,417455.55,0,20571993.03,10895999.88,4551026.50,0,18060885.70,102904.18,102904.18,102904.18,9868188.39,500841.68,500841.68,0,3349274.78,9521758.68,21516849.64,0,0,0.0
54,应付手续费及佣金,0,0,0,0,0,0,0,0,0,0,0,0,0,0,0,0,0,0,0,0,0,0,0,0,0,0,0,0,0,0,0,0,0,0,0,0,0,0,0,0,0,0,0,0,0,0,0,0,0,0,0,0,0,0,0,0,0,0,0,0,0,0,0,0,0,0,0,0,0,0,0,0,0,0,0,0,0,0,0.0
55,应付职工薪酬,34614606.08,31018791.14,42990149.18,46176839.97,39502929.86,32220894.27,37308825.47,36547797.58,48165778.47,43626245.23,37183887.17,37556974.05,37376608.40,36925374.85,31548013.31,50769717.45,50804539.49,35204716.34,22640795.14,23302838.85,17820260.72,10689057.30,16382554.16,17860810.29,13839107.20,9730876.81,7798832.87,6884075.76,8365471.26,4912813.71,9409227.49,6718670.27,6640436.56,7425241.57,4274742.57,1957573.73,1577130.50,4710334.88,2337943.76,2706254.22,5351357.59,5042242.33,37449263.30,32464159.00,26017734.18,26961017.67,28221892.39,21225787.44,20228304.63,29752036.68,30969286.23,4390122.03,5254784.74,2497004.29,666143.83,828844.84,754294.56,977239.18,708173.18,487777.48,610468.65,785561.24,297065.33,-411808.56,41270.56,-37118.71,-839967.23,3713942.95,299774.88,4191523.40,-945291.46,-938802.72,0,52304.16,-368382.79,-253573.61,-37109.11,425266.86,0.0
56,应交税费,41245619.12,35891924.82,55572713.71,33544723.72,40739673.39,20107784.72,31809832.54,24706973.79,24181847.57,24110596.43,48898144.09,58470474.87,10145218.03,23863338.26,49119983.27,91197163.28,51423546.76,38284731.76,22149145.85,26546011.15,29071755.33,33193025.89,-86188053.72,-97467344.16,-80836269.73,-134455664.85,-100773286.94,-160239065.55,-149684705.25,-177694036.32,-225245712.02,-213535031.28,-184543106.29,-174584847.04,-238859245.47,-224105870.44,-193906937.47,-157825062.65,-133557745.82,-84453201.55,-33607183.12,9117407.96,-27072836.26,-16766195.46,5017168.46,20676425.49,17241253.74,25490129.92,9299804.35,51834222.16,37136334.55,23857510.39,36217443.58,6373757.97,-9324779.57,-2472502.27,-1733240.70,-1420438.09,-14258292.00,-10963893.56,-5389763.83,-5090792.19,-16987728.91,-11911023.36,-12593246.71,-11985434.83,-13926551.62,-11531252.97,23437580.14,20556115.88,1162739.44,3364706.11,0,2018661.14,7143375.83,12570492.15,11687565.83,5393838.55,0.0
57,其他应付款(合计),157298595.55,164013094.47,204592999.53,201884432.88,203877940.76,219471584.41,218459590.94,223265749.30,227462441.15,264906092.95,0,253254536.30,0,303252575.61,0,375049274.01,0,0,0,0,0,0,0,0,0,0,0,0,0,0,0,0,0,0,0,0,0,0,0,0,0,0,0,0,0,0,0,0,0,0,0,0,0,0,0,0,0,0,0,0,0,0,0,0,0,0,0,0,0,0,0,0,0,0,0,0,0,0,0.0
58,应付利息,2016499.99,1174750.00,3574623.35,41868.75,0,0,225542.54,0,41741.88,0,0,108750.00,32625.00,0,0,0,0,0,0,688437.48,420590.27,0,0,1312888.87,1154222.20,0,10386708.98,7010375.64,3452054.79,0,0,0,645000.00,0,1890000.00,1417500.00,945000.00,472500.00,0,0,1812500.00,1268750.00,725000.00,0,0,0,48555.00,0,0,0,0,0,189100.00,0,0,0,0,0,0,0,0,0,0,0,0,0,0,0,0,0,0,0,0,0,0,0,0,0,0.0
59,应付股利,14723641.97,14723641.97,14723641.97,14723641.97,17723641.97,17723641.97,17723641.97,17723641.97,17723641.97,27723641.97,27723641.97,47723641.97,83136632.53,97502423.28,141739505.91,82631626.48,182631626.48,226974240.98,271923191.77,233138189.98,253138189.98,273138189.98,292552393.58,79309008.99,90294805.39,94855416.02,93897724.26,72696123.84,72696123.84,73866123.84,90306113.62,90706113.62,20167319.80,30058090.22,21467515.80,23238028.84,4087843.06,6626655.06,4176655.06,3776655.06,2624484.40,3114484.40,15426818.90,0,0,0,0,0,0,0,0,0,0,5205821.34,6598882.02,8710282.02,11818282.02,5677142.02,5779644.17,9111644.17,2167144.17,3167044.17,4798644.17,4798644.17,548644.17,613324.93,613324.93,34876466.53,17668160.11,37566314.68,2815790.01,2842855.98,0,2898994.93,7399070.27,9171266.37,4843111.20,2465000.00,0.0
60,其他应付款,0,148114702.50,0,187118922.16,0,201747942.44,0,205542107.33,209697057.30,237182450.98,217394092.55,205422144.33,232706062.99,205750152.33,231667628.47,292417647.53,280374285.92,303289483.52,380699393.67,216718502.49,234019580.75,238743057.84,531632042.57,446110195.86,311382074.53,381103370.19,457534745.55,562568656.63,570873799.31,568680965.59,568153167.10,669888131.25,571572459.15,644412672.50,891975159.88,185108182.30,251406535.97,454492210.40,77789482.94,57137341.49,68340178.99,35129101.62,280735383.71,293141326.53,159270447.30,213946935.56,176548398.51,234628231.66,210353194.26,237855807.55,270968602.91,298037954.26,126386121.49,81873352.16,121750199.44,94273326.64,64985932.69,101002775.95,144407837.47,105929642.21,134556959.50,23566514.89,15284278.07,16535503.34,38773816.31,38639767.96,38593620.19,72554272.11,65057337.00,72630280.02,6193998.92,6189492.06,0,9503706.83,4645672.76,4621697.52,19483398.98,63328355.98,0.0
61,预提费用,0,0,0,0,0,0,0,0,0,0,0,0,0,0,0,0,0,0,0,0,0,0,0,0,0,0,0,0,0,0,0,0,0,0,0,0,0,0,0,0,0,0,0,0,0,0,0,0,0,0,0,0,0,0,795386.80,2483615.00,4016850.00,0,935339.99,541666.66,0,0,0,0,0,7919.21,0,0,0,23408.00,1269694.38,2856973.83,0,1320020.24,916337.67,0,0,0,0.0
62,一年内的递延收益,0,0,0,0,0,0,0,0,0,0,0,0,0,0,0,0,0,0,0,0,0,0,0,0,0,0,0,0,0,0,0,0,0,0,0,0,0,0,0,0,0,0,0,0,0,0,0,0,0,0,0,0,0,53001616.15,42027952.65,40135939.55,43990909.91,47211380.50,44756718.72,45178056.78,49654219.38,52936868.42,45075469.94,46443646.27,46579682.12,48316975.28,40942134.72,42366183.73,0,0,0,0,0,0,0,0,0,0,0.0
63,应付短期债券,0,0,0,0,0,0,0,0,0,0,0,0,0,0,0,0,0,0,0,0,0,0,0,0,0,0,0,0,0,0,0,0,0,0,0,0,0,0,0,0,0,0,0,0,0,0,0,0,0,0,0,0,0,0,0,0,0,0,0,0,0,0,0,0,0,0,0,0,0,0,0,0,0,0,0,0,0,0,0.0
64,一年内到期的非流动负债,1474812010.16,1392897682.83,1293710186.22,1190039641.16,1135034491.78,1132985563.82,1146909641.16,1251639591.56,1264939591.56,1294599563.10,1078942136.10,1081462129.73,1212174884.66,1244752182.25,1140613999.80,1158213999.80,1274123999.80,1176700965.10,981280666.41,920733999.63,846585666.24,811593999.63,897315666.24,1085610666.24,1046370666.24,1068370666.24,1054930666.24,926930666.24,941155399.68,1019476066.24,882449666.61,903972333.22,807709999.83,805863999.83,780506742.84,717426159.55,367600000.00,499100000.00,441800000.00,348800000.00,111600000.00,161600000.00,526800000.00,109300000.00,444600000.00,188041000.00,172041000.00,313082000.00,219082000.00,240582000.00,336123000.00,220164000.00,120041000.00,94082000.00,25541000.00,29082000.00,36082000.00,36082000.00,18041000.00,24082000.00,12082000.00,12523000.00,0,0,0,0,0,0,0,0,0,0,0,0,0,0,0,0,0.0
65,其他流动负债,0,0,0,0,0,0,0,0,0,0,0,0,0,0,0,200000000.00,200000000.00,200000000.00,0,0,0,0,179277582.66,166052179.93,169630120.26,167668759.83,146645633.38,145649833.02,88215437.99,89173175.41,86603723.18,104176355.47,109075449.99,114116078.85,97891887.93,102329571.83,118983837.69,76054338.22,65233726.08,65787229.60,67728819.99,66144178.62,65238508.94,83755829.49,123820838.22,119150294.81,118582500.42,144991708.12,149876780.94,90539531.79,76012499.39,76954773.75,70454924.45,0,0,0,0,0,0,0,0,0,0,0,0,0,0,0,0,0,0,0,0,0,0,0,0,0,0.0
66,流动负债合计,10165649771.97,10094251955.51,11786723710.39,11378225496.28,11048406140.83,11301465246.38,10730915526.10,10516340795.48,9683004924.54,9859831224.86,8844535777.90,8269370287.52,7896803870.04,8155905519.63,7357508191.45,6758153706.81,6277691556.77,6423630844.64,5262784212.81,4875224053.48,4654131592.60,4985325391.02,5309347079.71,5172136817.47,5267750724.64,5555190907.06,5546289191.96,5085079882.48,4878663273.63,4864115138.92,4119190400.34,4320239465.01,3940363048.90,4266841295.41,4109888628.01,3412104912.50,2775513116.24,3523062136.35,2695887257.30,2224147188.69,1981695119.69,2174821340.85,3147944572.69,2186515265.47,2117519955.12,1819924915.22,1704762759.58,1718080223.47,1545467767.56,1346245944.15,1214608999.32,1195716315.07,848737162.08,631627580.44,787407916.10,631902677.51,517216673.11,409116792.08,660377022.30,319879671.86,404158165.38,289152656.42,256768002.25,249523952.73,147474352.89,173939840.46,210799594.09,440634927.75,450900519.28,555514975.32,167863689.30,206622873.83,124208060.00,159232550.77,142891323.74,163360044.37,73113978.14,95179904.68,0.0
67,非流动负债,,,,,,,,,,,,,,,,,,,,,,,,,,,,,,,,,,,,,,,,,,,,,,,,,,,,,,,,,,,,,,,,,,,,,,,,,,,,,,,
68,长期借款,5199482918.07,5134860718.76,5427411865.56,5284343973.48,5696002061.91,5851756414.61,6169578652.11,6117628508.81,6467711317.31,6577298490.01,7114373917.01,7189522908.87,7428153153.89,7329790298.13,7684147752.53,8270238052.53,8547486052.53,8731212765.75,6430133918.00,6387057000.00,6658640000.00,6521169000.00,6619917000.00,6582026000.00,6876919000.00,6934561000.00,7058641000.00,7456895000.00,7722906600.00,7671906600.00,8184186000.00,7899484000.00,8179286000.00,7632286000.00,7774400000.00,3892400000.00,4131200000.00,7406700000.00,3622000000.00,3166000000.00,3105800000.00,2675800000.00,2845600000.00,3198900000.00,2364900000.00,2627500000.00,2343000000.00,2302000000.00,2405000000.00,2389541000.00,2415000000.00,2397000000.00,2492123000.00,2175123000.00,1998164000.00,1960664000.00,1660664000.00,1510664000.00,834746000.00,648746000.00,518746000.00,116246000.00,54369000.00,54369000.00,60410000.00,60410000.00,34170000.00,34170000.00,34170000.00,0,0,0,0,0,0,0,71000000.00,71000000.00,0.0
69,应付债券,0,0,0,0,0,0,0,0,0,0,0,0,0,0,0,0,0,0,0,0,0,0,0,0,0,0,0,0,0,0,0,0,0,0,0,0,0,0,0,0,0,0,0,0,0,0,0,0,0,0,0,0,0,0,0,0,0,0,0,0,0,0,0,0,0,0,0,0,0,0,0,0,0,0,0,0,0,0,0.0
70,租赁负债,0,0,0,0,0,0,0,0,0,0,0,0,0,0,0,0,0,0,0,0,0,0,0,0,0,0,0,0,0,0,0,0,0,0,0,0,0,0,0,0,0,0,0,0,0,0,0,0,0,0,0,0,0,0,0,0,0,0,0,0,0,0,0,0,0,0,0,0,0,0,0,0,0,0,0,0,0,0,0.0
71,长期应付职工薪酬,80211378.12,79501297.81,79043205.82,79633085.95,80368212.66,80632644.57,80183473.54,80183473.54,76679442.09,76679442.09,72518356.80,72518356.80,79393881.10,79393881.10,81522434.69,81646668.53,82286812.97,82286812.97,0,0,0,0,0,0,0,0,0,0,0,0,0,0,0,0,0,0,0,0,0,0,0,0,0,0,0,0,0,0,0,0,0,0,0,0,0,0,0,0,0,0,0,0,0,0,0,0,0,0,0,0,0,0,0,0,0,0,0,0,0.0
72,长期应付款(合计),1287838642.93,1342064311.20,41494210.02,40309311.45,47600331.13,46878593.24,93539039.05,92191393.36,102488083.97,116651842.40,0,134222865.15,0,170414565.88,0,245643544.61,0,0,0,0,0,0,0,0,0,0,0,0,0,0,0,0,0,0,0,0,0,0,0,0,0,0,0,0,0,0,0,0,0,0,0,0,0,0,0,0,0,0,0,0,0,0,0,0,0,0,0,0,0,0,0,0,0,0,0,0,0,0,0.0
73,长期应付款,0,1342064311.20,0,40309311.45,0,46878593.24,93539039.05,64771393.36,75068083.97,89231842.40,73832771.37,88202865.15,110336012.72,124394565.88,161744928.08,180963544.61,204622106.40,223750849.43,299826220.16,197447274.27,219673160.70,255449769.49,293558947.65,281240004.99,116666665.94,138333332.51,148532223.36,188636757.43,245032687.89,206941583.54,213411487.76,216203021.12,216120111.40,211866666.95,211693257.16,232731402.95,297333461.11,0,0,0,0,0,0,0,0,0,19745197.19,15048336.99,12462058.99,9764233.00,59320227.00,0,0,0,0,0,0,0,0,0,0,0,0,0,0,0,0,48891908.33,48891908.33,48891908.33,0,0,0,0,0,0,0,0,0.0
74,专项应付款,0,0,0,0,0,0,0,27420000.00,27420000.00,27420000.00,46020000.00,46020000.00,46020000.00,46020000.00,64680000.00,64680000.00,64680000.00,64680000.00,66850000.00,56650000.00,66850000.00,66850000.00,66850000.00,66850000.00,66850000.00,66850000.00,66850000.00,66850000.00,66850000.00,66850000.00,24470000.00,24470000.00,24470000.00,24470000.00,10200000.00,10200000.00,10200000.00,10200000.00,0,0,0,0,85858331.23,110380240.52,79429652.09,84977727.59,86312152.99,68785435.99,70350155.59,37700155.59,850000.00,850000.00,850000.00,425000.00,0,0,0,0,0,0,0,0,0,0,0,0,0,0,0,0,0,0,0,0,0,0,0,0,0.0
75,预计非流动负债,16604234.02,16056038.83,16933715.55,16413606.27,15893496.99,15373387.71,13482139.39,12988677.07,12495214.75,12001752.43,3896690.61,3428510.04,2960329.47,2492148.90,2047954.80,1603760.70,1159566.60,715372.50,286149.00,0,0,0,0,0,0,0,0,0,0,0,0,0,0,0,0,0,0,0,0,0,0,0,0,0,0,0,0,0,0,0,0,0,0,0,0,0,0,0,0,0,0,0,0,0,0,0,0,0,0,0,0,0,0,0,0,0,0,0,0.0
76,递延所得税负债,19270544.19,19606151.27,17935808.08,18202463.90,18443650.88,18831317.87,13072906.58,13476049.68,14279653.42,14282451.69,15069318.83,15424863.66,15781407.17,16116299.71,16509869.33,16660853.12,17043787.58,17426829.59,5945264.14,6040845.54,6136677.38,6229693.35,0,0,0,0,0,0,0,0,0,0,0,0,0,0,0,0,0,0,0,0,0,0,0,0,0,0,0,0,0,0,0,0,0,0,0,0,0,0,0,0,0,0,0,0,0,0,0,0,0,0,0,0,0,0,0,0,0.0
77,长期递延收益,247908953.49,259016198.80,252759775.91,264666390.37,276528754.57,288386059.97,281070853.00,272607628.71,283774880.78,275253799.53,283072400.98,271801946.16,259579970.42,269774204.52,259127459.31,251357306.19,251472964.14,260078853.82,198521021.00,193887566.47,201006248.91,207678453.06,0,0,0,0,0,0,0,0,0,0,0,0,0,0,0,0,0,0,0,0,0,0,0,0,0,0,0,0,0,0,0,0,0,0,0,0,0,0,0,0,0,0,0,0,0,0,0,0,0,0,0,0,0,0,0,0,0.0
78,其他非流动负债,0,0,0,0,0,0,0,0,0,0,0,0,0,0,0,0,0,0,0,0,0,0,0,0,0,0,0,0,0,0,0,0,0,0,0,0,0,0,0,0,0,0,0,0,0,0,0,0,0,0,0,0,0,0,0,0,0,0,0,0,0,0,0,0,0,0,0,0,0,0,0,0,0,0,0,0,0,0,0.0
79,非流动负债合计,6851316670.82,6851104716.67,5835578580.94,5703568831.42,6134836508.14,6301858417.97,6650927063.67,6589075731.17,6957428592.32,7072167778.15,7608783455.60,7686919450.68,7942224754.77,7867981398.24,8269780398.74,8867150185.68,9168751290.22,9380151484.06,7001562572.30,6841082686.28,7152306086.99,7057376915.90,6980325947.65,6930116004.99,7060435665.94,7139744332.51,7274023223.36,7712381757.43,8034789287.89,7945698183.54,8422067487.76,8140157021.12,8419876111.40,7868622666.95,7996293257.16,4135331402.95,4438733461.11,7416900000.00,3622000000.00,3166000000.00,3105800000.00,2675800000.00,2931458331.23,3309280240.52,2444329652.09,2712477727.59,2449057350.18,2385833772.98,2487812214.58,2437005388.59,2475170227.00,2397850000.00,2492973000.00,2175548000.00,1998164000.00,1960664000.00,1660664000.00,1510664000.00,834746000.00,648746000.00,518746000.00,116246000.00,54369000.00,54369000.00,60410000.00,60410000.00,34170000.00,83061908.33,83061908.33,48891908.33,0,0,0,0,0,0,71030603.11,70885385.78,0.0
80,负债合计,17016966442.79,16945356672.18,17622302291.33,17081794327.70,17183242648.97,17603323664.35,17381842589.77,17105416526.65,16640433516.86,16931999003.01,16453319233.50,15956289738.20,15839028624.81,16023886917.87,15627288590.19,15625303892.49,15446442846.99,15803782328.70,12264346785.11,11716306739.76,11806437679.59,12042702306.92,12289673027.36,12102252822.46,12328186390.58,12694935239.57,12820312415.32,12797461639.91,12913452561.52,12809813322.46,12541257888.10,12460396486.13,12360239160.30,12135463962.36,12106181885.17,7547436315.45,7214246577.35,10939962136.35,6317887257.30,5390147188.69,5087495119.69,4850621340.85,6079402903.92,5495795505.99,4561849607.21,4532402642.81,4153820109.76,4103913996.45,4033279982.14,3783251332.74,3689779226.32,3593566315.07,3341710162.08,2807175580.44,2785571916.10,2592566677.51,2177880673.11,1919780792.08,1495123022.30,968625671.86,922904165.38,405398656.42,311137002.25,303892952.73,207884352.89,234349840.46,244969594.09,523696836.08,533962427.61,604406883.65,167863689.30,206622873.83,124208060.00,159232550.77,142891323.74,163360044.37,144144581.25,166065290.46,0.0
81,所有者权益,,,,,,,,,,,,,,,,,,,,,,,,,,,,,,,,,,,,,,,,,,,,,,,,,,,,,,,,,,,,,,,,,,,,,,,,,,,,,,,
82,实收资本(或股本),1472706817.00,1472706817.00,1472706817.00,1472706817.00,1472706817.00,1472706817.00,1472706817.00,1472706817.00,1472706817.00,1472706817.00,1472706817.00,1472706817.00,1472706817.00,1472706817.00,1472706817.00,1472706817.00,1472706817.00,1472706817.00,868664386.00,868664386.00,868664386.00,868664386.00,868664386.00,868664386.00,434332193.00,340600000.00,340600000.00,340600000.00,340600000.00,340600000.00,340600000.00,340600000.00,340600000.00,340600000.00,340600000.00,340600000.00,340600000.00,340600000.00,340600000.00,340600000.00,340600000.00,340600000.00,340600000.00,340600000.00,340600000.00,340600000.00,340600000.00,340600000.00,340600000.00,340600000.00,340600000.00,262000000.00,262000000.00,262000000.00,262000000.00,221000000.00,221000000.00,221000000.00,221000000.00,221000000.00,221000000.00,221000000.00,221000000.00,221000000.00,130000000.00,130000000.00,130000000.00,130000000.00,130000000.00,130000000.00,130000000.00,130000000.00,130000000.00,130000000.00,130000000.00,85000000.00,85000000.00,85000000.00,0.0
83,资本公积,1351939580.02,1351939580.02,1351031865.58,1351031865.58,1347061840.31,1347061840.31,1351653100.45,1344884378.06,1350273704.26,1347408880.80,1349806522.95,1367699370.80,1357959370.80,1348998304.80,1373853481.64,1367733481.64,1339974030.35,1339974030.37,482635393.68,482635393.68,471595393.68,460075393.68,491399065.91,459107712.51,676273809.01,196403798.94,197026213.36,197026213.36,197026213.36,195159613.36,196382217.70,196382217.70,196382217.70,196382217.70,199820783.98,314954783.98,314954783.98,574954783.98,305325983.98,305325983.98,305325983.98,305325983.98,305325983.98,305325983.98,305325983.98,305325983.98,305325983.98,305325983.98,305325983.98,305325983.98,304750343.98,383350343.98,383350343.98,383350343.98,383314099.98,171814099.98,171814099.98,171814099.98,171814099.98,176684894.39,176684894.39,171814099.98,176684894.39,176684894.39,241684894.39,241684894.39,242055158.83,242055158.83,242055158.83,241684894.39,228335247.11,228335247.11,0,235074404.42,234254404.42,55440.11,55440.11,2445.71,0.0
84,减：库存股,0,0,0,0,0,0,0,0,0,0,0,0,0,0,0,0,0,0,0,0,0,0,0,0,0,0,0,0,0,0,0,0,0,0,0,0,0,0,0,0,0,0,0,0,0,0,0,0,0,0,0,0,0,0,0,0,0,0,0,0,0,0,0,0,0,0,0,0,0,0,0,0,0,0,0,0,0,0,0.0
85,其他综合收益,-5462990.00,-5462990.00,-4872990.00,-4872990.00,-4892990.00,-4892990.00,-4162990.00,-4162990.00,27010.00,27010.00,5147010.00,5147010.00,-872990.00,-872990.00,-2362990.00,-2362990.00,-2362990.00,-2362990.00,0,0,0,0,0,0,0,0,0,0,0,0,0,0,0,0,0,0,0,0,0,0,0,0,0,0,0,0,0,0,0,0,0,0,0,0,0,0,0,0,0,0,0,0,0,0,0,0,0,0,0,0,0,0,0,0,0,0,0,0,0.0
86,专项储备,0,0,0,0,0,0,0,0,0,0,0,0,0,0,0,0,0,0,0,0,0,0,0,0,0,0,0,0,0,0,0,0,0,0,0,24495146.81,22988037.45,20591111.20,27653124.14,29185648.43,23351143.29,23351143.29,26537610.34,19299979.34,0,0,0,0,0,0,0,0,0,0,0,0,0,0,0,0,0,0,0,0,0,0,0,0,0,0,0,0,0,0,0,0,0,0,0.0
87,盈余公积,136729413.89,136729413.89,136729413.89,136729413.89,136729413.89,136729413.89,136729413.89,136729413.89,136729413.89,136729413.89,136729413.89,136729413.89,136729413.89,136729413.89,129428910.47,129428910.47,129428910.47,129428910.47,106644120.66,106644120.66,106644120.66,106644120.66,73850467.51,73850467.51,73850467.51,73850467.51,67974787.97,67974787.97,67974787.97,67974787.97,60514473.87,60514473.87,60514473.87,60514473.87,54079821.10,54079821.10,54079821.10,54079821.10,54079821.10,54079821.10,54079821.10,54079821.10,57313117.98,57313117.98,57313117.98,57313117.98,50987939.50,50987939.50,50987939.50,50987939.50,50854016.85,50854016.85,50350368.82,49192647.90,39092184.83,39092184.83,39092184.83,39092184.83,28515890.43,28515890.43,28515890.43,28763104.67,19893315.11,20257602.21,20257602.21,19893315.11,12401640.95,12401640.95,19606369.06,19606369.05,15093488.64,15093488.64,0,14910906.80,9684738.58,9120418.80,5319737.03,1488367.08,0.0
88,一般风险准备,0,0,0,0,0,0,0,0,0,0,0,0,0,0,0,0,0,0,0,0,0,0,0,0,0,0,0,0,0,0,0,0,0,0,0,0,0,0,0,0,0,0,0,0,0,0,0,0,0,0,0,0,0,0,0,0,0,0,0,0,0,0,0,0,0,0,0,0,0,0,0,0,0,0,0,0,0,0,0.0
89,未分配利润,-730634508.47,-918477722.52,-1034952787.74,-985985181.99,-899739528.90,-987392206.88,-693313848.05,-443920031.99,-245743417.37,-258745433.74,328983661.67,515978547.23,597279016.50,644293887.65,837052176.20,888148509.11,854803389.60,711150775.35,686809722.88,814567380.60,810198372.08,670937973.40,714883767.71,646001636.41,916226854.79,709087209.93,685329739.07,645263583.89,615087919.15,533129130.39,516675678.35,491790755.63,482591068.09,440491654.54,397529415.82,344444504.99,320640896.20,323326231.04,345657648.85,331290600.99,338374580.27,316844683.50,297781165.03,284675971.54,312127142.58,283131777.60,288236626.53,308212145.43,322611934.55,281426098.33,262339934.78,237497968.30,225200549.52,166511299.26,133667292.82,132767938.61,129747501.99,115916571.75,100287664.86,95878811.63,101076320.11,81541541.44,74128711.40,72126652.94,94041935.62,64622287.72,53614665.49,50697229.44,69078123.32,50705487.81,35580887.09,37460685.49,0,24663002.58,19151584.49,9773176.33,7605354.01,303876.07,0.0
90,归属于母公司股东权益合计,2225278312.44,2037435098.39,1920642318.73,1969609924.48,2051865552.30,1964212874.32,2263612493.29,2506237586.96,2713993527.78,2698126687.95,3293373425.51,3498261158.92,3563801628.19,3601855433.34,3810678395.31,3855654728.22,3794550157.42,3650897543.19,2144753623.22,2272511280.94,2257102272.42,2106321873.74,2148797687.13,2047624202.43,2100683324.31,1319941476.38,1290930740.40,1250864585.22,1220688920.48,1136863531.72,1114172369.92,1089287447.20,1080087759.66,1037988346.11,992030020.90,1078574256.88,1053263538.73,1313551947.32,1073316578.07,1060482054.50,1061731528.64,1040201631.87,1027557877.33,1007215052.84,1015366244.54,986370879.56,985150550.01,1005126068.91,1019525858.03,978340021.81,958544295.61,933702329.13,920901262.32,861054291.14,818073577.63,564674223.42,561653786.80,547822856.56,521617655.27,522079596.45,527277104.93,503118746.09,491706920.90,490069149.54,492484432.22,462700497.22,438071465.27,435154029.22,460739651.21,441996751.25,409009622.84,410889421.24,411738880.00,398561234.50,393090727.49,103949035.24,97980531.15,86794688.86,0.0
91,少数股东权益,314010057.52,322399995.80,510720283.21,514701200.06,522312451.75,538508320.62,654219673.80,680295230.14,683290657.84,698829826.68,803456019.94,794805511.03,772760805.14,782165019.99,791447338.62,830184591.69,784417122.20,775074741.46,944269203.70,945401554.27,878409357.60,861784586.39,858989302.92,1019565242.80,964868683.72,917707500.44,911553903.67,901049889.58,850422439.11,834479323.19,798131195.46,764858475.71,833029535.93,823762729.98,783853800.17,349145679.71,373661495.76,703540635.77,374003612.12,367413950.92,359468970.21,351288529.28,650295084.69,610822720.25,562118622.39,536759555.41,529947797.23,499868725.03,472876434.75,493543501.22,410097949.68,390772406.72,337995072.56,225067061.68,205576580.30,155978325.18,152332543.78,153869871.42,94113186.40,66523198.88,40295240.97,38911661.10,37583646.93,32345920.08,25738798.35,19802577.47,9310000.00,289959605.84,314352759.72,282855304.17,0,0,0,0,0,0,0,0,0.0
92,所有者权益(或股东权益)合计,2539288369.96,2359835094.19,2431362601.94,2484311124.54,2574178004.05,2502721194.94,2917832167.09,3186532817.10,3397284185.62,3396956514.63,4096829445.45,4293066669.95,4336562433.33,4384020453.33,4602125733.93,4685839319.91,4578967279.62,4425972284.65,3089022826.92,3217912835.21,3135511630.02,2968106460.13,3007786990.05,3067189445.23,3065552008.03,2237648976.82,2202484644.07,2151914474.80,2071111359.59,1971342854.91,1912303565.38,1854145922.91,1913117295.59,1861751076.09,1775883821.07,1427719936.59,1426925034.49,2017092583.09,1447320190.19,1427896005.42,1421200498.85,1391490161.15,1677852962.02,1618037773.09,1577484866.93,1523130434.97,1515098347.24,1504994793.94,1492402292.78,1471883523.03,1368642245.29,1324474735.85,1258896334.88,1086121352.82,1023650157.93,720652548.60,713986330.58,701692727.98,615730841.67,588602795.33,567572345.90,542030407.19,529290567.83,522415069.62,518223230.57,482503074.69,447381465.27,725113635.06,775092410.93,724852055.42,409009622.84,410889421.24,0,398561234.50,393090727.49,103949035.24,97980531.15,86794688.86,0.0
93,负债和所有者权益(或股东权益)总计,19556254812.75,19305191766.37,20053664893.27,19566105452.24,19757420653.02,20106044859.29,20299674756.86,20291949343.75,20037717702.48,20328955517.64,20550148678.95,20249356408.15,20175591058.14,20407907371.20,20229414324.12,20311143212.40,20025410126.61,20229754613.35,15353369612.03,14934219574.97,14941949309.61,15010808767.05,15297460017.41,15169442267.69,15393738398.61,14932584216.39,15022797059.39,14949376114.71,14984563921.11,14781156177.37,14453561453.48,14314542409.04,14273356455.89,13997215038.45,13882065706.24,8975156252.04,8641171611.84,12957054719.44,7765207447.49,6818043194.11,6508695618.54,6242111502.00,7757255865.94,7113833279.08,6139334474.14,6055533077.78,5668918457.00,5608908790.39,5525682274.92,5255134855.77,5058421471.61,4918041050.92,4600606496.96,3893296933.26,3809222074.03,3313219226.11,2891867003.69,2621473520.06,2110853863.97,1557228467.19,1490476511.28,947429063.61,840427570.08,826308022.35,726107583.46,716852915.15,692351059.36,1248810471.14,1309054838.54,1329258939.07,576873312.14,617512295.07,535946940.00,563880864.57,535982051.23,267309079.61,242125112.40,252859979.32,0.0
